43.124841,0.751225,1970/01/01 01:09:33,0,184.2,0.000000
43.124786,0.750590,1970/01/01 01:09:35,0,93.6,0.051995
43.124715,0.749952,1970/01/01 01:09:37,0,94.4,0.104428
43.124630,0.749332,1970/01/01 01:09:38,0,184.4,0.155641
43.124541,0.748703,1970/01/01 01:09:40,0,93.8,0.207756
43.124455,0.748094,1970/01/01 01:09:42,0,90.7,0.258118
43.124354,0.747441,1970/01/01 01:09:44,0,97.6,0.312363
43.124250,0.746802,1970/01/01 01:09:46,0,95.7,0.365556
43.124140,0.746143,1970/01/01 01:09:47,0,197.6,0.420456
43.124033,0.745495,1970/01/01 01:09:49,0,97.2,0.474436
43.123918,0.744845,1970/01/01 01:09:51,0,97.9,0.528804
43.123802,0.744187,1970/01/01 01:09:53,0,99.0,0.583777
43.123689,0.743536,1970/01/01 01:09:55,0,97.9,0.638171
43.123591,0.742929,1970/01/01 01:09:56,0,181.8,0.688674
43.123503,0.742267,1970/01/01 01:09:58,0,98.5,0.743393
43.123431,0.741642,1970/01/01 01:10:00,0,92.4,0.794732
43.123368,0.741023,1970/01/01 01:10:01,0,183.1,0.845586
43.123313,0.740398,1970/01/01 01:10:03,0,92.1,0.896736
43.123267,0.739756,1970/01/01 01:10:05,0,94.2,0.949087
43.123236,0.739129,1970/01/01 01:10:06,0,183.8,1.000131
43.123214,0.738458,1970/01/01 01:10:08,0,98.3,1.054747
43.123216,0.737782,1970/01/01 01:10:10,0,98.9,1.109671
43.123238,0.737141,1970/01/01 01:10:11,0,187.6,1.161782
43.123277,0.736495,1970/01/01 01:10:13,0,94.9,1.214490
43.123321,0.735832,1970/01/01 01:10:15,0,97.4,1.268592
43.123375,0.735202,1970/01/01 01:10:16,0,185.5,1.320131
43.123445,0.734548,1970/01/01 01:10:18,0,96.7,1.373842
43.123531,0.733905,1970/01/01 01:10:20,0,95.5,1.426892
43.123628,0.733286,1970/01/01 01:10:21,0,185.2,1.478333
43.123746,0.732656,1970/01/01 01:10:23,0,95.1,1.531179
43.123868,0.732025,1970/01/01 01:10:25,0,95.6,1.584274
43.123984,0.731413,1970/01/01 01:10:26,0,184.8,1.635617
43.124102,0.730782,1970/01/01 01:10:28,0,95.2,1.688520
43.124221,0.730147,1970/01/01 01:10:30,0,95.9,1.741782
43.124339,0.729534,1970/01/01 01:10:31,0,185.5,1.793322
43.124445,0.728916,1970/01/01 01:10:33,0,92.8,1.844900
43.124538,0.728283,1970/01/01 01:10:35,0,94.5,1.897372
43.124607,0.727664,1970/01/01 01:10:36,0,183.0,1.948218
43.124663,0.727045,1970/01/01 01:10:38,0,91.3,1.998942
43.124701,0.726424,1970/01/01 01:10:40,0,91.1,2.049542
43.124729,0.725752,1970/01/01 01:10:42,0,98.4,2.104201
43.124738,0.725133,1970/01/01 01:10:43,0,181.1,2.154518
43.124730,0.724501,1970/01/01 01:10:45,0,92.4,2.205857
43.124704,0.723830,1970/01/01 01:10:47,0,98.3,2.260477
43.124662,0.723154,1970/01/01 01:10:49,0,99.3,2.315629
43.124611,0.722486,1970/01/01 01:10:51,0,98.2,2.370186
43.124538,0.721820,1970/01/01 01:10:52,0,196.8,2.424866
43.124444,0.721155,1970/01/01 01:10:54,0,99.2,2.479954
43.124337,0.720499,1970/01/01 01:10:56,0,98.3,2.534553
43.124222,0.719851,1970/01/01 01:10:58,0,97.6,2.588763
43.124097,0.719205,1970/01/01 01:11:00,0,97.7,2.643031
43.123970,0.718610,1970/01/01 01:11:01,0,181.5,2.693434
43.123819,0.717968,1970/01/01 01:11:03,0,98.6,2.748202
43.123668,0.717379,1970/01/01 01:11:05,0,91.3,2.798933
43.123518,0.716790,1970/01/01 01:11:06,0,182.6,2.849658
43.123372,0.716190,1970/01/01 01:11:08,0,92.4,2.900998
43.123231,0.715599,1970/01/01 01:11:10,0,90.9,2.951477
43.123089,0.715009,1970/01/01 01:11:11,0,181.9,3.002002
43.122941,0.714407,1970/01/01 01:11:13,0,92.8,3.053572
43.122788,0.713812,1970/01/01 01:11:15,0,92.4,3.104910
43.122637,0.713222,1970/01/01 01:11:16,0,182.8,3.155675
43.122492,0.712615,1970/01/01 01:11:18,0,93.4,3.207558
43.122342,0.712001,1970/01/01 01:11:20,0,94.7,3.260170
43.122204,0.711395,1970/01/01 01:11:21,0,185.7,3.311754
43.122072,0.710788,1970/01/01 01:11:23,0,92.7,3.363250
43.121949,0.710167,1970/01/01 01:11:25,0,94.0,3.415496
43.121830,0.709558,1970/01/01 01:11:26,0,184.6,3.466767
43.121716,0.708919,1970/01/01 01:11:28,0,96.1,3.520173
43.121603,0.708274,1970/01/01 01:11:30,0,97.0,3.574068
43.121494,0.707648,1970/01/01 01:11:31,0,188.2,3.626334
43.121376,0.706997,1970/01/01 01:11:33,0,98.2,3.680910
43.121264,0.706350,1970/01/01 01:11:35,0,97.1,3.734865
43.121153,0.705727,1970/01/01 01:11:36,0,187.7,3.786997
43.121040,0.705119,1970/01/01 01:11:38,0,91.7,3.837948
43.120917,0.704517,1970/01/01 01:11:40,0,91.5,3.888770
43.120780,0.703887,1970/01/01 01:11:41,0,192.2,3.942154
43.120647,0.703278,1970/01/01 01:11:43,0,93.0,3.993827
43.120498,0.702645,1970/01/01 01:11:44,0,194.5,4.047868
43.120336,0.702020,1970/01/01 01:11:46,0,97.0,4.101765
43.120171,0.701396,1970/01/01 01:11:47,0,194.0,4.155656
43.119986,0.700780,1970/01/01 01:11:49,0,97.5,4.209807
43.119803,0.700183,1970/01/01 01:11:51,0,94.7,4.262429
43.119615,0.699614,1970/01/01 01:11:52,0,182.6,4.313160
43.119421,0.698997,1970/01/01 01:11:53,0,196.5,4.367757
43.119216,0.698386,1970/01/01 01:11:55,0,98.4,4.422432
43.119012,0.697775,1970/01/01 01:11:57,0,98.2,4.476987
43.118811,0.697168,1970/01/01 01:11:58,0,195.0,4.531141
43.118616,0.696585,1970/01/01 01:12:00,0,93.8,4.583239
43.118414,0.695988,1970/01/01 01:12:01,0,192.7,4.636757
43.118217,0.695400,1970/01/01 01:12:03,0,94.6,4.689308
43.118031,0.694829,1970/01/01 01:12:05,0,91.5,4.740122
43.117834,0.694232,1970/01/01 01:12:06,0,191.5,4.793323
43.117640,0.693652,1970/01/01 01:12:08,0,93.4,4.845230
43.117442,0.693040,1970/01/01 01:12:09,0,195.7,4.899589
43.117255,0.692431,1970/01/01 01:12:11,0,96.7,4.953309
43.117073,0.691808,1970/01/01 01:12:12,0,196.1,5.007770
43.116901,0.691195,1970/01/01 01:12:14,0,96.1,5.061136
43.116740,0.690590,1970/01/01 01:12:16,0,94.3,5.113501
43.116581,0.689962,1970/01/01 01:12:17,0,194.4,5.167495
43.116440,0.689330,1970/01/01 01:12:19,0,96.7,5.221206
43.116300,0.688688,1970/01/01 01:12:20,0,196.1,5.275685
43.116174,0.688061,1970/01/01 01:12:22,0,95.1,5.328531
43.116057,0.687418,1970/01/01 01:12:23,0,193.7,5.382327
43.115950,0.686775,1970/01/01 01:12:25,0,96.5,5.435918
43.115843,0.686135,1970/01/01 01:12:27,0,96.1,5.489299
43.115747,0.685487,1970/01/01 01:12:28,0,193.3,5.543005
43.115665,0.684855,1970/01/01 01:12:30,0,93.9,5.595156
43.115576,0.684210,1970/01/01 01:12:31,0,192.3,5.648568
43.115490,0.683578,1970/01/01 01:12:33,0,94.0,5.700802
43.115416,0.682931,1970/01/01 01:12:34,0,191.6,5.754034
43.115335,0.682263,1970/01/01 01:12:36,0,99.0,5.809029
43.115258,0.681650,1970/01/01 01:12:38,0,90.9,5.859528
43.115171,0.681013,1970/01/01 01:12:39,0,189.8,5.912244
43.115092,0.680387,1970/01/01 01:12:41,0,92.9,5.963876
43.115012,0.679747,1970/01/01 01:12:42,0,189.8,6.016596
43.114926,0.679128,1970/01/01 01:12:44,0,92.1,6.067788
43.114844,0.678512,1970/01/01 01:12:46,0,91.6,6.118699
43.114768,0.677871,1970/01/01 01:12:47,0,189.9,6.171450
43.114689,0.677211,1970/01/01 01:12:49,0,97.9,6.225828
43.114606,0.676573,1970/01/01 01:12:50,0,189.6,6.278505
43.114526,0.675962,1970/01/01 01:12:52,0,90.8,6.328956
43.114440,0.675337,1970/01/01 01:12:54,0,93.0,6.380608
43.114365,0.674688,1970/01/01 01:12:55,0,192.3,6.434014
43.114298,0.674054,1970/01/01 01:12:57,0,93.7,6.486075
43.114241,0.673400,1970/01/01 01:12:58,0,192.5,6.539553
43.114196,0.672754,1970/01/01 01:13:00,0,94.9,6.592295
43.114154,0.672091,1970/01/01 01:13:01,0,194.7,6.646377
43.114124,0.671446,1970/01/01 01:13:03,0,94.6,6.698941
43.114103,0.670809,1970/01/01 01:13:05,0,93.2,6.750736
43.114086,0.670153,1970/01/01 01:13:06,0,192.0,6.804080
43.114079,0.669527,1970/01/01 01:13:08,0,91.5,6.854915
43.114078,0.668866,1970/01/01 01:13:09,0,193.4,6.908637
43.114090,0.668246,1970/01/01 01:13:11,0,90.8,6.959064
43.114111,0.667589,1970/01/01 01:13:12,0,192.3,7.012490
43.114141,0.666955,1970/01/01 01:13:14,0,93.0,7.064152
43.114174,0.666313,1970/01/01 01:13:16,0,94.1,7.116437
43.114203,0.665655,1970/01/01 01:13:17,0,192.7,7.169970
43.114241,0.665015,1970/01/01 01:13:19,0,94.0,7.222198
43.114290,0.664365,1970/01/01 01:13:20,0,191.1,7.275290
43.114338,0.663750,1970/01/01 01:13:22,0,90.5,7.325584
43.114381,0.663104,1970/01/01 01:13:23,0,189.6,7.378258
43.114432,0.662460,1970/01/01 01:13:25,0,94.7,7.430869
43.114489,0.661817,1970/01/01 01:13:27,0,94.8,7.483548
43.114540,0.661194,1970/01/01 01:13:28,0,183.4,7.534496
43.114583,0.660553,1970/01/01 01:13:30,0,94.1,7.586791
43.114624,0.659905,1970/01/01 01:13:32,0,95.1,7.639600
43.114663,0.659286,1970/01/01 01:13:33,0,181.9,7.690129
43.114708,0.658648,1970/01/01 01:13:35,0,93.8,7.742220
43.114756,0.658019,1970/01/01 01:13:37,0,92.5,7.793620
43.114821,0.657358,1970/01/01 01:13:39,0,97.5,7.847806
43.114875,0.656741,1970/01/01 01:13:40,0,181.8,7.898297
43.114919,0.656113,1970/01/01 01:13:42,0,92.3,7.949550
43.114972,0.655484,1970/01/01 01:13:44,0,92.7,8.001048
43.115021,0.654867,1970/01/01 01:13:45,0,181.4,8.051426
43.115072,0.654191,1970/01/01 01:13:47,0,99.5,8.106685
43.115117,0.653561,1970/01/01 01:13:49,0,92.6,8.158107
43.115149,0.652943,1970/01/01 01:13:50,0,181.4,8.208492
43.115170,0.652309,1970/01/01 01:13:52,0,92.8,8.260042
43.115184,0.651667,1970/01/01 01:13:54,0,94.0,8.312238
43.115192,0.651028,1970/01/01 01:13:55,0,187.0,8.364179
43.115193,0.650377,1970/01/01 01:13:57,0,95.2,8.417080
43.115186,0.649728,1970/01/01 01:13:59,0,94.9,8.469819
43.115185,0.649094,1970/01/01 01:14:00,0,185.5,8.521349
43.115181,0.648460,1970/01/01 01:14:02,0,92.7,8.572864
43.115168,0.647826,1970/01/01 01:14:04,0,92.7,8.624389
43.115142,0.647195,1970/01/01 01:14:05,0,184.8,8.675714
43.115114,0.646554,1970/01/01 01:14:07,0,94.0,8.727954
43.115066,0.645896,1970/01/01 01:14:09,0,96.6,8.781633
43.115016,0.645275,1970/01/01 01:14:10,0,183.0,8.832457
43.114965,0.644613,1970/01/01 01:14:12,0,97.3,8.886499
43.114901,0.643971,1970/01/01 01:14:14,0,94.8,8.939150
43.114831,0.643332,1970/01/01 01:14:15,0,189.2,8.991701
43.114767,0.642688,1970/01/01 01:14:17,0,95.1,9.044535
43.114686,0.642038,1970/01/01 01:14:19,0,96.4,9.098100
43.114601,0.641403,1970/01/01 01:14:20,0,188.8,9.150557
43.114507,0.640750,1970/01/01 01:14:22,0,97.3,9.204629
43.114402,0.640096,1970/01/01 01:14:24,0,98.0,9.259055
43.114297,0.639469,1970/01/01 01:14:25,0,188.2,9.311326
43.114191,0.638819,1970/01/01 01:14:27,0,97.5,9.365479
43.114081,0.638170,1970/01/01 01:14:29,0,97.5,9.419621
43.113964,0.637553,1970/01/01 01:14:30,0,186.5,9.471418
43.113841,0.636896,1970/01/01 01:14:32,0,99.1,9.526487
43.113718,0.636244,1970/01/01 01:14:34,0,98.6,9.581286
43.113601,0.635622,1970/01/01 01:14:35,0,187.7,9.633435
43.113481,0.634981,1970/01/01 01:14:37,0,96.8,9.687235
43.113358,0.634349,1970/01/01 01:14:39,0,95.6,9.740334
43.113228,0.633727,1970/01/01 01:14:40,0,189.4,9.792958
43.113107,0.633117,1970/01/01 01:14:42,0,92.5,9.844331
43.112995,0.632516,1970/01/01 01:14:44,0,90.7,9.894716
43.112867,0.631893,1970/01/01 01:14:45,0,189.4,9.947325
43.112746,0.631288,1970/01/01 01:14:47,0,91.8,9.998311
43.112621,0.630661,1970/01/01 01:14:48,0,190.1,10.051113
43.112503,0.630045,1970/01/01 01:14:50,0,93.1,10.102828
43.112378,0.629419,1970/01/01 01:14:51,0,189.8,10.155563
43.112260,0.628821,1970/01/01 01:14:53,0,90.7,10.205962
43.112124,0.628167,1970/01/01 01:14:55,0,99.5,10.261226
43.111997,0.627541,1970/01/01 01:14:56,0,190.0,10.313990
43.111872,0.626910,1970/01/01 01:14:58,0,95.7,10.367144
43.111742,0.626265,1970/01/01 01:15:00,0,97.9,10.421536
43.111616,0.625654,1970/01/01 01:15:01,0,185.6,10.473085
43.111484,0.625021,1970/01/01 01:15:03,0,96.4,10.526616
43.111354,0.624400,1970/01/01 01:15:05,0,94.5,10.579101
43.111217,0.623750,1970/01/01 01:15:06,0,198.1,10.634119
43.111088,0.623151,1970/01/01 01:15:08,0,91.3,10.684841
43.110953,0.622547,1970/01/01 01:15:10,0,92.4,10.736159
43.110815,0.621902,1970/01/01 01:15:12,0,98.3,10.790789
43.110668,0.621263,1970/01/01 01:15:13,0,196.1,10.845261
43.110525,0.620671,1970/01/01 01:15:15,0,91.2,10.895949
43.110373,0.620029,1970/01/01 01:15:17,0,98.7,10.950788
43.110228,0.619380,1970/01/01 01:15:19,0,99.3,11.005953
43.110089,0.618791,1970/01/01 01:15:20,0,181.1,11.056247
43.109933,0.618147,1970/01/01 01:15:22,0,99.2,11.111362
43.109773,0.617505,1970/01/01 01:15:24,0,99.3,11.166535
43.109628,0.616912,1970/01/01 01:15:26,0,91.5,11.217363
43.109479,0.616322,1970/01/01 01:15:28,0,91.3,11.268063
43.109319,0.615737,1970/01/01 01:15:29,0,182.9,11.318869
43.109148,0.615142,1970/01/01 01:15:31,0,93.4,11.370760
43.108986,0.614554,1970/01/01 01:15:32,0,184.0,11.421867
43.108808,0.613940,1970/01/01 01:15:34,0,96.7,11.475562
43.108638,0.613355,1970/01/01 01:15:36,0,92.0,11.526694
43.108467,0.612777,1970/01/01 01:15:37,0,182.5,11.577389
43.108293,0.612194,1970/01/01 01:15:39,0,92.1,11.628582
43.108113,0.611576,1970/01/01 01:15:41,0,97.3,11.682661
43.107936,0.611007,1970/01/01 01:15:43,0,90.6,11.732977
43.107745,0.610390,1970/01/01 01:15:45,0,98.0,11.787415
43.107560,0.609778,1970/01/01 01:15:46,0,193.7,11.841228
43.107382,0.609174,1970/01/01 01:15:48,0,95.4,11.894210
43.107202,0.608560,1970/01/01 01:15:50,0,96.7,11.947916
43.107027,0.607947,1970/01/01 01:15:52,0,96.3,12.001443
43.106851,0.607338,1970/01/01 01:15:54,0,95.9,12.054719
43.106675,0.606726,1970/01/01 01:15:56,0,96.2,12.108140
43.106508,0.606145,1970/01/01 01:15:57,0,182.8,12.158905
43.106338,0.605556,1970/01/01 01:15:59,0,92.5,12.210320
43.106177,0.604958,1970/01/01 01:16:00,0,186.6,12.262158
43.106015,0.604334,1970/01/01 01:16:02,0,96.9,12.315985
43.105853,0.603705,1970/01/01 01:16:04,0,97.5,12.370154
43.105709,0.603101,1970/01/01 01:16:05,0,186.0,12.421808
43.105567,0.602478,1970/01/01 01:16:07,0,95.5,12.474846
43.105431,0.601853,1970/01/01 01:16:09,0,95.5,12.527899
43.105299,0.601245,1970/01/01 01:16:10,0,185.4,12.579387
43.105163,0.600620,1970/01/01 01:16:12,0,95.4,12.632408
43.105020,0.599992,1970/01/01 01:16:14,0,96.2,12.685858
43.104882,0.599391,1970/01/01 01:16:15,0,184.4,12.737085
43.104731,0.598771,1970/01/01 01:16:17,0,95.7,12.790262
43.104591,0.598163,1970/01/01 01:16:19,0,93.3,12.842075
43.104455,0.597572,1970/01/01 01:16:20,0,181.1,12.892371
43.104309,0.596923,1970/01/01 01:16:22,0,99.5,12.947652
43.104161,0.596279,1970/01/01 01:16:24,0,98.6,13.002456
43.104025,0.595689,1970/01/01 01:16:26,0,90.5,13.052757
43.103887,0.595091,1970/01/01 01:16:27,0,183.5,13.103731
43.103743,0.594499,1970/01/01 01:16:29,0,91.3,13.154445
43.103600,0.593901,1970/01/01 01:16:31,0,92.1,13.205589
43.103451,0.593263,1970/01/01 01:16:33,0,98.1,13.260062
43.103313,0.592614,1970/01/01 01:16:34,0,197.7,13.314990
43.103174,0.591964,1970/01/01 01:16:36,0,99.1,13.370031
43.103045,0.591326,1970/01/01 01:16:38,0,96.8,13.423815
43.102902,0.590705,1970/01/01 01:16:40,0,95.3,13.476785
43.102755,0.590073,1970/01/01 01:16:42,0,97.0,13.530695
43.102602,0.589432,1970/01/01 01:16:44,0,98.5,13.585438
43.102453,0.588807,1970/01/01 01:16:46,0,96.3,13.638918
43.102308,0.588171,1970/01/01 01:16:47,0,194.9,13.693059
43.102166,0.587582,1970/01/01 01:16:49,0,90.8,13.743516
43.102011,0.586948,1970/01/01 01:16:51,0,97.8,13.797828
43.101845,0.586321,1970/01/01 01:16:53,0,97.6,13.852037
43.101681,0.585709,1970/01/01 01:16:55,0,95.4,13.905025
43.101496,0.585093,1970/01/01 01:16:56,0,195.1,13.959207
43.101301,0.584477,1970/01/01 01:16:58,0,98.2,14.013768
43.101097,0.583891,1970/01/01 01:17:00,0,94.9,14.066514
43.100873,0.583309,1970/01/01 01:17:02,0,96.2,14.119980
43.100635,0.582714,1970/01/01 01:17:04,0,99.2,14.175110
43.100398,0.582177,1970/01/01 01:17:05,0,183.5,14.226092
43.100153,0.581648,1970/01/01 01:17:07,0,91.7,14.277049
43.099903,0.581120,1970/01/01 01:17:09,0,92.1,14.328198
43.099623,0.580558,1970/01/01 01:17:10,0,199.0,14.383482
43.099350,0.580038,1970/01/01 01:17:12,0,93.8,14.435590
43.099074,0.579511,1970/01/01 01:17:14,0,94.9,14.488286
43.098807,0.578984,1970/01/01 01:17:15,0,187.6,14.540388
43.098542,0.578423,1970/01/01 01:17:17,0,97.7,14.594692
43.098293,0.577847,1970/01/01 01:17:19,0,97.9,14.649069
43.098071,0.577281,1970/01/01 01:17:20,0,188.2,14.701345
43.097858,0.576682,1970/01/01 01:17:22,0,97.4,14.755452
43.097669,0.576108,1970/01/01 01:17:24,0,92.2,14.806677
43.097502,0.575509,1970/01/01 01:17:25,0,187.6,14.858794
43.097347,0.574891,1970/01/01 01:17:27,0,95.6,14.911912
43.097200,0.574258,1970/01/01 01:17:29,0,97.1,14.965881
43.097091,0.573652,1970/01/01 01:17:30,0,182.8,15.016658
43.096983,0.573010,1970/01/01 01:17:32,0,96.3,15.070161
43.096910,0.572343,1970/01/01 01:17:34,0,98.7,15.125012
43.096855,0.571703,1970/01/01 01:17:35,0,188.5,15.177369
43.096826,0.571036,1970/01/01 01:17:37,0,97.9,15.231732
43.096808,0.570365,1970/01/01 01:17:39,0,98.1,15.286246
43.096807,0.569723,1970/01/01 01:17:40,0,187.9,15.338435
43.096839,0.569059,1970/01/01 01:17:42,0,97.4,15.392546
43.096888,0.568390,1970/01/01 01:17:44,0,98.4,15.447225
43.096949,0.567754,1970/01/01 01:17:45,0,187.6,15.499325
43.097025,0.567102,1970/01/01 01:17:47,0,96.6,15.553001
43.097103,0.566439,1970/01/01 01:17:49,0,98.3,15.607593
43.097179,0.565808,1970/01/01 01:17:50,0,187.4,15.659644
43.097254,0.565163,1970/01/01 01:17:52,0,95.5,15.712691
43.097321,0.564523,1970/01/01 01:17:54,0,94.6,15.765237
43.097381,0.563901,1970/01/01 01:17:55,0,183.5,15.816198
43.097415,0.563266,1970/01/01 01:17:57,0,93.3,15.868023
43.097439,0.562645,1970/01/01 01:17:59,0,91.0,15.918578
43.097452,0.561976,1970/01/01 01:18:01,0,97.9,15.972939
43.097443,0.561306,1970/01/01 01:18:02,0,196.2,16.027446
43.097415,0.560655,1970/01/01 01:18:04,0,95.4,16.080442
43.097374,0.560027,1970/01/01 01:18:06,0,92.3,16.131698
43.097319,0.559400,1970/01/01 01:18:08,0,92.3,16.182977
43.097250,0.558770,1970/01/01 01:18:10,0,93.2,16.234762
43.097179,0.558139,1970/01/01 01:18:12,0,93.4,16.286677
43.097093,0.557495,1970/01/01 01:18:13,0,191.6,16.339905
43.097009,0.556883,1970/01/01 01:18:15,0,91.2,16.390550
43.096903,0.556265,1970/01/01 01:18:17,0,92.8,16.442079
43.096778,0.555648,1970/01/01 01:18:19,0,93.7,16.494143
43.096640,0.555042,1970/01/01 01:18:21,0,92.9,16.545751
43.096506,0.554451,1970/01/01 01:18:23,0,90.6,16.596063
43.096347,0.553838,1970/01/01 01:18:24,0,190.5,16.648974
43.096170,0.553207,1970/01/01 01:18:26,0,98.9,16.703906
43.096005,0.552623,1970/01/01 01:18:28,0,91.6,16.754818
43.095823,0.551995,1970/01/01 01:18:30,0,98.7,16.809658
43.095639,0.551381,1970/01/01 01:18:32,0,97.2,16.863631
43.095447,0.550764,1970/01/01 01:18:34,0,98.2,16.918192
43.095267,0.550135,1970/01/01 01:18:36,0,98.8,16.973074
43.095093,0.549556,1970/01/01 01:18:38,0,91.7,17.024007
43.094908,0.548935,1970/01/01 01:18:40,0,98.2,17.078534
43.094727,0.548316,1970/01/01 01:18:42,0,97.5,17.132702
43.094542,0.547709,1970/01/01 01:18:44,0,96.2,17.186150
43.094361,0.547083,1970/01/01 01:18:46,0,98.6,17.240901
43.094181,0.546468,1970/01/01 01:18:48,0,97.0,17.294783
43.093999,0.545848,1970/01/01 01:18:50,0,97.7,17.349040
43.093830,0.545231,1970/01/01 01:18:52,0,96.4,17.402607
43.093671,0.544610,1970/01/01 01:18:54,0,96.4,17.456140
43.093519,0.543997,1970/01/01 01:18:56,0,94.7,17.508760
43.093361,0.543361,1970/01/01 01:18:58,0,98.4,17.563405
43.093216,0.542738,1970/01/01 01:19:00,0,95.6,17.616516
43.093080,0.542089,1970/01/01 01:19:02,0,98.8,17.671404
43.092957,0.541492,1970/01/01 01:19:04,0,90.7,17.721807
43.092843,0.540890,1970/01/01 01:19:06,0,91.0,17.772369
43.092746,0.540281,1970/01/01 01:19:08,0,91.3,17.823067
43.092659,0.539640,1970/01/01 01:19:09,0,190.8,17.876058
43.092577,0.539022,1970/01/01 01:19:11,0,92.0,17.927155
43.092491,0.538379,1970/01/01 01:19:13,0,95.6,17.980253
43.092414,0.537737,1970/01/01 01:19:15,0,95.2,18.033117
43.092332,0.537073,1970/01/01 01:19:17,0,98.6,18.087881
43.092259,0.536402,1970/01/01 01:19:18,0,198.7,18.143062
43.092193,0.535775,1970/01/01 01:19:20,0,92.6,18.194501
43.092119,0.535141,1970/01/01 01:19:22,0,94.0,18.246732
43.092051,0.534515,1970/01/01 01:19:23,0,185.4,18.298231
43.091982,0.533859,1970/01/01 01:19:25,0,96.9,18.352036
43.091910,0.533213,1970/01/01 01:19:27,0,95.7,18.405192
43.091836,0.532580,1970/01/01 01:19:28,0,187.7,18.457331
43.091767,0.531919,1970/01/01 01:19:30,0,97.7,18.511618
43.091692,0.531248,1970/01/01 01:19:32,0,99.2,18.566725
43.091617,0.530610,1970/01/01 01:19:33,0,189.3,18.619304
43.091537,0.529942,1970/01/01 01:19:35,0,99.0,18.674310
43.091460,0.529319,1970/01/01 01:19:37,0,92.5,18.725671
43.091385,0.528675,1970/01/01 01:19:38,0,190.9,18.778704
43.091320,0.528062,1970/01/01 01:19:40,0,90.6,18.829021
43.091252,0.527413,1970/01/01 01:19:41,0,191.9,18.882323
43.091190,0.526795,1970/01/01 01:19:43,0,91.4,18.933100
43.091125,0.526122,1970/01/01 01:19:45,0,99.2,18.988237
43.091058,0.525465,1970/01/01 01:19:46,0,194.3,19.042196
43.091003,0.524819,1970/01/01 01:19:48,0,95.2,19.095087
43.090960,0.524166,1970/01/01 01:19:49,0,191.7,19.148331
43.090928,0.523540,1970/01/01 01:19:51,0,91.9,19.199386
43.090901,0.522867,1970/01/01 01:19:53,0,98.7,19.254200
43.090887,0.522216,1970/01/01 01:19:54,0,190.3,19.307069
43.090889,0.521538,1970/01/01 01:19:56,0,99.3,19.362263
43.090915,0.520867,1970/01/01 01:19:58,0,98.3,19.416877
43.090953,0.520222,1970/01/01 01:19:59,0,189.4,19.469477
43.090996,0.519595,1970/01/01 01:20:01,0,92.2,19.520678
43.091047,0.518950,1970/01/01 01:20:02,0,189.7,19.573367
43.091108,0.518276,1970/01/01 01:20:04,0,99.4,19.628611
43.091188,0.517609,1970/01/01 01:20:06,0,98.9,19.683570
43.091263,0.516976,1970/01/01 01:20:07,0,187.7,19.735704
43.091336,0.516316,1970/01/01 01:20:09,0,97.7,19.789963
43.091405,0.515643,1970/01/01 01:20:11,0,99.4,19.845198
43.091464,0.514994,1970/01/01 01:20:12,0,191.2,19.898312
43.091519,0.514367,1970/01/01 01:20:14,0,92.5,19.949697
43.091577,0.513740,1970/01/01 01:20:16,0,92.5,20.001071
43.091645,0.513094,1970/01/01 01:20:17,0,191.1,20.054164
43.091714,0.512465,1970/01/01 01:20:19,0,93.0,20.105831
43.091775,0.511816,1970/01/01 01:20:20,0,191.4,20.159011
43.091835,0.511191,1970/01/01 01:20:22,0,92.2,20.210250
43.091902,0.510546,1970/01/01 01:20:23,0,190.6,20.263199
43.091975,0.509920,1970/01/01 01:20:25,0,92.9,20.314789
43.092059,0.509293,1970/01/01 01:20:27,0,93.2,20.366587
43.092153,0.508644,1970/01/01 01:20:28,0,193.8,20.420410
43.092263,0.508007,1970/01/01 01:20:30,0,95.7,20.473554
43.092385,0.507365,1970/01/01 01:20:31,0,194.4,20.527547
43.092512,0.506753,1970/01/01 01:20:33,0,93.0,20.579210
43.092651,0.506130,1970/01/01 01:20:34,0,190.8,20.632218
43.092796,0.505526,1970/01/01 01:20:36,0,93.0,20.683900
43.092954,0.504920,1970/01/01 01:20:38,0,94.1,20.736176
43.093133,0.504300,1970/01/01 01:20:39,0,195.0,20.790352
43.093331,0.503695,1970/01/01 01:20:41,0,97.0,20.844245
43.093539,0.503094,1970/01/01 01:20:42,0,194.7,20.898334
43.093768,0.502521,1970/01/01 01:20:44,0,95.7,20.951477
43.094023,0.501956,1970/01/01 01:20:45,0,194.2,21.005421
43.094284,0.501419,1970/01/01 01:20:47,0,94.4,21.057888
43.094554,0.500884,1970/01/01 01:20:49,0,95.1,21.110727
43.094835,0.500337,1970/01/01 01:20:50,0,195.6,21.165070
43.095118,0.499806,1970/01/01 01:20:52,0,96.2,21.218541
43.095407,0.499268,1970/01/01 01:20:53,0,195.4,21.272811
43.095688,0.498761,1970/01/01 01:20:55,0,93.1,21.324516
43.095976,0.498245,1970/01/01 01:20:56,0,190.4,21.377407
43.096256,0.497740,1970/01/01 01:20:58,0,92.7,21.428929
43.096527,0.497219,1970/01/01 01:21:00,0,93.5,21.480892
43.096809,0.496682,1970/01/01 01:21:01,0,193.7,21.534703
43.097085,0.496152,1970/01/01 01:21:03,0,95.2,21.587582
43.097353,0.495602,1970/01/01 01:21:04,0,193.5,21.641337
43.097608,0.495053,1970/01/01 01:21:06,0,95.2,21.694218
43.097871,0.494494,1970/01/01 01:21:07,0,194.6,21.748280
43.098124,0.493933,1970/01/01 01:21:09,0,96.4,21.801838
43.098369,0.493360,1970/01/01 01:21:11,0,97.2,21.855833
43.098610,0.492782,1970/01/01 01:21:12,0,194.7,21.909918
43.098840,0.492212,1970/01/01 01:21:14,0,95.4,21.962898
43.099064,0.491627,1970/01/01 01:21:15,0,193.3,22.016586
43.099268,0.491062,1970/01/01 01:21:17,0,92.2,22.067831
43.099472,0.490472,1970/01/01 01:21:18,0,190.8,22.120843
43.099671,0.489892,1970/01/01 01:21:20,0,93.9,22.172988
43.099863,0.489318,1970/01/01 01:21:22,0,92.3,22.224264
43.100059,0.488720,1970/01/01 01:21:23,0,191.8,22.277531
43.100241,0.488118,1970/01/01 01:21:25,0,95.3,22.330500
43.100418,0.487505,1970/01/01 01:21:26,0,193.0,22.384115
43.100591,0.486902,1970/01/01 01:21:28,0,94.8,22.436776
43.100766,0.486279,1970/01/01 01:21:29,0,195.0,22.490955
43.100934,0.485683,1970/01/01 01:21:31,0,93.5,22.542921
43.101098,0.485069,1970/01/01 01:21:33,0,95.7,22.596067
43.101269,0.484455,1970/01/01 01:21:34,0,192.3,22.649470
43.101436,0.483847,1970/01/01 01:21:36,0,95.1,22.702315
43.101610,0.483226,1970/01/01 01:21:37,0,194.5,22.756334
43.101778,0.482619,1970/01/01 01:21:39,0,95.0,22.809101
43.101936,0.481993,1970/01/01 01:21:40,0,193.8,22.862929
43.102106,0.481380,1970/01/01 01:21:42,0,95.9,22.916228
43.102280,0.480778,1970/01/01 01:21:44,0,94.7,22.968858
43.102451,0.480175,1970/01/01 01:21:45,0,189.2,23.021427
43.102613,0.479593,1970/01/01 01:21:47,0,91.1,23.072060
43.102774,0.478984,1970/01/01 01:21:48,0,189.4,23.124662
43.102933,0.478398,1970/01/01 01:21:50,0,91.6,23.175552
43.103100,0.477793,1970/01/01 01:21:51,0,189.1,23.228078
43.103264,0.477162,1970/01/01 01:21:53,0,98.1,23.282556
43.103431,0.476530,1970/01/01 01:21:55,0,98.3,23.337147
43.103599,0.475923,1970/01/01 01:21:56,0,190.1,23.389943
43.103776,0.475297,1970/01/01 01:21:58,0,98.1,23.444454
43.103962,0.474676,1970/01/01 01:22:00,0,98.2,23.499016
43.104140,0.474085,1970/01/01 01:22:01,0,187.0,23.550960
43.104314,0.473510,1970/01/01 01:22:03,0,91.1,23.601594
43.104494,0.472932,1970/01/01 01:22:05,0,91.9,23.652646
43.104686,0.472334,1970/01/01 01:22:06,0,191.0,23.705700
43.104885,0.471721,1970/01/01 01:22:08,0,98.2,23.760245
43.105072,0.471134,1970/01/01 01:22:09,0,187.4,23.812302
43.105274,0.470514,1970/01/01 01:22:11,0,99.4,23.867497
43.105459,0.469947,1970/01/01 01:22:13,0,90.9,23.918000
43.105659,0.469351,1970/01/01 01:22:14,0,191.8,23.971264
43.105855,0.468793,1970/01/01 01:22:16,0,90.6,24.021598
43.106063,0.468207,1970/01/01 01:22:17,0,190.6,24.074532
43.106270,0.467638,1970/01/01 01:22:19,0,93.1,24.126275
43.106475,0.467078,1970/01/01 01:22:21,0,91.6,24.177147
43.106681,0.466505,1970/01/01 01:22:22,0,186.7,24.229009
43.106903,0.465909,1970/01/01 01:22:24,0,97.9,24.283397
43.107105,0.465334,1970/01/01 01:22:25,0,186.9,24.335304
43.107293,0.464738,1970/01/01 01:22:27,0,95.0,24.388076
43.107475,0.464135,1970/01/01 01:22:29,0,95.4,24.441081
43.107644,0.463549,1970/01/01 01:22:30,0,184.4,24.492290
43.107796,0.462956,1970/01/01 01:22:32,0,91.9,24.543324
43.107943,0.462335,1970/01/01 01:22:34,0,95.6,24.596455
43.108074,0.461735,1970/01/01 01:22:35,0,183.1,24.647320
43.108207,0.461081,1970/01/01 01:22:37,0,99.3,24.702491
43.108299,0.460469,1970/01/01 01:22:39,0,91.4,24.753290
43.108389,0.459851,1970/01/01 01:22:41,0,92.2,24.804518
43.108467,0.459234,1970/01/01 01:22:42,0,183.1,24.855392
43.108533,0.458603,1970/01/01 01:22:44,0,93.3,24.907213
43.108585,0.457962,1970/01/01 01:22:46,0,94.4,24.959638
43.108616,0.457329,1970/01/01 01:22:47,0,185.5,25.011162
43.108632,0.456668,1970/01/01 01:22:49,0,96.7,25.064881
43.108635,0.456001,1970/01/01 01:22:51,0,97.6,25.119084
43.108628,0.455360,1970/01/01 01:22:52,0,187.6,25.171183
43.108604,0.454685,1970/01/01 01:22:54,0,98.9,25.226139
43.108568,0.454068,1970/01/01 01:22:56,0,90.6,25.276446
43.108507,0.453423,1970/01/01 01:22:57,0,190.3,25.329295
43.108435,0.452766,1970/01/01 01:22:59,0,97.3,25.383339
43.108361,0.452133,1970/01/01 01:23:00,0,187.3,25.435366
43.108271,0.451527,1970/01/01 01:23:02,0,90.6,25.485675
43.108164,0.450871,1970/01/01 01:23:04,0,98.3,25.540281
43.108058,0.450247,1970/01/01 01:23:05,0,187.3,25.592317
43.107950,0.449588,1970/01/01 01:23:07,0,98.9,25.647260
43.107842,0.448982,1970/01/01 01:23:09,0,91.2,25.697935
43.107731,0.448348,1970/01/01 01:23:10,0,190.8,25.750944
43.107624,0.447737,1970/01/01 01:23:12,0,91.9,25.801986
43.107517,0.447101,1970/01/01 01:23:13,0,190.8,25.854998
43.107414,0.446479,1970/01/01 01:23:15,0,93.4,25.906862
43.107309,0.445842,1970/01/01 01:23:16,0,190.9,25.959899
43.107206,0.445223,1970/01/01 01:23:18,0,92.9,26.011531
43.107096,0.444602,1970/01/01 01:23:20,0,93.5,26.063470
43.106993,0.443960,1970/01/01 01:23:21,0,192.4,26.116910
43.106886,0.443350,1970/01/01 01:23:23,0,91.7,26.167876
43.106787,0.442712,1970/01/01 01:23:24,0,190.7,26.220860
43.106690,0.442102,1970/01/01 01:23:26,0,91.4,26.271622
43.106586,0.441453,1970/01/01 01:23:27,0,194.5,26.325657
43.106482,0.440825,1970/01/01 01:23:29,0,94.2,26.377972
43.106386,0.440214,1970/01/01 01:23:31,0,91.4,26.428758
43.106287,0.439576,1970/01/01 01:23:32,0,190.9,26.481776
43.106195,0.438964,1970/01/01 01:23:34,0,91.4,26.532549
43.106086,0.438328,1970/01/01 01:23:35,0,191.1,26.585640
43.105977,0.437702,1970/01/01 01:23:37,0,94.2,26.637973
43.105865,0.437060,1970/01/01 01:23:38,0,192.9,26.691561
43.105767,0.436446,1970/01/01 01:23:40,0,92.0,26.742663
43.105667,0.435780,1970/01/01 01:23:42,0,99.5,26.797935
43.105565,0.435133,1970/01/01 01:23:43,0,193.7,26.851728
43.105478,0.434512,1970/01/01 01:23:45,0,92.5,26.903090
43.105397,0.433877,1970/01/01 01:23:46,0,188.7,26.955515
43.105307,0.433211,1970/01/01 01:23:48,0,99.1,27.010557
43.105215,0.432545,1970/01/01 01:23:50,0,99.3,27.065697
43.105115,0.431909,1970/01/01 01:23:51,0,190.3,27.118567
43.105010,0.431291,1970/01/01 01:23:53,0,92.8,27.170117
43.104903,0.430678,1970/01/01 01:23:55,0,92.2,27.221323
43.104797,0.430040,1970/01/01 01:23:56,0,191.5,27.274520
43.104704,0.429423,1970/01/01 01:23:58,0,92.1,27.325705
43.104601,0.428782,1970/01/01 01:23:59,0,192.0,27.379035
43.104505,0.428170,1970/01/01 01:24:01,0,91.6,27.429923
43.104403,0.427528,1970/01/01 01:24:02,0,192.3,27.483332
43.104301,0.426906,1970/01/01 01:24:04,0,93.3,27.535183
43.104196,0.426284,1970/01/01 01:24:06,0,93.3,27.587026
43.104097,0.425648,1970/01/01 01:24:07,0,190.3,27.639897
43.103995,0.425027,1970/01/01 01:24:09,0,93.1,27.691635
43.103901,0.424402,1970/01/01 01:24:10,0,186.7,27.743485
43.103795,0.423786,1970/01/01 01:24:12,0,92.5,27.794886
43.103686,0.423156,1970/01/01 01:24:13,0,189.4,27.847501
43.103581,0.422494,1970/01/01 01:24:15,0,99.1,27.902559
43.103470,0.421876,1970/01/01 01:24:17,0,93.1,27.954295
43.103356,0.421231,1970/01/01 01:24:18,0,194.3,28.008254
43.103239,0.420619,1970/01/01 01:24:20,0,92.6,28.059702
43.103121,0.419983,1970/01/01 01:24:21,0,191.9,28.113005
43.102992,0.419385,1970/01/01 01:24:23,0,91.2,28.163671
43.102858,0.418779,1970/01/01 01:24:25,0,92.7,28.215161
43.102721,0.418160,1970/01/01 01:24:26,0,189.2,28.267709
43.102582,0.417569,1970/01/01 01:24:28,0,90.9,28.318233
43.102432,0.416953,1970/01/01 01:24:29,0,190.0,28.371004
43.102266,0.416313,1970/01/01 01:24:31,0,99.3,28.426176
43.102097,0.415684,1970/01/01 01:24:33,0,98.1,28.480691
43.101925,0.415079,1970/01/01 01:24:34,0,189.9,28.533452
43.101756,0.414501,1970/01/01 01:24:36,0,91.0,28.584022
43.101583,0.413897,1970/01/01 01:24:37,0,190.0,28.636794
43.101407,0.413286,1970/01/01 01:24:39,0,96.1,28.690177
43.101239,0.412710,1970/01/01 01:24:41,0,90.7,28.740562
43.101066,0.412114,1970/01/01 01:24:42,0,187.6,28.792683
43.100895,0.411506,1970/01/01 01:24:44,0,95.3,28.845648
43.100738,0.410921,1970/01/01 01:24:46,0,91.2,28.896311
43.100570,0.410306,1970/01/01 01:24:48,0,96.1,28.949683
43.100393,0.409680,1970/01/01 01:24:49,0,196.5,29.004278
43.100228,0.409051,1970/01/01 01:24:51,0,97.7,29.058563
43.100082,0.408411,1970/01/01 01:24:53,0,98.2,29.113097
43.099944,0.407811,1970/01/01 01:24:55,0,92.0,29.164222
43.099824,0.407167,1970/01/01 01:24:57,0,97.2,29.218222
43.099715,0.406566,1970/01/01 01:24:58,0,181.2,29.268549
43.099609,0.405905,1970/01/01 01:25:00,0,99.0,29.323551
43.099528,0.405296,1970/01/01 01:25:02,0,90.7,29.373925
43.099444,0.404625,1970/01/01 01:25:03,0,199.0,29.429203
43.099388,0.403997,1970/01/01 01:25:05,0,92.6,29.480674
43.099335,0.403359,1970/01/01 01:25:07,0,94.0,29.532870
43.099287,0.402737,1970/01/01 01:25:08,0,182.9,29.583684
43.099249,0.402096,1970/01/01 01:25:10,0,94.1,29.635975
43.099225,0.401433,1970/01/01 01:25:12,0,97.1,29.689905
43.099207,0.400792,1970/01/01 01:25:13,0,187.7,29.742036
43.099206,0.400137,1970/01/01 01:25:15,0,95.9,29.795291
43.099218,0.399478,1970/01/01 01:25:17,0,96.4,29.848869
43.099231,0.398835,1970/01/01 01:25:18,0,188.2,29.901144
43.099260,0.398171,1970/01/01 01:25:20,0,97.4,29.955245
43.099293,0.397504,1970/01/01 01:25:22,0,97.7,30.009523
43.099340,0.396870,1970/01/01 01:25:23,0,186.5,30.061341
43.099393,0.396220,1970/01/01 01:25:25,0,95.8,30.114549
43.099454,0.395585,1970/01/01 01:25:27,0,93.6,30.166539
43.099524,0.394961,1970/01/01 01:25:28,0,184.9,30.217893
43.099606,0.394331,1970/01/01 01:25:30,0,93.6,30.269919
43.099696,0.393702,1970/01/01 01:25:32,0,93.7,30.321991
43.099788,0.393086,1970/01/01 01:25:33,0,184.1,30.373116
43.099891,0.392455,1970/01/01 01:25:35,0,94.6,30.425659
43.100003,0.391813,1970/01/01 01:25:37,0,96.5,30.479288
43.100107,0.391197,1970/01/01 01:25:38,0,185.2,30.530720
43.100223,0.390557,1970/01/01 01:25:40,0,96.4,30.584273
43.100329,0.389905,1970/01/01 01:25:42,0,97.9,30.638643
43.100430,0.389274,1970/01/01 01:25:43,0,188.9,30.691117
43.100532,0.388664,1970/01/01 01:25:45,0,91.5,30.741932
43.100626,0.388054,1970/01/01 01:25:47,0,91.3,30.792643
43.100718,0.387416,1970/01/01 01:25:48,0,190.2,30.845472
43.100810,0.386749,1970/01/01 01:25:50,0,99.4,30.900699
43.100882,0.386108,1970/01/01 01:25:51,0,189.7,30.953406
43.100936,0.385490,1970/01/01 01:25:53,0,91.0,31.003941
43.100987,0.384818,1970/01/01 01:25:55,0,99.0,31.058928
43.101011,0.384173,1970/01/01 01:25:56,0,188.9,31.111392
43.101019,0.383497,1970/01/01 01:25:58,0,98.8,31.166298
43.101036,0.382832,1970/01/01 01:26:00,0,97.5,31.220460
43.101045,0.382194,1970/01/01 01:26:01,0,186.4,31.272251
43.101036,0.381528,1970/01/01 01:26:03,0,97.6,31.326460
43.101002,0.380878,1970/01/01 01:26:05,0,95.3,31.379415
43.100963,0.380243,1970/01/01 01:26:06,0,186.5,31.431218
43.100925,0.379591,1970/01/01 01:26:08,0,95.6,31.484354
43.100881,0.378928,1970/01/01 01:26:10,0,97.4,31.538484
43.100835,0.378296,1970/01/01 01:26:11,0,185.8,31.590094
43.100780,0.377627,1970/01/01 01:26:13,0,98.5,31.644839
43.100732,0.376993,1970/01/01 01:26:15,0,93.2,31.696637
43.100684,0.376367,1970/01/01 01:26:16,0,184.0,31.747762
43.100637,0.375724,1970/01/01 01:26:18,0,94.5,31.800275
43.100594,0.375077,1970/01/01 01:26:20,0,95.1,31.853128
43.100549,0.374453,1970/01/01 01:26:21,0,183.3,31.904045
43.100512,0.373818,1970/01/01 01:26:23,0,93.2,31.955844
43.100468,0.373190,1970/01/01 01:26:25,0,92.3,32.007148
43.100436,0.372568,1970/01/01 01:26:26,0,182.4,32.057807
43.100396,0.371930,1970/01/01 01:26:28,0,93.8,32.109890
43.100338,0.371276,1970/01/01 01:26:30,0,96.3,32.163403
43.100279,0.370641,1970/01/01 01:26:31,0,187.3,32.215422
43.100227,0.369984,1970/01/01 01:26:33,0,96.8,32.269196
43.100172,0.369314,1970/01/01 01:26:35,0,98.6,32.323963
43.100126,0.368672,1970/01/01 01:26:36,0,188.8,32.376414
43.100088,0.368047,1970/01/01 01:26:38,0,91.8,32.427394
43.100038,0.367391,1970/01/01 01:26:39,0,192.9,32.480979
43.099992,0.366745,1970/01/01 01:26:41,0,94.9,32.533691
43.099946,0.366113,1970/01/01 01:26:43,0,93.0,32.585352
43.099896,0.365444,1970/01/01 01:26:44,0,196.7,32.639988
43.099857,0.364794,1970/01/01 01:26:46,0,95.5,32.693055
43.099815,0.364137,1970/01/01 01:26:47,0,192.9,32.746638
43.099773,0.363491,1970/01/01 01:26:49,0,94.9,32.799368
43.099722,0.362834,1970/01/01 01:26:50,0,193.2,32.853046
43.099677,0.362197,1970/01/01 01:26:52,0,93.6,32.905042
43.099632,0.361569,1970/01/01 01:26:54,0,92.4,32.956357
43.099580,0.360919,1970/01/01 01:26:55,0,191.2,33.009480
43.099535,0.360298,1970/01/01 01:26:57,0,91.4,33.060253
43.099486,0.359654,1970/01/01 01:26:58,0,189.3,33.112845
43.099441,0.359000,1970/01/01 01:27:00,0,96.1,33.166217
43.099387,0.358346,1970/01/01 01:27:02,0,96.4,33.219761
43.099340,0.357713,1970/01/01 01:27:03,0,186.2,33.271486
43.099292,0.357061,1970/01/01 01:27:05,0,95.8,33.324727
43.099253,0.356414,1970/01/01 01:27:07,0,95.0,33.377523
43.099217,0.355792,1970/01/01 01:27:08,0,182.4,33.428201
43.099182,0.355154,1970/01/01 01:27:10,0,93.7,33.480257
43.099166,0.354531,1970/01/01 01:27:12,0,91.2,33.530934
43.099156,0.353911,1970/01/01 01:27:13,0,181.2,33.581267
43.099151,0.353287,1970/01/01 01:27:15,0,91.3,33.631988
43.099159,0.352612,1970/01/01 01:27:17,0,98.8,33.686899
43.099175,0.351991,1970/01/01 01:27:18,0,181.7,33.737381
43.099201,0.351360,1970/01/01 01:27:20,0,92.5,33.788746
43.099226,0.350720,1970/01/01 01:27:22,0,93.8,33.840854
43.099260,0.350089,1970/01/01 01:27:23,0,185.2,33.892292
43.099305,0.349431,1970/01/01 01:27:25,0,96.7,33.946028
43.099356,0.348770,1970/01/01 01:27:27,0,97.2,34.000055
43.099418,0.348138,1970/01/01 01:27:28,0,186.4,34.051847
43.099495,0.347491,1970/01/01 01:27:30,0,96.0,34.105193
43.099586,0.346835,1970/01/01 01:27:32,0,97.6,34.159423
43.099681,0.346209,1970/01/01 01:27:33,0,187.2,34.211421
43.099807,0.345561,1970/01/01 01:27:35,0,98.2,34.265956
43.099930,0.344964,1970/01/01 01:27:37,0,90.7,34.316359
43.100069,0.344342,1970/01/01 01:27:38,0,190.3,34.369228
43.100226,0.343699,1970/01/01 01:27:40,0,99.2,34.424313
43.100398,0.343071,1970/01/01 01:27:42,0,98.1,34.478831
43.100575,0.342475,1970/01/01 01:27:43,0,188.3,34.531143
43.100776,0.341857,1970/01/01 01:27:45,0,99.0,34.586137
43.100974,0.341297,1970/01/01 01:27:47,0,91.0,34.636693
43.101192,0.340725,1970/01/01 01:27:48,0,188.7,34.689103
43.101428,0.340139,1970/01/01 01:27:50,0,98.0,34.743567
43.101666,0.339594,1970/01/01 01:27:51,0,185.8,34.795176
43.101937,0.339053,1970/01/01 01:27:53,0,96.0,34.848521
43.102228,0.338529,1970/01/01 01:27:55,0,96.3,34.901998
43.102523,0.338032,1970/01/01 01:27:56,0,187.4,34.954063
43.102854,0.337538,1970/01/01 01:27:58,0,98.0,35.008502
43.103165,0.337087,1970/01/01 01:28:00,0,90.7,35.058912
43.103505,0.336624,1970/01/01 01:28:01,0,192.2,35.112302
43.103845,0.336182,1970/01/01 01:28:03,0,94.0,35.164515
43.104209,0.335743,1970/01/01 01:28:04,0,194.4,35.218519
43.104572,0.335319,1970/01/01 01:28:06,0,95.6,35.271616
43.104941,0.334892,1970/01/01 01:28:08,0,96.8,35.325390
43.105319,0.334469,1970/01/01 01:28:09,0,195.7,35.379740
43.105698,0.334056,1970/01/01 01:28:11,0,97.0,35.433632
43.106081,0.333630,1970/01/01 01:28:12,0,197.8,35.488565
43.106421,0.333193,1970/01/01 01:28:14,0,93.4,35.540449
43.106728,0.332715,1970/01/01 01:28:15,0,186.4,35.592225
43.107015,0.332198,1970/01/01 01:28:17,0,94.9,35.644970
43.107260,0.331676,1970/01/01 01:28:19,0,90.9,35.695463
43.107466,0.331076,1970/01/01 01:28:21,0,96.9,35.749307
43.107589,0.330422,1970/01/01 01:28:23,0,98.8,35.804215
43.107619,0.329760,1970/01/01 01:28:25,0,97.0,35.858110
43.107624,0.329130,1970/01/01 01:28:28,0,61.5,35.909322
43.107574,0.328480,1970/01/01 01:28:30,0,95.6,35.962422
43.107503,0.327863,1970/01/01 01:28:32,0,91.4,36.013185
43.107432,0.327217,1970/01/01 01:28:34,0,95.6,36.066294
43.107386,0.326542,1970/01/01 01:28:36,0,99.1,36.121358
43.107383,0.325923,1970/01/01 01:28:38,0,90.6,36.171705
43.107405,0.325283,1970/01/01 01:28:39,0,187.4,36.223755
43.107500,0.324649,1970/01/01 01:28:41,0,94.7,36.276344
43.107640,0.324018,1970/01/01 01:28:43,0,96.5,36.329956
43.107821,0.323443,1970/01/01 01:28:45,0,91.7,36.380889
43.108068,0.322922,1970/01/01 01:28:47,0,90.9,36.431383
43.108371,0.322409,1970/01/01 01:28:49,0,96.4,36.484962
43.108694,0.321938,1970/01/01 01:28:51,0,94.5,36.537476
43.109058,0.321537,1970/01/01 01:28:53,0,93.6,36.589465
43.109496,0.321288,1970/01/01 01:28:55,0,95.1,36.642312
43.109953,0.321089,1970/01/01 01:28:57,0,96.0,36.695667
43.110433,0.320988,1970/01/01 01:28:59,0,97.4,36.749759
43.110890,0.320958,1970/01/01 01:29:01,0,91.6,36.800648
43.111355,0.320960,1970/01/01 01:29:03,0,93.2,36.852422
43.111811,0.320996,1970/01/01 01:29:05,0,91.5,36.903280
43.112278,0.321082,1970/01/01 01:29:06,0,188.9,36.955765
43.112723,0.321211,1970/01/01 01:29:08,0,91.0,37.006323
43.113168,0.321408,1970/01/01 01:29:10,0,93.7,37.058389
43.113623,0.321571,1970/01/01 01:29:11,0,188.6,37.110770
43.114081,0.321587,1970/01/01 01:29:14,0,61.2,37.161780
43.114562,0.321513,1970/01/01 01:29:16,0,97.0,37.215650
43.115042,0.321353,1970/01/01 01:29:18,0,99.0,37.270625
43.115485,0.321188,1970/01/01 01:29:20,0,91.9,37.321708
43.115926,0.321025,1970/01/01 01:29:22,0,91.6,37.372619
43.116388,0.320872,1970/01/01 01:29:24,0,95.2,37.425514
43.116865,0.320749,1970/01/01 01:29:26,0,97.2,37.479535
43.117316,0.320670,1970/01/01 01:29:28,0,91.1,37.530128
43.117772,0.320617,1970/01/01 01:29:30,0,91.8,37.581105
43.118256,0.320602,1970/01/01 01:29:31,0,193.8,37.634951
43.118719,0.320628,1970/01/01 01:29:33,0,92.9,37.686553
43.119210,0.320610,1970/01/01 01:29:35,0,98.4,37.741223
43.119675,0.320569,1970/01/01 01:29:37,0,93.4,37.793108
43.120155,0.320519,1970/01/01 01:29:39,0,96.5,37.846716
43.120642,0.320436,1970/01/01 01:29:40,0,196.8,37.901376
43.121119,0.320331,1970/01/01 01:29:42,0,96.8,37.955156
43.121599,0.320210,1970/01/01 01:29:44,0,97.8,38.009490
43.122079,0.320058,1970/01/01 01:29:46,0,98.6,38.064271
43.122533,0.319887,1970/01/01 01:29:48,0,94.4,38.116731
43.122980,0.319707,1970/01/01 01:29:50,0,93.3,38.168577
43.123439,0.319507,1970/01/01 01:29:51,0,193.1,38.222228
43.123898,0.319303,1970/01/01 01:29:53,0,96.6,38.275900
43.124353,0.319097,1970/01/01 01:29:55,0,96.1,38.329275
43.124802,0.318869,1970/01/01 01:29:57,0,96.0,38.382607
43.125255,0.318630,1970/01/01 01:29:59,0,97.1,38.436563
43.125709,0.318371,1970/01/01 01:30:01,0,98.6,38.491342
43.126159,0.318094,1970/01/01 01:30:02,0,197.5,38.546215
43.126602,0.317806,1970/01/01 01:30:04,0,98.3,38.600824
43.127045,0.317508,1970/01/01 01:30:06,0,98.9,38.655754
43.127450,0.317231,1970/01/01 01:30:08,0,90.7,38.706170
43.127854,0.316949,1970/01/01 01:30:09,0,181.8,38.756667
43.128283,0.316637,1970/01/01 01:30:11,0,97.2,38.810657
43.128708,0.316325,1970/01/01 01:30:13,0,96.7,38.864368
43.129128,0.316033,1970/01/01 01:30:15,0,94.4,38.916818
43.129543,0.315768,1970/01/01 01:30:17,0,91.7,38.967744
43.129976,0.315546,1970/01/01 01:30:19,0,92.7,39.019244
43.130428,0.315343,1970/01/01 01:30:20,0,190.6,39.072179
43.130909,0.315181,1970/01/01 01:30:22,0,99.3,39.127371
43.131363,0.315037,1970/01/01 01:30:24,0,93.3,39.179202
43.131822,0.314905,1970/01/01 01:30:26,0,94.0,39.231418
43.132280,0.314780,1970/01/01 01:30:28,0,93.6,39.283444
43.132740,0.314668,1970/01/01 01:30:30,0,93.6,39.335432
43.133196,0.314552,1970/01/01 01:30:32,0,92.9,39.387039
43.133667,0.314433,1970/01/01 01:30:33,0,192.1,39.440394
43.134125,0.314328,1970/01/01 01:30:35,0,93.0,39.492079
43.134582,0.314221,1970/01/01 01:30:37,0,92.8,39.543640
43.135038,0.314106,1970/01/01 01:30:39,0,93.0,39.595285
43.135511,0.313980,1970/01/01 01:30:41,0,96.5,39.648902
43.135984,0.313837,1970/01/01 01:30:43,0,97.1,39.702833
43.136461,0.313672,1970/01/01 01:30:44,0,197.3,39.757626
43.136906,0.313467,1970/01/01 01:30:46,0,94.0,39.809875
43.137344,0.313249,1970/01/01 01:30:48,0,93.3,39.861698
43.137779,0.313024,1970/01/01 01:30:50,0,93.2,39.913481
43.138206,0.312796,1970/01/01 01:30:52,0,91.8,39.964500
43.138643,0.312561,1970/01/01 01:30:54,0,94.1,40.016763
43.139074,0.312280,1970/01/01 01:30:55,0,191.4,40.069942
43.139508,0.311952,1970/01/01 01:30:57,0,99.3,40.125124
43.139920,0.311599,1970/01/01 01:30:59,0,97.2,40.179124
43.140321,0.311221,1970/01/01 01:31:01,0,97.5,40.233314
43.140698,0.310876,1970/01/01 01:31:03,0,90.8,40.283779
43.141082,0.310523,1970/01/01 01:31:05,0,92.7,40.335259
43.141474,0.310151,1970/01/01 01:31:07,0,95.6,40.388386
43.141868,0.309762,1970/01/01 01:31:09,0,97.1,40.442347
43.142252,0.309354,1970/01/01 01:31:11,0,97.5,40.496494
43.142631,0.308922,1970/01/01 01:31:12,0,197.7,40.551397
43.142997,0.308465,1970/01/01 01:31:14,0,99.1,40.606427
43.143340,0.307986,1970/01/01 01:31:16,0,98.3,40.661035
43.143676,0.307485,1970/01/01 01:31:18,0,99.4,40.716246
43.143979,0.307021,1970/01/01 01:31:20,0,91.1,40.766845
43.144284,0.306556,1970/01/01 01:31:21,0,183.0,40.817675
43.144569,0.306061,1970/01/01 01:31:23,0,92.0,40.868806
43.144837,0.305563,1970/01/01 01:31:24,0,181.1,40.919113
43.145114,0.305062,1970/01/01 01:31:26,0,91.9,40.970153
43.145384,0.304565,1970/01/01 01:31:28,0,90.7,41.020520
43.145677,0.304015,1970/01/01 01:31:30,0,99.4,41.075752
43.145967,0.303471,1970/01/01 01:31:31,0,197.2,41.130541
43.146248,0.302915,1970/01/01 01:31:33,0,98.8,41.185455
43.146505,0.302399,1970/01/01 01:31:35,0,91.3,41.236165
43.146777,0.301833,1970/01/01 01:31:37,0,99.2,41.291262
43.147056,0.301273,1970/01/01 01:31:39,0,99.1,41.346337
43.147341,0.300719,1970/01/01 01:31:40,0,198.2,41.401393
43.147626,0.300170,1970/01/01 01:31:42,0,98.5,41.456106
43.147893,0.299669,1970/01/01 01:31:44,0,90.7,41.506468
43.148160,0.299161,1970/01/01 01:31:46,0,91.6,41.557355
43.148445,0.298611,1970/01/01 01:31:48,0,98.6,41.612131
43.148709,0.298107,1970/01/01 01:31:49,0,181.4,41.662510
43.148972,0.297601,1970/01/01 01:31:51,0,90.9,41.713004
43.149233,0.297091,1970/01/01 01:31:52,0,182.1,41.763589
43.149522,0.296596,1970/01/01 01:31:54,0,92.7,41.815079
43.149824,0.296118,1970/01/01 01:31:56,0,92.3,41.866368
43.150146,0.295683,1970/01/01 01:31:57,0,181.2,41.916699
43.150491,0.295264,1970/01/01 01:31:59,0,92.4,41.968058
43.150840,0.294848,1970/01/01 01:32:01,0,92.7,42.019572
43.151197,0.294450,1970/01/01 01:32:02,0,184.2,42.070727
43.151578,0.294050,1970/01/01 01:32:04,0,96.3,42.124241
43.151956,0.293658,1970/01/01 01:32:06,0,94.8,42.176903
43.152329,0.293292,1970/01/01 01:32:07,0,184.1,42.228044
43.152710,0.292934,1970/01/01 01:32:09,0,92.6,42.279475
43.153092,0.292598,1970/01/01 01:32:11,0,90.9,42.329950
43.153504,0.292234,1970/01/01 01:32:13,0,98.3,42.384579
43.153914,0.291864,1970/01/01 01:32:15,0,98.3,42.439181
43.154298,0.291534,1970/01/01 01:32:16,0,181.5,42.489604
43.154688,0.291202,1970/01/01 01:32:18,0,92.0,42.540715
43.155085,0.290890,1970/01/01 01:32:19,0,183.3,42.591639
43.155486,0.290556,1970/01/01 01:32:21,0,94.0,42.643878
43.155875,0.290207,1970/01/01 01:32:23,0,93.3,42.695706
43.156282,0.289817,1970/01/01 01:32:25,0,99.4,42.750939
43.156656,0.289404,1970/01/01 01:32:27,0,96.2,42.804409
43.157001,0.288936,1970/01/01 01:32:28,0,194.5,42.858429
43.157313,0.288475,1970/01/01 01:32:30,0,92.0,42.909539
43.157622,0.287991,1970/01/01 01:32:32,0,93.9,42.961730
43.157937,0.287477,1970/01/01 01:32:34,0,98.2,43.016270
43.158250,0.286979,1970/01/01 01:32:36,0,96.1,43.069686
43.158583,0.286522,1970/01/01 01:32:38,0,94.4,43.122125
43.158920,0.286099,1970/01/01 01:32:40,0,91.5,43.172932
43.159261,0.285692,1970/01/01 01:32:42,0,90.7,43.223316
43.159650,0.285281,1970/01/01 01:32:44,0,98.4,43.277968
43.160033,0.284934,1970/01/01 01:32:46,0,91.9,43.329021
43.160432,0.284602,1970/01/01 01:32:48,0,93.6,43.381023
43.160824,0.284253,1970/01/01 01:32:50,0,93.7,43.433066
43.161209,0.283871,1970/01/01 01:32:52,0,95.2,43.485966
43.161566,0.283438,1970/01/01 01:32:54,0,95.6,43.539070
43.161894,0.282994,1970/01/01 01:32:56,0,92.2,43.590318
43.162186,0.282506,1970/01/01 01:32:59,0,61.5,43.641571
43.162385,0.281913,1970/01/01 01:33:01,0,95.4,43.694564
43.162479,0.281273,1970/01/01 01:33:03,0,95.5,43.747597
43.162436,0.280620,1970/01/01 01:33:05,0,95.8,43.800837
43.162329,0.279990,1970/01/01 01:33:07,0,94.5,43.853340
43.162186,0.279383,1970/01/01 01:33:09,0,93.2,43.905140
43.162021,0.278793,1970/01/01 01:33:10,0,184.7,43.956456
43.161856,0.278178,1970/01/01 01:33:12,0,95.8,44.009656
43.161706,0.277591,1970/01/01 01:33:13,0,181.9,44.060190
43.161552,0.276954,1970/01/01 01:33:15,0,98.0,44.114647
43.161464,0.276320,1970/01/01 01:33:16,0,188.5,44.167018
43.161476,0.275650,1970/01/01 01:33:18,0,98.0,44.221470
43.161528,0.274987,1970/01/01 01:33:20,0,97.4,44.275599
43.161609,0.274362,1970/01/01 01:33:21,0,185.7,44.327175
43.161733,0.273758,1970/01/01 01:33:23,0,91.6,44.378067
43.161891,0.273136,1970/01/01 01:33:24,0,192.8,44.431609
43.162079,0.272506,1970/01/01 01:33:26,0,99.4,44.486828
43.162302,0.271919,1970/01/01 01:33:28,0,96.8,44.540583
43.162556,0.271345,1970/01/01 01:33:29,0,196.3,44.595103
43.162814,0.270785,1970/01/01 01:33:31,0,96.8,44.648895
43.163053,0.270256,1970/01/01 01:33:32,0,181.8,44.699389
43.163301,0.269691,1970/01/01 01:33:34,0,96.4,44.752927
43.163540,0.269115,1970/01/01 01:33:35,0,193.8,44.806773
43.163754,0.268501,1970/01/01 01:33:37,0,99.4,44.862008
43.163952,0.267889,1970/01/01 01:33:39,0,97.9,44.916376
43.164111,0.267289,1970/01/01 01:33:40,0,186.5,44.968181
43.164240,0.266654,1970/01/01 01:33:42,0,96.4,45.021744
43.164338,0.266013,1970/01/01 01:33:44,0,95.6,45.074878
43.164396,0.265391,1970/01/01 01:33:45,0,183.4,45.125835
43.164421,0.264751,1970/01/01 01:33:47,0,93.7,45.177874
43.164412,0.264095,1970/01/01 01:33:49,0,95.8,45.231103
43.164369,0.263445,1970/01/01 01:33:50,0,190.9,45.284125
43.164324,0.262818,1970/01/01 01:33:52,0,92.1,45.335290
43.164282,0.262184,1970/01/01 01:33:54,0,93.0,45.386969
43.164231,0.261529,1970/01/01 01:33:55,0,192.6,45.440463
43.164187,0.260895,1970/01/01 01:33:57,0,93.1,45.492194
43.164152,0.260241,1970/01/01 01:33:58,0,191.7,45.545449
43.164124,0.259596,1970/01/01 01:34:00,0,94.4,45.597878
43.164117,0.258929,1970/01/01 01:34:01,0,195.1,45.652076
43.164145,0.258288,1970/01/01 01:34:03,0,93.8,45.704168
43.164201,0.257665,1970/01/01 01:34:05,0,91.8,45.755144
43.164297,0.257028,1970/01/01 01:34:06,0,190.1,45.807948
43.164426,0.256411,1970/01/01 01:34:08,0,93.8,45.860085
43.164583,0.255781,1970/01/01 01:34:09,0,194.6,45.914152
43.164747,0.255177,1970/01/01 01:34:11,0,94.1,45.966433
43.164931,0.254578,1970/01/01 01:34:12,0,190.1,46.019235
43.165136,0.253996,1970/01/01 01:34:14,0,94.5,46.071718
43.165366,0.253431,1970/01/01 01:34:16,0,94.6,46.124251
43.165627,0.252876,1970/01/01 01:34:17,0,192.9,46.177844
43.165904,0.252341,1970/01/01 01:34:19,0,96.0,46.231153
43.166195,0.251811,1970/01/01 01:34:20,0,193.9,46.285004
43.166481,0.251307,1970/01/01 01:34:22,0,93.3,46.336844
43.166807,0.250833,1970/01/01 01:34:23,0,190.5,46.389770
43.167145,0.250411,1970/01/01 01:34:25,0,91.5,46.440607
43.167486,0.249993,1970/01/01 01:34:27,0,91.7,46.491562
43.167855,0.249581,1970/01/01 01:34:28,0,190.9,46.544582
43.168229,0.249192,1970/01/01 01:34:30,0,93.9,46.596775
43.168637,0.248820,1970/01/01 01:34:31,0,196.5,46.651362
43.169062,0.248490,1970/01/01 01:34:33,0,97.9,46.705738
43.169478,0.248143,1970/01/01 01:34:34,0,194.9,46.759875
43.169888,0.247798,1970/01/01 01:34:36,0,96.5,46.813492
43.170300,0.247434,1970/01/01 01:34:38,0,98.2,46.868025
43.170701,0.247038,1970/01/01 01:34:39,0,198.0,46.923034
43.171076,0.246629,1970/01/01 01:34:41,0,96.1,46.976423
43.171433,0.246179,1970/01/01 01:34:42,0,194.2,47.030354
43.171777,0.245733,1970/01/01 01:34:44,0,94.9,47.083090
43.172125,0.245271,1970/01/01 01:34:45,0,193.9,47.136959
43.172450,0.244811,1970/01/01 01:34:47,0,93.6,47.188937
43.172761,0.244323,1970/01/01 01:34:49,0,94.8,47.241594
43.173063,0.243804,1970/01/01 01:34:50,0,194.0,47.295474
43.173354,0.243296,1970/01/01 01:34:52,0,94.3,47.347889
43.173635,0.242763,1970/01/01 01:34:53,0,192.2,47.401274
43.173895,0.242233,1970/01/01 01:34:55,0,93.4,47.453136
43.174152,0.241680,1970/01/01 01:34:56,0,191.9,47.506448
43.174390,0.241127,1970/01/01 01:34:58,0,93.8,47.558559
43.174610,0.240574,1970/01/01 01:35:00,0,92.0,47.609692
43.174821,0.239996,1970/01/01 01:35:01,0,189.0,47.662186
43.175022,0.239394,1970/01/01 01:35:03,0,96.7,47.715904
43.175200,0.238817,1970/01/01 01:35:04,0,183.1,47.766769
43.175351,0.238222,1970/01/01 01:35:06,0,92.0,47.817869
43.175485,0.237601,1970/01/01 01:35:08,0,94.7,47.870466
43.175602,0.236988,1970/01/01 01:35:09,0,185.2,47.921901
43.175708,0.236355,1970/01/01 01:35:11,0,94.9,47.974637
43.175789,0.235717,1970/01/01 01:35:13,0,94.6,48.027202
43.175857,0.235072,1970/01/01 01:35:14,0,190.4,48.080087
43.175914,0.234412,1970/01/01 01:35:16,0,97.2,48.134086
43.175959,0.233748,1970/01/01 01:35:18,0,97.4,48.188199
43.175999,0.233103,1970/01/01 01:35:19,0,189.4,48.240801
43.176043,0.232434,1970/01/01 01:35:21,0,98.0,48.295265
43.176112,0.231803,1970/01/01 01:35:23,0,93.4,48.347138
43.176200,0.231181,1970/01/01 01:35:24,0,185.2,48.398576
43.176327,0.230527,1970/01/01 01:35:26,0,98.8,48.453479
43.176464,0.229910,1970/01/01 01:35:28,0,94.3,48.505873
43.176617,0.229291,1970/01/01 01:35:29,0,190.9,48.558910
43.176769,0.228694,1970/01/01 01:35:31,0,92.3,48.610193
43.176929,0.228070,1970/01/01 01:35:32,0,193.4,48.663909
43.177177,0.227480,1970/01/01 01:35:34,0,99.5,48.719185
43.177469,0.226946,1970/01/01 01:35:36,0,97.6,48.773409
43.177769,0.226445,1970/01/01 01:35:37,0,189.2,48.825975
43.178107,0.225947,1970/01/01 01:35:39,0,99.5,48.881258
43.178447,0.225474,1970/01/01 01:35:41,0,97.0,48.935165
43.178777,0.225019,1970/01/01 01:35:42,0,187.5,48.987247
43.179162,0.224611,1970/01/01 01:35:44,0,97.5,49.041394
43.179576,0.224239,1970/01/01 01:35:46,0,99.2,49.096502
43.179999,0.223966,1970/01/01 01:35:47,0,187.3,49.148540
43.180422,0.223743,1970/01/01 01:35:49,0,90.8,49.199002
43.180856,0.223560,1970/01/01 01:35:51,0,91.0,49.249553
43.181321,0.223426,1970/01/01 01:35:52,0,190.4,49.302439
43.181805,0.223360,1970/01/01 01:35:54,0,97.5,49.356578
43.182264,0.223324,1970/01/01 01:35:55,0,184.3,49.407782
43.182716,0.223293,1970/01/01 01:35:57,0,90.7,49.458152
43.183173,0.223274,1970/01/01 01:35:58,0,183.0,49.508994
43.183645,0.223229,1970/01/01 01:36:00,0,94.9,49.561718
43.184119,0.223171,1970/01/01 01:36:01,0,190.7,49.614687
43.184570,0.223103,1970/01/01 01:36:03,0,90.8,49.665159
43.185036,0.223023,1970/01/01 01:36:04,0,188.3,49.717456
43.185517,0.222930,1970/01/01 01:36:06,0,97.4,49.771551
43.185995,0.222817,1970/01/01 01:36:08,0,97.2,49.825556
43.186449,0.222683,1970/01/01 01:36:09,0,186.2,49.877268
43.186915,0.222529,1970/01/01 01:36:11,0,96.0,49.930619
43.187376,0.222349,1970/01/01 01:36:13,0,96.0,49.983935
43.187815,0.222157,1970/01/01 01:36:14,0,184.6,50.035220
43.188269,0.221949,1970/01/01 01:36:16,0,95.9,50.088510
43.188716,0.221728,1970/01/01 01:36:18,0,95.3,50.141430
43.189148,0.221497,1970/01/01 01:36:19,0,185.8,50.193043
43.189595,0.221241,1970/01/01 01:36:21,0,97.2,50.247024
43.190034,0.220963,1970/01/01 01:36:23,0,96.7,50.300772
43.190457,0.220686,1970/01/01 01:36:24,0,187.9,50.352967
43.190886,0.220385,1970/01/01 01:36:26,0,96.5,50.406588
43.191307,0.220071,1970/01/01 01:36:28,0,96.0,50.459932
43.191716,0.219772,1970/01/01 01:36:29,0,185.7,50.511516
43.192140,0.219466,1970/01/01 01:36:31,0,96.1,50.564923
43.192556,0.219171,1970/01/01 01:36:33,0,93.8,50.617028
43.192961,0.218881,1970/01/01 01:36:34,0,183.2,50.667915
43.193378,0.218578,1970/01/01 01:36:36,0,94.4,50.720367
43.193793,0.218272,1970/01/01 01:36:38,0,94.6,50.772928
43.194197,0.217972,1970/01/01 01:36:39,0,183.8,50.823983
43.194612,0.217670,1970/01/01 01:36:41,0,94.2,50.876330
43.195030,0.217370,1970/01/01 01:36:43,0,94.4,50.928783
43.195436,0.217074,1970/01/01 01:36:44,0,184.3,50.979979
43.195855,0.216759,1970/01/01 01:36:46,0,95.8,51.033201
43.196254,0.216441,1970/01/01 01:36:48,0,92.4,51.084555
43.196642,0.216037,1970/01/01 01:36:50,0,97.6,51.138783
43.196990,0.215582,1970/01/01 01:36:51,0,192.6,51.192277
43.197305,0.215120,1970/01/01 01:36:53,0,92.5,51.243649
43.197616,0.214646,1970/01/01 01:36:55,0,93.1,51.295397
43.197912,0.214150,1970/01/01 01:36:57,0,93.7,51.347428
43.198189,0.213647,1970/01/01 01:36:59,0,92.1,51.398577
43.198463,0.213092,1970/01/01 01:37:01,0,97.9,51.452951
43.198701,0.212504,1970/01/01 01:37:03,0,98.3,51.507570
43.198890,0.211884,1970/01/01 01:37:05,0,98.1,51.562079
43.199050,0.211297,1970/01/01 01:37:07,0,91.5,51.612928
43.199185,0.210681,1970/01/01 01:37:08,0,187.8,51.665098
43.199322,0.210045,1970/01/01 01:37:10,0,96.9,51.718921
43.199443,0.209405,1970/01/01 01:37:12,0,96.6,51.772574
43.199548,0.208761,1970/01/01 01:37:14,0,96.4,51.826137
43.199651,0.208126,1970/01/01 01:37:16,0,95.0,51.878937
43.199759,0.207485,1970/01/01 01:37:18,0,96.2,51.932356
43.199866,0.206844,1970/01/01 01:37:20,0,96.0,51.985694
43.199980,0.206209,1970/01/01 01:37:22,0,95.6,52.038787
43.200087,0.205569,1970/01/01 01:37:24,0,95.8,52.092009
43.200150,0.204947,1970/01/01 01:37:26,0,91.8,52.143019
43.200203,0.204298,1970/01/01 01:37:28,0,95.4,52.196001
43.200222,0.203652,1970/01/01 01:37:30,0,94.4,52.248464
43.200211,0.203000,1970/01/01 01:37:32,0,95.2,52.301368
43.200148,0.202364,1970/01/01 01:37:34,0,93.8,52.353507
43.200031,0.201760,1970/01/01 01:37:36,0,91.2,52.404201
43.199866,0.201143,1970/01/01 01:37:38,0,96.0,52.457531
43.199673,0.200557,1970/01/01 01:37:40,0,93.9,52.509675
43.199440,0.199988,1970/01/01 01:37:42,0,95.4,52.562654
43.199186,0.199426,1970/01/01 01:37:43,0,193.3,52.616354
43.198918,0.198857,1970/01/01 01:37:45,0,98.8,52.671262
43.198666,0.198336,1970/01/01 01:37:47,0,91.3,52.721996
43.198400,0.197762,1970/01/01 01:37:49,0,99.4,52.777227
43.198154,0.197171,1970/01/01 01:37:51,0,99.4,52.832466
43.197941,0.196557,1970/01/01 01:37:52,0,198.7,52.887673
43.197763,0.195964,1970/01/01 01:37:54,0,93.6,52.939646
43.197588,0.195343,1970/01/01 01:37:56,0,97.3,52.993719
43.197442,0.194730,1970/01/01 01:37:57,0,188.4,53.046041
43.197347,0.194099,1970/01/01 01:37:59,0,94.1,53.098342
43.197275,0.193473,1970/01/01 01:38:01,0,92.5,53.149747
43.197216,0.192858,1970/01/01 01:38:02,0,181.2,53.200069
43.197185,0.192235,1970/01/01 01:38:04,0,91.3,53.250788
43.197193,0.191568,1970/01/01 01:38:06,0,97.4,53.304919
43.197203,0.190933,1970/01/01 01:38:07,0,185.4,53.356411
43.197233,0.190295,1970/01/01 01:38:09,0,93.4,53.408297
43.197277,0.189658,1970/01/01 01:38:11,0,93.5,53.460234
43.197332,0.189023,1970/01/01 01:38:12,0,187.0,53.512179
43.197407,0.188359,1970/01/01 01:38:14,0,98.1,53.566697
43.197511,0.187716,1970/01/01 01:38:16,0,96.2,53.620136
43.197631,0.187100,1970/01/01 01:38:17,0,186.1,53.671841
43.197774,0.186454,1970/01/01 01:38:19,0,98.6,53.726617
43.197911,0.185838,1970/01/01 01:38:21,0,94.1,53.778918
43.198058,0.185199,1970/01/01 01:38:22,0,195.7,53.833266
43.198199,0.184579,1970/01/01 01:38:24,0,94.9,53.885965
43.198343,0.183946,1970/01/01 01:38:25,0,193.9,53.939815
43.198480,0.183330,1970/01/01 01:38:27,0,94.1,53.992071
43.198615,0.182710,1970/01/01 01:38:29,0,94.5,54.044585
43.198756,0.182081,1970/01/01 01:38:30,0,192.3,54.097993
43.198895,0.181464,1970/01/01 01:38:32,0,94.3,54.150392
43.199031,0.180831,1970/01/01 01:38:33,0,192.8,54.203954
43.199162,0.180214,1970/01/01 01:38:35,0,93.8,54.256077
43.199292,0.179574,1970/01/01 01:38:36,0,194.1,54.309983
43.199416,0.178946,1970/01/01 01:38:38,0,95.0,54.362770
43.199537,0.178315,1970/01/01 01:38:40,0,95.4,54.415755
43.199661,0.177672,1970/01/01 01:38:41,0,194.5,54.469777
43.199781,0.177058,1970/01/01 01:38:43,0,92.7,54.521294
43.199902,0.176424,1970/01/01 01:38:44,0,191.3,54.574446
43.200021,0.175823,1970/01/01 01:38:46,0,91.1,54.625063
43.200149,0.175192,1970/01/01 01:38:47,0,191.1,54.678157
43.200270,0.174586,1970/01/01 01:38:49,0,91.8,54.729137
43.200370,0.173971,1970/01/01 01:38:51,0,92.1,54.780303
43.200427,0.173313,1970/01/01 01:38:52,0,193.6,54.834093
43.200464,0.172665,1970/01/01 01:38:54,0,94.8,54.886783
43.200477,0.172005,1970/01/01 01:38:55,0,193.0,54.940404
43.200463,0.171367,1970/01/01 01:38:57,0,93.2,54.992201
43.200432,0.170701,1970/01/01 01:38:58,0,194.8,55.046313
43.200376,0.170066,1970/01/01 01:39:00,0,93.4,55.098223
43.200293,0.169438,1970/01/01 01:39:02,0,93.3,55.150048
43.200194,0.168792,1970/01/01 01:39:03,0,193.0,55.203654
43.200088,0.168170,1970/01/01 01:39:05,0,93.2,55.255430
43.199973,0.167531,1970/01/01 01:39:06,0,192.4,55.308865
43.199866,0.166928,1970/01/01 01:39:08,0,90.6,55.359209
43.199759,0.166295,1970/01/01 01:39:09,0,189.8,55.411932
43.199659,0.165687,1970/01/01 01:39:11,0,91.0,55.462494
43.199557,0.165024,1970/01/01 01:39:13,0,99.1,55.517548
43.199463,0.164391,1970/01/01 01:39:14,0,188.6,55.569950
43.199371,0.163734,1970/01/01 01:39:16,0,97.8,55.624260
43.199301,0.163117,1970/01/01 01:39:18,0,91.2,55.674902
43.199235,0.162475,1970/01/01 01:39:19,0,189.2,55.727470
43.199189,0.161854,1970/01/01 01:39:21,0,91.3,55.778197
43.199155,0.161203,1970/01/01 01:39:22,0,190.5,55.831103
43.199136,0.160523,1970/01/01 01:39:24,0,99.4,55.886339
43.199133,0.159860,1970/01/01 01:39:26,0,96.8,55.940127
43.199142,0.159229,1970/01/01 01:39:27,0,184.4,55.991359
43.199166,0.158565,1970/01/01 01:39:29,0,97.2,56.045350
43.199206,0.157897,1970/01/01 01:39:31,0,97.9,56.099752
43.199249,0.157253,1970/01/01 01:39:32,0,188.8,56.152206
43.199312,0.156593,1970/01/01 01:39:34,0,97.2,56.206208
43.199390,0.155945,1970/01/01 01:39:36,0,96.0,56.259534
43.199482,0.155323,1970/01/01 01:39:37,0,185.4,56.311030
43.199578,0.154687,1970/01/01 01:39:39,0,94.9,56.363744
43.199679,0.154062,1970/01/01 01:39:41,0,93.4,56.415644
43.199794,0.153454,1970/01/01 01:39:42,0,183.5,56.466608
43.199932,0.152839,1970/01/01 01:39:44,0,94.0,56.518826
43.200082,0.152222,1970/01/01 01:39:46,0,95.1,56.571638
43.200242,0.151636,1970/01/01 01:39:47,0,182.9,56.622437
43.200415,0.151063,1970/01/01 01:39:49,0,90.6,56.672792
43.200637,0.150470,1970/01/01 01:39:51,0,97.2,56.726808
43.200878,0.149926,1970/01/01 01:39:53,0,93.1,56.778504
43.201141,0.149402,1970/01/01 01:39:55,0,92.9,56.830116
43.201431,0.148889,1970/01/01 01:39:56,0,189.6,56.882790
43.201718,0.148397,1970/01/01 01:39:58,0,92.1,56.933969
43.202011,0.147921,1970/01/01 01:40:00,0,90.9,56.984484
43.202328,0.147444,1970/01/01 01:40:02,0,94.4,57.036913
43.202674,0.147041,1970/01/01 01:40:03,0,181.9,57.087434
43.203094,0.146711,1970/01/01 01:40:05,0,96.9,57.141245
43.203528,0.146415,1970/01/01 01:40:07,0,97.1,57.195198
43.203963,0.146147,1970/01/01 01:40:08,0,191.3,57.248337
43.204388,0.145887,1970/01/01 01:40:10,0,93.3,57.300156
43.204811,0.145614,1970/01/01 01:40:12,0,93.6,57.352143
43.205235,0.145311,1970/01/01 01:40:13,0,191.6,57.405375
43.205635,0.144989,1970/01/01 01:40:15,0,93.0,57.457025
43.206006,0.144579,1970/01/01 01:40:16,0,190.7,57.509999
43.206350,0.144132,1970/01/01 01:40:18,0,95.0,57.562749
43.206678,0.143629,1970/01/01 01:40:19,0,197.2,57.617540
43.206973,0.143131,1970/01/01 01:40:21,0,93.7,57.669569
43.207259,0.142625,1970/01/01 01:40:23,0,93.6,57.721550
43.207528,0.142091,1970/01/01 01:40:24,0,189.6,57.774211
43.207783,0.141540,1970/01/01 01:40:26,0,95.4,57.827190
43.208004,0.140992,1970/01/01 01:40:27,0,183.0,57.878021
43.208168,0.140404,1970/01/01 01:40:29,0,91.9,57.929065
43.208319,0.139779,1970/01/01 01:40:31,0,96.2,57.982533
43.208428,0.139161,1970/01/01 01:40:32,0,185.7,58.034117
43.208526,0.138550,1970/01/01 01:40:34,0,91.4,58.084876
43.208634,0.137900,1970/01/01 01:40:36,0,97.3,58.138955
43.208745,0.137287,1970/01/01 01:40:37,0,184.5,58.190201
43.208863,0.136671,1970/01/01 01:40:39,0,93.0,58.241867
43.208978,0.136042,1970/01/01 01:40:41,0,94.8,58.294522
43.209096,0.135438,1970/01/01 01:40:42,0,182.5,58.345203
43.209221,0.134829,1970/01/01 01:40:44,0,92.5,58.396591
43.209349,0.134223,1970/01/01 01:40:46,0,92.1,58.447784
43.209477,0.133626,1970/01/01 01:40:47,0,181.5,58.498208
43.209610,0.133034,1970/01/01 01:40:49,0,90.6,58.548523
43.209749,0.132441,1970/01/01 01:40:51,0,90.9,58.599012
43.209908,0.131797,1970/01/01 01:40:52,0,198.6,58.654176
43.210061,0.131207,1970/01/01 01:40:54,0,91.5,58.705014
43.210226,0.130617,1970/01/01 01:40:56,0,92.2,58.756261
43.210400,0.130041,1970/01/01 01:40:57,0,182.3,58.806905
43.210582,0.129409,1970/01/01 01:40:59,0,99.2,58.862009
43.210757,0.128810,1970/01/01 01:41:01,0,94.3,58.914420
43.210945,0.128217,1970/01/01 01:41:03,0,94.4,58.966879
43.211139,0.127630,1970/01/01 01:41:04,0,188.1,59.019127
43.211351,0.127032,1970/01/01 01:41:06,0,97.2,59.073130
43.211575,0.126424,1970/01/01 01:41:08,0,99.4,59.128345
43.211804,0.125866,1970/01/01 01:41:09,0,187.1,59.180327
43.212033,0.125298,1970/01/01 01:41:11,0,94.7,59.232943
43.212268,0.124737,1970/01/01 01:41:13,0,94.6,59.285477
43.212507,0.124191,1970/01/01 01:41:14,0,186.0,59.337145
43.212762,0.123630,1970/01/01 01:41:16,0,96.6,59.390823
43.213026,0.123067,1970/01/01 01:41:18,0,97.7,59.445116
43.213281,0.122528,1970/01/01 01:41:19,0,187.6,59.497233
43.213549,0.121961,1970/01/01 01:41:21,0,98.8,59.552101
43.213820,0.121397,1970/01/01 01:41:23,0,98.6,59.606894
43.214082,0.120854,1970/01/01 01:41:24,0,190.1,59.659709
43.214337,0.120320,1970/01/01 01:41:26,0,93.3,59.711529
43.214598,0.119772,1970/01/01 01:41:27,0,191.1,59.764621
43.214874,0.119207,1970/01/01 01:41:29,0,99.3,59.819782
43.215132,0.118679,1970/01/01 01:41:31,0,92.9,59.871380
43.215388,0.118121,1970/01/01 01:41:32,0,192.6,59.924880
43.215622,0.117575,1970/01/01 01:41:34,0,92.6,59.976301
43.215860,0.117011,1970/01/01 01:41:35,0,190.1,60.029115
43.216087,0.116425,1970/01/01 01:41:37,0,96.9,60.082939
43.216281,0.115858,1970/01/01 01:41:39,0,91.4,60.133744
43.216450,0.115283,1970/01/01 01:41:41,0,90.6,60.184077
43.216609,0.114642,1970/01/01 01:41:42,0,197.7,60.238995
43.216736,0.113994,1970/01/01 01:41:44,0,98.0,60.293422
43.216831,0.113336,1970/01/01 01:41:46,0,98.0,60.347839
43.216886,0.112708,1970/01/01 01:41:48,0,92.5,60.399216
43.216917,0.112073,1970/01/01 01:41:49,0,185.6,60.450779
43.216921,0.111440,1970/01/01 01:41:51,0,92.5,60.502147
43.216900,0.110807,1970/01/01 01:41:53,0,92.5,60.553523
43.216878,0.110181,1970/01/01 01:41:54,0,183.2,60.604401
43.216815,0.109521,1970/01/01 01:41:56,0,97.3,60.658443
43.216732,0.108857,1970/01/01 01:41:58,0,98.3,60.713054
43.216664,0.108228,1970/01/01 01:41:59,0,185.8,60.764653
43.216609,0.107575,1970/01/01 01:42:01,0,96.0,60.818013
43.216542,0.106902,1970/01/01 01:42:03,0,99.1,60.873090
43.216481,0.106262,1970/01/01 01:42:04,0,188.4,60.925414
43.216419,0.105631,1970/01/01 01:42:06,0,93.1,60.977128
43.216353,0.104987,1970/01/01 01:42:07,0,190.0,61.029900
43.216292,0.104318,1970/01/01 01:42:09,0,98.4,61.084546
43.216231,0.103660,1970/01/01 01:42:11,0,96.9,61.138396
43.216172,0.103022,1970/01/01 01:42:12,0,187.9,61.190583
43.216113,0.102399,1970/01/01 01:42:14,0,91.7,61.241530
43.216055,0.101777,1970/01/01 01:42:16,0,91.5,61.292383
43.215999,0.101133,1970/01/01 01:42:17,0,189.4,61.344987
43.215943,0.100510,1970/01/01 01:42:19,0,91.7,61.395945
43.215887,0.099863,1970/01/01 01:42:20,0,190.2,61.448777
43.215828,0.099248,1970/01/01 01:42:22,0,90.6,61.499104
43.215765,0.098597,1970/01/01 01:42:23,0,191.8,61.552385
43.215707,0.097979,1970/01/01 01:42:25,0,91.0,61.602968
43.215652,0.097317,1970/01/01 01:42:27,0,97.3,61.657009
43.215599,0.096679,1970/01/01 01:42:28,0,187.4,61.709051
43.215533,0.096013,1970/01/01 01:42:30,0,98.2,61.763617
43.215471,0.095342,1970/01/01 01:42:32,0,98.8,61.818517
43.215427,0.094704,1970/01/01 01:42:33,0,187.0,61.870472
43.215378,0.094036,1970/01/01 01:42:35,0,98.0,61.924936
43.215339,0.093381,1970/01/01 01:42:37,0,96.1,61.978300
43.215298,0.092748,1970/01/01 01:42:38,0,185.6,62.029860
43.215249,0.092090,1970/01/01 01:42:40,0,96.5,62.083479
43.215190,0.091421,1970/01/01 01:42:42,0,98.4,62.138167
43.215136,0.090766,1970/01/01 01:42:43,0,192.5,62.191633
43.215091,0.090118,1970/01/01 01:42:45,0,95.1,62.244468
43.215024,0.089489,1970/01/01 01:42:47,0,92.8,62.296005
43.214960,0.088842,1970/01/01 01:42:48,0,190.6,62.348951
43.214893,0.088227,1970/01/01 01:42:50,0,90.8,62.399415
43.214823,0.087576,1970/01/01 01:42:51,0,192.3,62.452829
43.214758,0.086945,1970/01/01 01:42:53,0,93.1,62.504539
43.214690,0.086303,1970/01/01 01:42:54,0,189.3,62.557131
43.214613,0.085660,1970/01/01 01:42:56,0,95.2,62.610043
43.214532,0.085017,1970/01/01 01:42:58,0,95.2,62.662949
43.214442,0.084365,1970/01/01 01:42:59,0,193.8,62.716770
43.214351,0.083721,1970/01/01 01:43:01,0,95.9,62.770036
43.214252,0.083070,1970/01/01 01:43:02,0,194.0,62.823929
43.214157,0.082424,1970/01/01 01:43:04,0,96.3,62.877405
43.214056,0.081781,1970/01/01 01:43:05,0,192.1,62.930774
43.213956,0.081175,1970/01/01 01:43:07,0,90.8,62.981193
43.213850,0.080527,1970/01/01 01:43:09,0,97.0,63.035084
43.213749,0.079908,1970/01/01 01:43:10,0,185.3,63.086548
43.213637,0.079278,1970/01/01 01:43:12,0,94.7,63.139170
43.213536,0.078672,1970/01/01 01:43:14,0,90.8,63.189591
43.213431,0.078058,1970/01/01 01:43:15,0,184.2,63.240760
43.213323,0.077433,1970/01/01 01:43:17,0,93.9,63.292911
43.213211,0.076811,1970/01/01 01:43:19,0,93.4,63.344825
43.213104,0.076202,1970/01/01 01:43:20,0,182.9,63.395625
43.212989,0.075573,1970/01/01 01:43:22,0,94.8,63.448274
43.212875,0.074955,1970/01/01 01:43:24,0,93.1,63.499982
43.212765,0.074348,1970/01/01 01:43:25,0,182.8,63.550756
43.212663,0.073742,1970/01/01 01:43:27,0,90.8,63.601202
43.212553,0.073127,1970/01/01 01:43:29,0,92.5,63.652564
43.212446,0.072521,1970/01/01 01:43:30,0,182.0,63.703128
43.212344,0.071910,1970/01/01 01:43:32,0,91.6,63.754016
43.212245,0.071302,1970/01/01 01:43:34,0,91.0,63.804578
43.212130,0.070644,1970/01/01 01:43:35,0,197.7,63.859485
43.212026,0.070039,1970/01/01 01:43:37,0,90.8,63.909920
43.211932,0.069428,1970/01/01 01:43:39,0,91.2,63.960578
43.211829,0.068821,1970/01/01 01:43:40,0,182.0,64.011144
43.211726,0.068209,1970/01/01 01:43:42,0,91.7,64.062065
43.211614,0.067595,1970/01/01 01:43:44,0,92.4,64.113403
43.211503,0.066991,1970/01/01 01:43:45,0,182.1,64.163994
43.211388,0.066370,1970/01/01 01:43:47,0,93.5,64.215966
43.211277,0.065737,1970/01/01 01:43:49,0,95.2,64.268827
43.211163,0.065120,1970/01/01 01:43:50,0,185.9,64.320471
43.211048,0.064470,1970/01/01 01:43:52,0,97.7,64.374727
43.210935,0.063817,1970/01/01 01:43:54,0,98.0,64.429165
43.210830,0.063194,1970/01/01 01:43:55,0,186.8,64.481047
43.210724,0.062541,1970/01/01 01:43:57,0,97.7,64.535312
43.210615,0.061881,1970/01/01 01:43:59,0,98.8,64.590205
43.210509,0.061256,1970/01/01 01:44:00,0,187.6,64.642320
43.210393,0.060610,1970/01/01 01:44:02,0,97.1,64.696288
43.210276,0.059959,1970/01/01 01:44:04,0,97.9,64.750674
43.210160,0.059333,1970/01/01 01:44:05,0,188.6,64.803057
43.210047,0.058672,1970/01/01 01:44:07,0,99.2,64.858156
43.209948,0.058063,1970/01/01 01:44:09,0,91.2,64.908810
43.209843,0.057417,1970/01/01 01:44:10,0,193.1,64.962462
43.209728,0.056782,1970/01/01 01:44:12,0,95.7,65.015607
43.209610,0.056134,1970/01/01 01:44:13,0,195.0,65.069774
43.209502,0.055495,1970/01/01 01:44:15,0,95.8,65.122975
43.209394,0.054856,1970/01/01 01:44:17,0,95.8,65.176202
43.209289,0.054204,1970/01/01 01:44:18,0,195.1,65.230397
43.209186,0.053567,1970/01/01 01:44:20,0,95.3,65.283349
43.209089,0.052925,1970/01/01 01:44:21,0,191.4,65.336517
43.208991,0.052261,1970/01/01 01:44:23,0,99.0,65.391494
43.208900,0.051594,1970/01/01 01:44:25,0,99.1,65.446530
43.208837,0.050955,1970/01/01 01:44:26,0,188.4,65.498850
43.208792,0.050331,1970/01/01 01:44:28,0,91.6,65.549714
43.208756,0.049672,1970/01/01 01:44:29,0,193.1,65.603347
43.208736,0.049025,1970/01/01 01:44:31,0,94.6,65.655878
43.208726,0.048372,1970/01/01 01:44:33,0,95.4,65.708888
43.208725,0.047709,1970/01/01 01:44:34,0,193.5,65.762642
43.208735,0.047062,1970/01/01 01:44:36,0,94.5,65.815156
43.208754,0.046399,1970/01/01 01:44:37,0,193.9,65.869012
43.208782,0.045743,1970/01/01 01:44:39,0,96.0,65.922342
