43.124801,0.750763,1990/01/01 02:05:10,0,33.0,0.000000
43.124730,0.750141,1990/01/01 02:05:15,0,36.8,0.051153
43.124650,0.749473,1990/01/01 02:05:20,0,39.6,0.106155
43.124563,0.748861,1990/01/01 02:05:25,0,36.5,0.156781
43.124477,0.748251,1990/01/01 02:05:31,0,30.3,0.207264
43.124374,0.747589,1990/01/01 02:05:36,0,39.6,0.262267
43.124278,0.746981,1990/01/01 02:05:41,0,36.4,0.312840
43.124170,0.746320,1990/01/01 02:05:46,0,39.6,0.367842
43.124068,0.745705,1990/01/01 02:05:51,0,36.9,0.419115
43.123952,0.745047,1990/01/01 02:05:57,0,33.0,0.474118
43.123846,0.744439,1990/01/01 02:06:02,0,36.6,0.524908
43.123732,0.743780,1990/01/01 02:06:07,0,39.6,0.579911
43.123634,0.743174,1990/01/01 02:06:12,0,36.3,0.630294
43.123539,0.742510,1990/01/01 02:06:18,0,33.0,0.685297
43.123461,0.741889,1990/01/01 02:06:23,0,36.9,0.736485
43.123389,0.741220,1990/01/01 02:06:28,0,39.6,0.791487
43.123334,0.740601,1990/01/01 02:06:33,0,36.5,0.842125
43.123281,0.739928,1990/01/01 02:06:39,0,33.0,0.897128
43.123248,0.739302,1990/01/01 02:06:44,0,36.7,0.948146
43.123220,0.738626,1990/01/01 02:06:49,0,39.6,1.003149
43.123222,0.738003,1990/01/01 02:06:54,0,36.5,1.053775
43.123233,0.737326,1990/01/01 02:07:00,0,33.0,1.108778
43.123267,0.736700,1990/01/01 02:07:05,0,36.7,1.159777
43.123307,0.736025,1990/01/01 02:07:10,0,39.6,1.214779
43.123363,0.735404,1990/01/01 02:07:15,0,36.6,1.265624
43.123419,0.734779,1990/01/01 02:07:21,0,30.7,1.316820
43.123509,0.734113,1990/01/01 02:07:26,0,39.6,1.371823
43.123594,0.733503,1990/01/01 02:07:31,0,36.3,1.422285
43.123715,0.732847,1990/01/01 02:07:36,0,39.6,1.477288
43.123826,0.732244,1990/01/01 02:07:41,0,36.3,1.527759
43.123950,0.731589,1990/01/01 02:07:47,0,33.0,1.582762
43.124064,0.730990,1990/01/01 02:07:52,0,36.2,1.633090
43.124188,0.730334,1990/01/01 02:07:57,0,39.6,1.688093
43.124300,0.729730,1990/01/01 02:08:02,0,36.5,1.738719
43.124416,0.729072,1990/01/01 02:08:08,0,33.0,1.793721
43.124514,0.728406,1990/01/01 02:08:13,0,39.8,1.848981
43.124595,0.727738,1990/01/01 02:08:19,0,33.0,1.903983
43.124649,0.727117,1990/01/01 02:08:24,0,36.6,1.954753
43.124697,0.726444,1990/01/01 02:08:29,0,39.6,2.009756
43.124719,0.725822,1990/01/01 02:08:34,0,36.4,2.060357
43.124736,0.725145,1990/01/01 02:08:40,0,33.0,2.115359
43.124723,0.724518,1990/01/01 02:08:45,0,36.7,2.166299
43.124704,0.723842,1990/01/01 02:08:50,0,39.6,2.221302
43.124662,0.723217,1990/01/01 02:08:55,0,36.7,2.272244
43.124620,0.722593,1990/01/01 02:09:01,0,30.6,2.323197
43.124541,0.721925,1990/01/01 02:09:06,0,39.6,2.378199
43.124467,0.721312,1990/01/01 02:09:11,0,36.3,2.428678
43.124358,0.720651,1990/01/01 02:09:16,0,39.6,2.483680
43.124256,0.720048,1990/01/01 02:09:21,0,36.3,2.534031
43.124129,0.719393,1990/01/01 02:09:27,0,33.0,2.589033
43.124006,0.718793,1990/01/01 02:09:32,0,36.5,2.639724
43.123857,0.718147,1990/01/01 02:09:37,0,39.6,2.694727
43.123714,0.717551,1990/01/01 02:09:42,0,36.7,2.745734
43.123551,0.716912,1990/01/01 02:09:48,0,33.0,2.800737
43.123404,0.716315,1990/01/01 02:09:53,0,36.8,2.851900
43.123251,0.715672,1990/01/01 02:09:58,0,39.6,2.906903
43.123105,0.715073,1990/01/01 02:10:03,0,36.9,2.958147
43.122947,0.714432,1990/01/01 02:10:09,0,33.0,3.013150
43.122799,0.713846,1990/01/01 02:10:14,0,36.3,3.063558
43.122635,0.713207,1990/01/01 02:10:19,0,39.6,3.118560
43.122490,0.712611,1990/01/01 02:10:24,0,36.8,3.169639
43.122335,0.711968,1990/01/01 02:10:30,0,33.0,3.224642
43.122200,0.711365,1990/01/01 02:10:35,0,36.9,3.275838
43.122057,0.710718,1990/01/01 02:10:40,0,39.6,3.330841
43.121938,0.710110,1990/01/01 02:10:45,0,36.8,3.381915
43.121820,0.709503,1990/01/01 02:10:51,0,30.6,3.432993
43.121704,0.708845,1990/01/01 02:10:56,0,39.6,3.487995
43.121596,0.708238,1990/01/01 02:11:01,0,36.5,3.538732
43.121478,0.707581,1990/01/01 02:11:06,0,39.6,3.593734
43.121370,0.706973,1990/01/01 02:11:11,0,36.6,3.644574
43.121256,0.706314,1990/01/01 02:11:17,0,33.0,3.699577
43.121147,0.705704,1990/01/01 02:11:22,0,36.8,3.750658
43.121022,0.705049,1990/01/01 02:11:27,0,39.6,3.805660
43.120900,0.704442,1990/01/01 02:11:32,0,36.8,3.856788
43.120759,0.703793,1990/01/01 02:11:38,0,33.0,3.911790
43.120622,0.703191,1990/01/01 02:11:43,0,36.9,3.963059
43.120468,0.702548,1990/01/01 02:11:48,0,39.6,4.018061
43.120317,0.701959,1990/01/01 02:11:53,0,36.5,4.068775
43.120145,0.701325,1990/01/01 02:11:59,0,33.0,4.123778
43.119973,0.700748,1990/01/01 02:12:04,0,36.4,4.174373
43.119780,0.700125,1990/01/01 02:12:09,0,39.6,4.229376
43.119598,0.699554,1990/01/01 02:12:14,0,36.5,4.280017
43.119399,0.698934,1990/01/01 02:12:20,0,33.0,4.335020
43.119211,0.698370,1990/01/01 02:12:25,0,36.3,4.385425
43.119005,0.697754,1990/01/01 02:12:30,0,39.6,4.440428
43.118815,0.697182,1990/01/01 02:12:35,0,36.8,4.491569
43.118624,0.696608,1990/01/01 02:12:41,0,30.7,4.542818
43.118417,0.695993,1990/01/01 02:12:46,0,39.6,4.597821
43.118225,0.695422,1990/01/01 02:12:51,0,36.8,4.648887
43.118022,0.694805,1990/01/01 02:12:56,0,39.6,4.703889
43.117833,0.694233,1990/01/01 02:13:01,0,36.7,4.754903
43.117630,0.693616,1990/01/01 02:13:07,0,33.0,4.809906
43.117444,0.693039,1990/01/01 02:13:12,0,36.9,4.861163
43.117253,0.692415,1990/01/01 02:13:17,0,39.6,4.916166
43.117080,0.691831,1990/01/01 02:13:22,0,36.8,4.967338
43.116904,0.691199,1990/01/01 02:13:28,0,33.0,5.022341
43.116748,0.690609,1990/01/01 02:13:33,0,36.7,5.073324
43.116588,0.689968,1990/01/01 02:13:38,0,39.6,5.128326
43.116452,0.689377,1990/01/01 02:13:43,0,36.3,5.178691
43.116310,0.688729,1990/01/01 02:13:49,0,33.0,5.233694
43.116191,0.688125,1990/01/01 02:13:54,0,36.6,5.284493
43.116068,0.687470,1990/01/01 02:13:59,0,39.6,5.339495
43.115963,0.686860,1990/01/01 02:14:04,0,36.7,5.390407
43.115854,0.686200,1990/01/01 02:14:10,0,33.0,5.445409
43.115767,0.685591,1990/01/01 02:14:15,0,36.3,5.495822
43.115674,0.684926,1990/01/01 02:14:20,0,39.6,5.550824
43.115590,0.684315,1990/01/01 02:14:25,0,36.4,5.601374
43.115505,0.683699,1990/01/01 02:14:31,0,30.6,5.652315
43.115426,0.683031,1990/01/01 02:14:36,0,39.6,5.707317
43.115351,0.682409,1990/01/01 02:14:41,0,36.9,5.758539
43.115266,0.681742,1990/01/01 02:14:46,0,39.6,5.813542
43.115187,0.681121,1990/01/01 02:14:51,0,36.9,5.864751
43.115102,0.680455,1990/01/01 02:14:57,0,33.0,5.919753
43.115023,0.679845,1990/01/01 02:15:02,0,36.2,5.970100
43.114934,0.679179,1990/01/01 02:15:07,0,39.6,6.025102
43.114848,0.678509,1990/01/01 02:15:13,0,33.2,6.080385
43.114767,0.677841,1990/01/01 02:15:18,0,39.6,6.135388
43.114689,0.677226,1990/01/01 02:15:23,0,36.5,6.186124
43.114604,0.676559,1990/01/01 02:15:29,0,33.0,6.241126
43.114524,0.675948,1990/01/01 02:15:34,0,36.3,6.291537
43.114436,0.675283,1990/01/01 02:15:39,0,39.6,6.346539
43.114366,0.674668,1990/01/01 02:15:44,0,36.4,6.397096
43.114294,0.673998,1990/01/01 02:15:50,0,33.0,6.452098
43.114245,0.673381,1990/01/01 02:15:55,0,36.3,6.502552
43.114193,0.672708,1990/01/01 02:16:00,0,39.6,6.557555
43.114159,0.672079,1990/01/01 02:16:05,0,36.9,6.608765
43.114125,0.671458,1990/01/01 02:16:11,0,30.4,6.659403
43.114104,0.670782,1990/01/01 02:16:16,0,39.6,6.714405
43.114087,0.670153,1990/01/01 02:16:21,0,36.8,6.765538
43.114083,0.669476,1990/01/01 02:16:26,0,39.6,6.820540
43.114082,0.668854,1990/01/01 02:16:31,0,36.4,6.871086
43.114097,0.668178,1990/01/01 02:16:37,0,33.0,6.926088
43.114115,0.667553,1990/01/01 02:16:42,0,36.6,6.976918
43.114146,0.666877,1990/01/01 02:16:47,0,39.6,7.031921
43.114176,0.666251,1990/01/01 02:16:52,0,36.7,7.082890
43.114209,0.665576,1990/01/01 02:16:58,0,33.0,7.137893
43.114247,0.664958,1990/01/01 02:17:03,0,36.3,7.188265
43.114297,0.664285,1990/01/01 02:17:08,0,39.6,7.243267
43.114343,0.663657,1990/01/01 02:17:13,0,36.9,7.294544
43.114392,0.662983,1990/01/01 02:17:19,0,33.0,7.349546
43.114443,0.662356,1990/01/01 02:17:24,0,36.9,7.400817
43.114501,0.661684,1990/01/01 02:17:29,0,39.6,7.455819
43.114547,0.661059,1990/01/01 02:17:34,0,36.8,7.506905
43.114594,0.660385,1990/01/01 02:17:40,0,33.0,7.561907
43.114634,0.659763,1990/01/01 02:17:45,0,36.5,7.612627
43.114677,0.659089,1990/01/01 02:17:50,0,39.6,7.667630
43.114725,0.658468,1990/01/01 02:17:55,0,36.5,7.718360
43.114773,0.657848,1990/01/01 02:18:01,0,30.4,7.769021
43.114833,0.657176,1990/01/01 02:18:06,0,39.6,7.824024
43.114889,0.656552,1990/01/01 02:18:11,0,36.8,7.875172
43.114941,0.655878,1990/01/01 02:18:16,0,39.6,7.930175
43.114990,0.655251,1990/01/01 02:18:21,0,36.9,7.981438
43.115041,0.654578,1990/01/01 02:18:27,0,33.0,8.036441
43.115086,0.653958,1990/01/01 02:18:32,0,36.5,8.087073
43.115128,0.653283,1990/01/01 02:18:37,0,39.6,8.142075
43.115157,0.652660,1990/01/01 02:18:42,0,36.5,8.192812
43.115175,0.651984,1990/01/01 02:18:48,0,33.0,8.247814
43.115186,0.651359,1990/01/01 02:18:53,0,36.6,8.298594
43.115191,0.650682,1990/01/01 02:18:58,0,39.6,8.353597
43.115191,0.650057,1990/01/01 02:19:03,0,36.6,8.404431
43.115186,0.649380,1990/01/01 02:19:09,0,33.0,8.459434
43.115180,0.648749,1990/01/01 02:19:14,0,36.9,8.510699
43.115173,0.648072,1990/01/01 02:19:19,0,39.6,8.565702
43.115152,0.647445,1990/01/01 02:19:24,0,36.7,8.616731
43.115126,0.646769,1990/01/01 02:19:30,0,33.0,8.671733
43.115083,0.646150,1990/01/01 02:19:35,0,36.4,8.722295
43.115035,0.645476,1990/01/01 02:19:40,0,39.6,8.777297
43.114982,0.644859,1990/01/01 02:19:45,0,36.4,8.827800
43.114930,0.644237,1990/01/01 02:19:51,0,30.5,8.878642
43.114860,0.643567,1990/01/01 02:19:56,0,39.6,8.933645
43.114794,0.642949,1990/01/01 02:20:01,0,36.5,8.984405
43.114713,0.642282,1990/01/01 02:20:06,0,39.6,9.039407
43.114635,0.641663,1990/01/01 02:20:11,0,36.7,9.090423
43.114540,0.640999,1990/01/01 02:20:17,0,33.0,9.145426
43.114449,0.640389,1990/01/01 02:20:22,0,36.4,9.195989
43.114341,0.639729,1990/01/01 02:20:27,0,39.6,9.250992
43.114240,0.639121,1990/01/01 02:20:32,0,36.5,9.301646
43.114129,0.638461,1990/01/01 02:20:38,0,33.0,9.356648
43.114011,0.637800,1990/01/01 02:20:43,0,39.8,9.411929
43.113888,0.637145,1990/01/01 02:20:49,0,33.0,9.466931
43.113773,0.636539,1990/01/01 02:20:54,0,36.6,9.517795
43.113649,0.635884,1990/01/01 02:20:59,0,39.6,9.572798
43.113534,0.635277,1990/01/01 02:21:04,0,36.7,9.623744
43.113411,0.634621,1990/01/01 02:21:10,0,33.0,9.678747
43.113289,0.634015,1990/01/01 02:21:15,0,36.8,9.729917
43.113155,0.633363,1990/01/01 02:21:20,0,39.6,9.784919
43.113039,0.632763,1990/01/01 02:21:25,0,36.3,9.835384
43.112921,0.632161,1990/01/01 02:21:31,0,30.4,9.886014
43.112792,0.631508,1990/01/01 02:21:36,0,39.6,9.941017
43.112672,0.630907,1990/01/01 02:21:41,0,36.4,9.991608
43.112543,0.630254,1990/01/01 02:21:46,0,39.6,10.046611
43.112422,0.629645,1990/01/01 02:21:51,0,36.9,10.097855
43.112293,0.628992,1990/01/01 02:21:57,0,33.0,10.152858
43.112173,0.628392,1990/01/01 02:22:02,0,36.4,10.203430
43.112040,0.627740,1990/01/01 02:22:07,0,39.6,10.258432
43.111918,0.627142,1990/01/01 02:22:12,0,36.3,10.308850
43.111787,0.626490,1990/01/01 02:22:18,0,33.0,10.363852
43.111664,0.625886,1990/01/01 02:22:23,0,36.7,10.414828
43.111529,0.625235,1990/01/01 02:22:28,0,39.6,10.469831
43.111402,0.624631,1990/01/01 02:22:33,0,36.8,10.520908
43.111265,0.623980,1990/01/01 02:22:39,0,33.0,10.575911
43.111136,0.623385,1990/01/01 02:22:44,0,36.4,10.626410
43.110995,0.622736,1990/01/01 02:22:49,0,39.6,10.681413
43.110862,0.622135,1990/01/01 02:22:54,0,36.7,10.732449
43.110720,0.621487,1990/01/01 02:23:00,0,33.0,10.787452
43.110577,0.620889,1990/01/01 02:23:05,0,36.8,10.838547
43.110423,0.620246,1990/01/01 02:23:10,0,39.6,10.893549
43.110288,0.619654,1990/01/01 02:23:15,0,36.3,10.943981
43.110153,0.619060,1990/01/01 02:23:21,0,30.3,10.994530
43.109997,0.618418,1990/01/01 02:23:26,0,39.6,11.049532
43.109851,0.617820,1990/01/01 02:23:31,0,36.9,11.100773
43.109693,0.617179,1990/01/01 02:23:36,0,39.6,11.155776
43.109544,0.616587,1990/01/01 02:23:41,0,36.6,11.206642
43.109373,0.615952,1990/01/01 02:23:47,0,33.0,11.261645
43.109212,0.615361,1990/01/01 02:23:52,0,36.9,11.312862
43.109034,0.614730,1990/01/01 02:23:57,0,39.6,11.367864
43.108867,0.614147,1990/01/01 02:24:02,0,36.7,11.418778
43.108686,0.613517,1990/01/01 02:24:08,0,33.0,11.473780
43.108514,0.612933,1990/01/01 02:24:13,0,36.8,11.524955
43.108326,0.612307,1990/01/01 02:24:18,0,39.6,11.579958
43.108154,0.611734,1990/01/01 02:24:23,0,36.3,11.630309
43.107965,0.611109,1990/01/01 02:24:29,0,33.0,11.685312
43.107789,0.610531,1990/01/01 02:24:34,0,36.7,11.736229
43.107599,0.609906,1990/01/01 02:24:39,0,39.6,11.791231
43.107426,0.609322,1990/01/01 02:24:44,0,36.9,11.842481
43.107241,0.608694,1990/01/01 02:24:50,0,33.0,11.897483
43.107073,0.608114,1990/01/01 02:24:55,0,36.5,11.948170
43.106893,0.607484,1990/01/01 02:25:00,0,39.6,12.003172
43.106728,0.606906,1990/01/01 02:25:05,0,36.3,12.053649
43.106563,0.606327,1990/01/01 02:25:11,0,30.3,12.104158
43.106383,0.605697,1990/01/01 02:25:16,0,39.6,12.159160
43.106216,0.605109,1990/01/01 02:25:21,0,36.9,12.210405
43.106050,0.604471,1990/01/01 02:25:26,0,39.6,12.265408
43.105899,0.603880,1990/01/01 02:25:31,0,36.7,12.316335
43.105744,0.603237,1990/01/01 02:25:37,0,33.0,12.371337
43.105604,0.602638,1990/01/01 02:25:42,0,36.8,12.422449
43.105462,0.601990,1990/01/01 02:25:47,0,39.6,12.477452
43.105332,0.601393,1990/01/01 02:25:52,0,36.5,12.528137
43.105190,0.600744,1990/01/01 02:25:58,0,33.0,12.583140
43.105057,0.600153,1990/01/01 02:26:03,0,36.2,12.633459
43.104907,0.599508,1990/01/01 02:26:08,0,39.6,12.688461
43.104768,0.598911,1990/01/01 02:26:13,0,36.7,12.739380
43.104615,0.598267,1990/01/01 02:26:19,0,33.0,12.794382
43.104478,0.597670,1990/01/01 02:26:24,0,36.7,12.845308
43.104331,0.597023,1990/01/01 02:26:29,0,39.6,12.900310
43.104195,0.596430,1990/01/01 02:26:34,0,36.4,12.950885
43.104047,0.595784,1990/01/01 02:26:40,0,33.0,13.005887
43.103906,0.595186,1990/01/01 02:26:45,0,36.8,13.056990
43.103753,0.594542,1990/01/01 02:26:50,0,39.6,13.111993
43.103612,0.593949,1990/01/01 02:26:55,0,36.5,13.162676
43.103470,0.593350,1990/01/01 02:27:01,0,30.7,13.213882
43.103330,0.592701,1990/01/01 02:27:06,0,39.6,13.268885
43.103203,0.592106,1990/01/01 02:27:11,0,36.3,13.319262
43.103067,0.591456,1990/01/01 02:27:16,0,39.6,13.374264
43.102939,0.590859,1990/01/01 02:27:21,0,36.4,13.424776
43.102788,0.590215,1990/01/01 02:27:27,0,33.0,13.479779
43.102648,0.589621,1990/01/01 02:27:32,0,36.5,13.530527
43.102497,0.588977,1990/01/01 02:27:37,0,39.6,13.585529
43.102357,0.588384,1990/01/01 02:27:42,0,36.4,13.636136
43.102204,0.587741,1990/01/01 02:27:48,0,33.0,13.691138
43.102058,0.587151,1990/01/01 02:27:53,0,36.4,13.741732
43.101894,0.586513,1990/01/01 02:27:58,0,39.6,13.796735
43.101735,0.585931,1990/01/01 02:28:03,0,36.4,13.847241
43.101556,0.585300,1990/01/01 02:28:09,0,33.0,13.902243
43.101374,0.584722,1990/01/01 02:28:14,0,36.8,13.953380
43.101173,0.584104,1990/01/01 02:28:19,0,39.6,14.008383
43.100945,0.583500,1990/01/01 02:28:25,0,33.2,14.063666
43.100712,0.582903,1990/01/01 02:28:30,0,39.6,14.118669
43.100476,0.582369,1990/01/01 02:28:35,0,36.5,14.169394
43.100240,0.581833,1990/01/01 02:28:41,0,30.5,14.220251
43.099969,0.581268,1990/01/01 02:28:46,0,39.6,14.275254
43.099719,0.580751,1990/01/01 02:28:51,0,36.3,14.325608
43.099433,0.580200,1990/01/01 02:28:56,0,39.6,14.380611
43.099169,0.579688,1990/01/01 02:29:01,0,36.6,14.431506
43.098887,0.579133,1990/01/01 02:29:07,0,33.0,14.486509
43.098633,0.578611,1990/01/01 02:29:12,0,36.7,14.537466
43.098378,0.578031,1990/01/01 02:29:17,0,39.6,14.592469
43.098156,0.577488,1990/01/01 02:29:22,0,36.5,14.643115
43.097933,0.576884,1990/01/01 02:29:28,0,33.0,14.698118
43.097746,0.576320,1990/01/01 02:29:33,0,36.2,14.748446
43.097559,0.575694,1990/01/01 02:29:38,0,39.6,14.803448
43.097391,0.575054,1990/01/01 02:29:44,0,33.2,14.858725
43.097236,0.574412,1990/01/01 02:29:49,0,39.6,14.913728
43.097120,0.573804,1990/01/01 02:29:54,0,36.8,14.964782
43.097004,0.573146,1990/01/01 02:30:00,0,33.0,15.019785
43.096931,0.572474,1990/01/01 02:30:05,0,39.8,15.075045
43.096867,0.571850,1990/01/01 02:30:11,0,30.7,15.126237
43.096838,0.571175,1990/01/01 02:30:16,0,39.6,15.181240
43.096814,0.570554,1990/01/01 02:30:21,0,36.3,15.231715
43.096818,0.569878,1990/01/01 02:30:26,0,39.6,15.286717
43.096830,0.569252,1990/01/01 02:30:31,0,36.7,15.337621
43.096879,0.568578,1990/01/01 02:30:37,0,33.0,15.392623
43.096930,0.567963,1990/01/01 02:30:42,0,36.2,15.442967
43.097003,0.567294,1990/01/01 02:30:47,0,39.6,15.497969
43.097073,0.566677,1990/01/01 02:30:52,0,36.6,15.548735
43.097154,0.566009,1990/01/01 02:30:58,0,33.0,15.603737
43.097226,0.565387,1990/01/01 02:31:03,0,36.9,15.654929
43.097300,0.564718,1990/01/01 02:31:08,0,39.6,15.709931
43.097354,0.564095,1990/01/01 02:31:13,0,36.7,15.760955
43.097403,0.563422,1990/01/01 02:31:19,0,33.0,15.815958
43.097429,0.562799,1990/01/01 02:31:24,0,36.5,15.866683
43.097448,0.562122,1990/01/01 02:31:29,0,39.6,15.921685
43.097439,0.561503,1990/01/01 02:31:34,0,36.3,15.972057
43.097422,0.560827,1990/01/01 02:31:40,0,33.0,16.027060
43.097381,0.560202,1990/01/01 02:31:45,0,36.7,16.078044
43.097332,0.559528,1990/01/01 02:31:50,0,39.6,16.133047
43.097265,0.558915,1990/01/01 02:31:55,0,36.3,16.183441
43.097197,0.558292,1990/01/01 02:32:01,0,30.8,16.234701
43.097111,0.557625,1990/01/01 02:32:06,0,39.6,16.289704
43.097029,0.557015,1990/01/01 02:32:11,0,36.3,16.340143
43.096912,0.556358,1990/01/01 02:32:16,0,39.6,16.395146
43.096798,0.555749,1990/01/01 02:32:21,0,36.7,16.446181
43.096653,0.555103,1990/01/01 02:32:27,0,33.0,16.501184
43.096514,0.554505,1990/01/01 02:32:32,0,36.7,16.552178
43.096350,0.553866,1990/01/01 02:32:37,0,39.6,16.607180
43.096193,0.553282,1990/01/01 02:32:42,0,36.4,16.657804
43.096013,0.552652,1990/01/01 02:32:48,0,33.0,16.712807
43.095842,0.552067,1990/01/01 02:32:53,0,36.9,16.764000
43.095655,0.551441,1990/01/01 02:32:58,0,39.6,16.819003
43.095484,0.550868,1990/01/01 02:33:03,0,36.2,16.869341
43.095298,0.550241,1990/01/01 02:33:09,0,33.0,16.924343
43.095124,0.549657,1990/01/01 02:33:14,0,36.9,16.975599
43.094937,0.549031,1990/01/01 02:33:19,0,39.6,17.030602
43.094766,0.548456,1990/01/01 02:33:24,0,36.3,17.081060
43.094579,0.547830,1990/01/01 02:33:30,0,33.0,17.136062
43.094411,0.547251,1990/01/01 02:33:35,0,36.4,17.186674
43.094228,0.546622,1990/01/01 02:33:40,0,39.6,17.241677
43.094061,0.546043,1990/01/01 02:33:45,0,36.5,17.292306
43.093880,0.545410,1990/01/01 02:33:51,0,33.2,17.347583
43.093716,0.544772,1990/01/01 02:33:56,0,39.6,17.402586
43.093566,0.544188,1990/01/01 02:34:01,0,36.2,17.452913
43.093409,0.543546,1990/01/01 02:34:07,0,33.0,17.507916
43.093267,0.542947,1990/01/01 02:34:12,0,36.8,17.559068
43.093128,0.542298,1990/01/01 02:34:17,0,39.6,17.614071
43.093002,0.541693,1990/01/01 02:34:22,0,36.8,17.665199
43.092875,0.541040,1990/01/01 02:34:28,0,33.0,17.720202
43.092772,0.540433,1990/01/01 02:34:33,0,36.4,17.770814
43.092678,0.539769,1990/01/01 02:34:38,0,39.6,17.825817
43.092594,0.539157,1990/01/01 02:34:43,0,36.4,17.876410
43.092506,0.538492,1990/01/01 02:34:49,0,33.0,17.931413
43.092423,0.537821,1990/01/01 02:34:54,0,39.8,17.986696
43.092342,0.537154,1990/01/01 02:35:00,0,33.0,18.041699
43.092275,0.536538,1990/01/01 02:35:05,0,36.4,18.092322
43.092203,0.535868,1990/01/01 02:35:10,0,39.6,18.147325
43.092134,0.535253,1990/01/01 02:35:15,0,36.4,18.197942
43.092065,0.534636,1990/01/01 02:35:21,0,30.4,18.248668
43.091993,0.533966,1990/01/01 02:35:26,0,39.6,18.303671
43.091928,0.533353,1990/01/01 02:35:31,0,36.3,18.354070
43.091852,0.532684,1990/01/01 02:35:36,0,39.6,18.409073
43.091782,0.532066,1990/01/01 02:35:41,0,36.6,18.459957
43.091708,0.531397,1990/01/01 02:35:47,0,33.0,18.514960
43.091638,0.530780,1990/01/01 02:35:52,0,36.6,18.565737
43.091557,0.530112,1990/01/01 02:35:57,0,39.6,18.620740
43.091483,0.529494,1990/01/01 02:36:02,0,36.7,18.671696
43.091405,0.528826,1990/01/01 02:36:08,0,33.0,18.726699
43.091335,0.528204,1990/01/01 02:36:13,0,36.8,18.777857
43.091264,0.527534,1990/01/01 02:36:18,0,39.6,18.832859
43.091202,0.526914,1990/01/01 02:36:23,0,36.6,18.883748
43.091136,0.526243,1990/01/01 02:36:29,0,33.0,18.938751
43.091078,0.525622,1990/01/01 02:36:34,0,36.7,18.989666
43.091016,0.524951,1990/01/01 02:36:39,0,39.6,19.044669
43.090974,0.524328,1990/01/01 02:36:44,0,36.6,19.095502
43.090934,0.523654,1990/01/01 02:36:50,0,33.0,19.150505
43.090909,0.522975,1990/01/01 02:36:55,0,39.8,19.205793
43.090888,0.522352,1990/01/01 02:37:01,0,30.4,19.256471
43.090896,0.521675,1990/01/01 02:37:06,0,39.6,19.311473
43.090907,0.521046,1990/01/01 02:37:11,0,36.9,19.362666
43.090947,0.520371,1990/01/01 02:37:16,0,39.6,19.417668
43.090987,0.519743,1990/01/01 02:37:21,0,36.9,19.468905
43.091041,0.519071,1990/01/01 02:37:27,0,33.0,19.523907
43.091096,0.518454,1990/01/01 02:37:32,0,36.4,19.574445
43.091170,0.517785,1990/01/01 02:37:37,0,39.6,19.629447
43.091239,0.517171,1990/01/01 02:37:42,0,36.3,19.679908
43.091314,0.516503,1990/01/01 02:37:48,0,33.0,19.734911
43.091378,0.515889,1990/01/01 02:37:53,0,36.3,19.785296
43.091442,0.515218,1990/01/01 02:37:58,0,39.6,19.840298
43.091499,0.514604,1990/01/01 02:38:03,0,36.2,19.890641
43.091560,0.513932,1990/01/01 02:38:09,0,33.0,19.945644
43.091623,0.513314,1990/01/01 02:38:14,0,36.5,19.996398
43.091695,0.512645,1990/01/01 02:38:19,0,39.6,20.051400
43.091755,0.512026,1990/01/01 02:38:24,0,36.5,20.102157
43.091818,0.511355,1990/01/01 02:38:30,0,33.0,20.157159
43.091884,0.510741,1990/01/01 02:38:35,0,36.3,20.207577
43.091958,0.510072,1990/01/01 02:38:40,0,39.6,20.262579
43.092039,0.509460,1990/01/01 02:38:45,0,36.4,20.313112
43.092121,0.508848,1990/01/01 02:38:51,0,30.4,20.363731
43.092236,0.508190,1990/01/01 02:38:56,0,39.6,20.418733
43.092345,0.507579,1990/01/01 02:39:01,0,36.8,20.469856
43.092479,0.506928,1990/01/01 02:39:06,0,39.6,20.524859
43.092607,0.506330,1990/01/01 02:39:11,0,36.5,20.575513
43.092762,0.505687,1990/01/01 02:39:17,0,33.0,20.630516
43.092912,0.505094,1990/01/01 02:39:22,0,36.8,20.681585
43.093091,0.504463,1990/01/01 02:39:27,0,39.6,20.736588
43.093285,0.503837,1990/01/01 02:39:33,0,33.2,20.791852
43.093495,0.503225,1990/01/01 02:39:38,0,39.6,20.846855
43.093712,0.502677,1990/01/01 02:39:43,0,36.5,20.897512
43.093963,0.502094,1990/01/01 02:39:49,0,33.0,20.952514
43.094214,0.501568,1990/01/01 02:39:54,0,36.8,21.003567
43.094492,0.501009,1990/01/01 02:39:59,0,39.6,21.058570
43.094757,0.500494,1990/01/01 02:40:04,0,36.9,21.109791
43.095044,0.499944,1990/01/01 02:40:10,0,33.0,21.164794
43.095317,0.499441,1990/01/01 02:40:15,0,36.6,21.215691
43.095612,0.498899,1990/01/01 02:40:20,0,39.6,21.270693
43.095890,0.498402,1990/01/01 02:40:25,0,36.6,21.321558
43.096166,0.497908,1990/01/01 02:40:31,0,30.3,21.372101
43.096454,0.497358,1990/01/01 02:40:36,0,39.6,21.427104
43.096720,0.496849,1990/01/01 02:40:41,0,36.7,21.478031
43.097006,0.496297,1990/01/01 02:40:46,0,39.6,21.533033
43.097266,0.495784,1990/01/01 02:40:51,0,36.5,21.583706
43.097532,0.495215,1990/01/01 02:40:57,0,33.0,21.638709
43.097777,0.494690,1990/01/01 02:41:02,0,36.5,21.689345
43.098039,0.494116,1990/01/01 02:41:07,0,39.6,21.744347
43.098274,0.493583,1990/01/01 02:41:12,0,36.4,21.794951
43.098520,0.492996,1990/01/01 02:41:18,0,33.0,21.849954
43.098743,0.492447,1990/01/01 02:41:23,0,36.8,21.901028
43.098976,0.491851,1990/01/01 02:41:28,0,39.6,21.956031
43.099181,0.491294,1990/01/01 02:41:33,0,36.5,22.006681
43.099397,0.490685,1990/01/01 02:41:39,0,33.0,22.061684
43.099593,0.490115,1990/01/01 02:41:44,0,36.9,22.112933
43.099802,0.489502,1990/01/01 02:41:49,0,39.6,22.167935
43.099984,0.488934,1990/01/01 02:41:54,0,36.3,22.218325
43.100182,0.488314,1990/01/01 02:42:00,0,33.0,22.273328
43.100352,0.487730,1990/01/01 02:42:05,0,36.8,22.324429
43.100534,0.487101,1990/01/01 02:42:10,0,39.6,22.379432
43.100697,0.486522,1990/01/01 02:42:15,0,36.3,22.429863
43.100860,0.485943,1990/01/01 02:42:21,0,30.3,22.480354
43.101033,0.485309,1990/01/01 02:42:26,0,39.6,22.535356
43.101193,0.484723,1990/01/01 02:42:31,0,36.6,22.586136
43.101368,0.484091,1990/01/01 02:42:36,0,39.6,22.641139
43.101532,0.483501,1990/01/01 02:42:41,0,36.9,22.692385
43.101706,0.482868,1990/01/01 02:42:47,0,33.0,22.747387
43.101865,0.482283,1990/01/01 02:42:52,0,36.6,22.798165
43.102035,0.481648,1990/01/01 02:42:57,0,39.6,22.853167
43.102197,0.481059,1990/01/01 02:43:02,0,36.8,22.904278
43.102378,0.480429,1990/01/01 02:43:08,0,33.0,22.959281
43.102542,0.479841,1990/01/01 02:43:13,0,36.9,23.010474
43.102714,0.479206,1990/01/01 02:43:18,0,39.6,23.065476
43.102874,0.478616,1990/01/01 02:43:23,0,36.9,23.116705
43.103048,0.477982,1990/01/01 02:43:29,0,33.0,23.171708
43.103202,0.477399,1990/01/01 02:43:34,0,36.3,23.222119
43.103369,0.476762,1990/01/01 02:43:39,0,39.6,23.277122
43.103530,0.476173,1990/01/01 02:43:44,0,36.8,23.328189
43.103705,0.475541,1990/01/01 02:43:50,0,33.0,23.383191
43.103875,0.474967,1990/01/01 02:43:55,0,36.2,23.433498
43.104063,0.474342,1990/01/01 02:44:00,0,39.6,23.488500
43.104238,0.473768,1990/01/01 02:44:05,0,36.4,23.539005
43.104413,0.473191,1990/01/01 02:44:11,0,30.5,23.589768
43.104611,0.472571,1990/01/01 02:44:16,0,39.6,23.644770
43.104792,0.472004,1990/01/01 02:44:21,0,36.2,23.695095
43.104991,0.471384,1990/01/01 02:44:26,0,39.6,23.750098
43.105175,0.470811,1990/01/01 02:44:31,0,36.6,23.800994
43.105378,0.470194,1990/01/01 02:44:37,0,33.0,23.855996
43.105569,0.469623,1990/01/01 02:44:42,0,36.8,23.907040
43.105781,0.469012,1990/01/01 02:44:47,0,39.6,23.962042
43.105978,0.468451,1990/01/01 02:44:52,0,36.4,24.012632
43.106197,0.467844,1990/01/01 02:44:58,0,33.0,24.067635
43.106398,0.467285,1990/01/01 02:45:03,0,36.5,24.118307
43.106618,0.466679,1990/01/01 02:45:08,0,39.6,24.173310
43.106820,0.466120,1990/01/01 02:45:13,0,36.5,24.224041
43.107040,0.465513,1990/01/01 02:45:19,0,33.0,24.279044
43.107242,0.464892,1990/01/01 02:45:24,0,39.8,24.334310
43.107434,0.464269,1990/01/01 02:45:30,0,33.0,24.389312
43.107597,0.463685,1990/01/01 02:45:35,0,36.6,24.440080
43.107772,0.463052,1990/01/01 02:45:40,0,39.6,24.495082
43.107911,0.462452,1990/01/01 02:45:45,0,36.9,24.546306
43.108049,0.461853,1990/01/01 02:45:51,0,30.6,24.597294
43.108171,0.461197,1990/01/01 02:45:56,0,39.6,24.652296
43.108282,0.460590,1990/01/01 02:46:01,0,36.7,24.703203
43.108375,0.459925,1990/01/01 02:46:06,0,39.6,24.758205
43.108457,0.459307,1990/01/01 02:46:11,0,36.8,24.809295
43.108524,0.458636,1990/01/01 02:46:17,0,33.0,24.864297
43.108577,0.458016,1990/01/01 02:46:22,0,36.5,24.915034
43.108610,0.457341,1990/01/01 02:46:27,0,39.6,24.970037
43.108630,0.456719,1990/01/01 02:46:32,0,36.4,25.020596
43.108633,0.456042,1990/01/01 02:46:38,0,33.0,25.075599
43.108624,0.455423,1990/01/01 02:46:43,0,36.2,25.125905
43.108600,0.454747,1990/01/01 02:46:48,0,39.6,25.180908
43.108561,0.454122,1990/01/01 02:46:53,0,36.7,25.231916
43.108506,0.453450,1990/01/01 02:46:59,0,33.0,25.286919
43.108440,0.452825,1990/01/01 02:47:04,0,36.9,25.338177
43.108362,0.452157,1990/01/01 02:47:09,0,39.6,25.393179
43.108271,0.451550,1990/01/01 02:47:14,0,36.3,25.443569
43.108166,0.450888,1990/01/01 02:47:20,0,33.0,25.498571
43.108066,0.450283,1990/01/01 02:47:25,0,36.3,25.548995
43.107955,0.449624,1990/01/01 02:47:30,0,39.6,25.603997
43.107848,0.449014,1990/01/01 02:47:35,0,36.7,25.654973
43.107741,0.448408,1990/01/01 02:47:41,0,30.4,25.705655
43.107628,0.447749,1990/01/01 02:47:46,0,39.6,25.760657
43.107523,0.447137,1990/01/01 02:47:51,0,36.8,25.811707
43.107414,0.446477,1990/01/01 02:47:56,0,39.6,25.866710
43.107312,0.445867,1990/01/01 02:48:01,0,36.6,25.917608
43.107201,0.445207,1990/01/01 02:48:07,0,33.0,25.972611
43.107097,0.444593,1990/01/01 02:48:12,0,36.9,26.023828
43.106986,0.443934,1990/01/01 02:48:17,0,39.6,26.078831
43.106886,0.443324,1990/01/01 02:48:22,0,36.6,26.129676
43.106780,0.442662,1990/01/01 02:48:28,0,33.0,26.184679
43.106682,0.442052,1990/01/01 02:48:33,0,36.6,26.235461
43.106573,0.441392,1990/01/01 02:48:38,0,39.6,26.290463
43.106475,0.440783,1990/01/01 02:48:43,0,36.5,26.341140
43.106371,0.440122,1990/01/01 02:48:49,0,33.0,26.396142
43.106277,0.439516,1990/01/01 02:48:54,0,36.2,26.446456
43.106175,0.438854,1990/01/01 02:48:59,0,39.6,26.501458
43.106071,0.438245,1990/01/01 02:49:04,0,36.6,26.552241
43.105956,0.437587,1990/01/01 02:49:10,0,33.0,26.607244
43.105856,0.436982,1990/01/01 02:49:15,0,36.3,26.657665
43.105748,0.436322,1990/01/01 02:49:20,0,39.6,26.712668
43.105654,0.435712,1990/01/01 02:49:25,0,36.5,26.763351
43.105560,0.435097,1990/01/01 02:49:31,0,30.6,26.814412
43.105471,0.434431,1990/01/01 02:49:36,0,39.6,26.869415
43.105388,0.433817,1990/01/01 02:49:41,0,36.6,26.920197
43.105298,0.433151,1990/01/01 02:49:46,0,39.6,26.975199
43.105212,0.432533,1990/01/01 02:49:51,0,36.8,27.026374
43.105104,0.431872,1990/01/01 02:49:57,0,33.0,27.081377
43.105004,0.431267,1990/01/01 02:50:02,0,36.3,27.131790
43.104892,0.430608,1990/01/01 02:50:07,0,39.6,27.186792
43.104792,0.430003,1990/01/01 02:50:12,0,36.3,27.237189
43.104689,0.429342,1990/01/01 02:50:18,0,33.0,27.292192
43.104593,0.428734,1990/01/01 02:50:23,0,36.4,27.342701
43.104488,0.428073,1990/01/01 02:50:28,0,39.6,27.397704
43.104392,0.427468,1990/01/01 02:50:33,0,36.2,27.447999
43.104285,0.426808,1990/01/01 02:50:39,0,33.0,27.503001
43.104187,0.426200,1990/01/01 02:50:44,0,36.4,27.553606
43.104080,0.425539,1990/01/01 02:50:49,0,39.6,27.608608
43.103983,0.424930,1990/01/01 02:50:54,0,36.5,27.659261
43.103878,0.424269,1990/01/01 02:51:00,0,33.0,27.714264
43.103775,0.423660,1990/01/01 02:51:05,0,36.6,27.765034
43.103661,0.423002,1990/01/01 02:51:10,0,39.6,27.820036
43.103557,0.422390,1990/01/01 02:51:15,0,36.8,27.871116
43.103453,0.421781,1990/01/01 02:51:21,0,30.5,27.921941
43.103332,0.421125,1990/01/01 02:51:26,0,39.6,27.976944
43.103220,0.420524,1990/01/01 02:51:31,0,36.3,28.027343
43.103089,0.419871,1990/01/01 02:51:36,0,39.6,28.082346
43.102966,0.419268,1990/01/01 02:51:41,0,36.7,28.133288
43.102823,0.418620,1990/01/01 02:51:47,0,33.0,28.188291
43.102687,0.418020,1990/01/01 02:51:52,0,36.7,28.239324
43.102534,0.417377,1990/01/01 02:51:57,0,39.6,28.294327
43.102373,0.416733,1990/01/01 02:52:03,0,33.2,28.349613
43.102207,0.416096,1990/01/01 02:52:08,0,39.6,28.404616
43.102045,0.415506,1990/01/01 02:52:13,0,36.9,28.455846
43.101865,0.414876,1990/01/01 02:52:19,0,33.0,28.510848
43.101698,0.414292,1990/01/01 02:52:24,0,36.7,28.561777
43.101517,0.413663,1990/01/01 02:52:29,0,39.6,28.616780
43.101347,0.413077,1990/01/01 02:52:34,0,36.9,28.668008
43.101163,0.412449,1990/01/01 02:52:40,0,33.0,28.723011
43.100997,0.411860,1990/01/01 02:52:45,0,36.9,28.774283
43.100819,0.411229,1990/01/01 02:52:50,0,39.6,28.829285
43.100659,0.410643,1990/01/01 02:52:55,0,36.6,28.880174
43.100498,0.410054,1990/01/01 02:53:01,0,30.7,28.931279
43.100330,0.409418,1990/01/01 02:53:06,0,39.6,28.986281
43.100176,0.408827,1990/01/01 02:53:11,0,36.7,29.037266
43.100030,0.408180,1990/01/01 02:53:16,0,39.6,29.092268
43.099901,0.407584,1990/01/01 02:53:21,0,36.4,29.142784
43.099781,0.406928,1990/01/01 02:53:27,0,33.0,29.197787
43.099678,0.406325,1990/01/01 02:53:32,0,36.2,29.248100
43.099581,0.405662,1990/01/01 02:53:37,0,39.6,29.303103
43.099501,0.405052,1990/01/01 02:53:42,0,36.2,29.353446
43.099429,0.404383,1990/01/01 02:53:48,0,33.0,29.408449
43.099370,0.403764,1990/01/01 02:53:53,0,36.5,29.459158
43.099315,0.403092,1990/01/01 02:53:58,0,39.6,29.514160
43.099275,0.402467,1990/01/01 02:54:03,0,36.7,29.565157
43.099240,0.401792,1990/01/01 02:54:09,0,33.0,29.620160
43.099220,0.401162,1990/01/01 02:54:14,0,36.9,29.671384
43.099207,0.400486,1990/01/01 02:54:19,0,39.6,29.726386
43.099212,0.399866,1990/01/01 02:54:24,0,36.2,29.776724
43.099223,0.399190,1990/01/01 02:54:30,0,33.0,29.831727
43.099247,0.398565,1990/01/01 02:54:35,0,36.6,29.882574
43.099274,0.397890,1990/01/01 02:54:40,0,39.6,29.937577
43.099316,0.397262,1990/01/01 02:54:45,0,36.9,29.988793
43.099358,0.396643,1990/01/01 02:54:51,0,30.3,30.039323
43.099421,0.395972,1990/01/01 02:54:56,0,39.6,30.094326
43.099484,0.395355,1990/01/01 02:55:01,0,36.4,30.144915
43.099594,0.394696,1990/01/01 02:55:06,0,39.6,30.199918
43.099712,0.394097,1990/01/01 02:55:11,0,36.3,30.250343
43.099916,0.393480,1990/01/01 02:55:17,0,33.0,30.305346
43.100178,0.392906,1990/01/01 02:55:22,0,39.7,30.360434
43.100533,0.392434,1990/01/01 02:55:28,0,33.0,30.415436
43.100872,0.392010,1990/01/01 02:55:33,0,36.8,30.466586
43.101249,0.391572,1990/01/01 02:55:38,0,39.6,30.521588
43.101101,0.390936,1990/01/01 02:55:45,0,27.9,30.575801
43.100810,0.390457,1990/01/01 02:55:51,0,30.4,30.626504
43.100316,0.390431,1990/01/01 02:55:56,0,39.6,30.681506
43.099858,0.390407,1990/01/01 02:56:01,0,36.7,30.732509
43.099365,0.390382,1990/01/01 02:56:06,0,39.6,30.787511
43.098907,0.390358,1990/01/01 02:56:11,0,36.7,30.838513
43.098413,0.390332,1990/01/01 02:56:17,0,33.0,30.893516
43.097955,0.390308,1990/01/01 02:56:22,0,36.7,30.944518
43.097461,0.390283,1990/01/01 02:56:27,0,39.6,30.999521
43.096996,0.390098,1990/01/01 02:56:33,0,32.4,31.053468
43.096584,0.389725,1990/01/01 02:56:38,0,39.6,31.108471
43.096115,0.389561,1990/01/01 02:56:44,0,32.3,31.162320
43.095622,0.389525,1990/01/01 02:56:49,0,39.6,31.217322
43.095169,0.389606,1990/01/01 02:56:54,0,36.6,31.268165
43.094683,0.389727,1990/01/01 02:57:00,0,33.0,31.323167
43.094235,0.389839,1990/01/01 02:57:05,0,36.4,31.373790
43.093749,0.389961,1990/01/01 02:57:10,0,39.6,31.428793
43.093299,0.390075,1990/01/01 02:57:15,0,36.7,31.479795
43.092851,0.390188,1990/01/01 02:57:21,0,30.4,31.530482
43.092365,0.390311,1990/01/01 02:57:26,0,39.6,31.585485
43.091916,0.390394,1990/01/01 02:57:31,0,36.3,31.635918
43.091448,0.390179,1990/01/01 02:57:36,0,39.6,31.690921
43.091029,0.389861,1990/01/01 02:57:42,0,32.0,31.744200
43.090771,0.389284,1990/01/01 02:57:47,0,39.6,31.799202
43.090512,0.388774,1990/01/01 02:57:52,0,36.4,31.849706
43.090194,0.388256,1990/01/01 02:57:58,0,33.0,31.904708
43.089918,0.387763,1990/01/01 02:58:03,0,36.4,31.955233
43.089635,0.387209,1990/01/01 02:58:08,0,39.6,32.010236
43.089399,0.386679,1990/01/01 02:58:13,0,36.3,32.060678
43.089160,0.386087,1990/01/01 02:58:19,0,33.0,32.115681
43.088877,0.385603,1990/01/01 02:58:24,0,36.3,32.166050
43.088540,0.385108,1990/01/01 02:58:29,0,39.6,32.221053
43.088272,0.384601,1990/01/01 02:58:34,0,36.6,32.271944
43.087997,0.384039,1990/01/01 02:58:40,0,33.0,32.326947
43.087751,0.383510,1990/01/01 02:58:45,0,36.7,32.377900
43.087487,0.382939,1990/01/01 02:58:50,0,39.6,32.432903
43.087100,0.382604,1990/01/01 02:58:55,0,36.7,32.483807
43.086710,0.382272,1990/01/01 02:59:01,0,30.7,32.534929
43.086220,0.382357,1990/01/01 02:59:06,0,39.6,32.589931
43.085741,0.382501,1990/01/01 02:59:11,0,39.3,32.644495
43.085347,0.382908,1990/01/01 02:59:17,0,33.0,32.699498
43.084913,0.383214,1990/01/01 02:59:22,0,39.1,32.753783
43.084426,0.383325,1990/01/01 02:59:28,0,33.0,32.808785
43.083974,0.383428,1990/01/01 02:59:33,0,36.7,32.859788
43.083486,0.383538,1990/01/01 02:59:38,0,39.6,32.914790
43.083036,0.383638,1990/01/01 02:59:43,0,36.6,32.965572
43.082548,0.383746,1990/01/01 02:59:49,0,33.0,33.020574
43.082095,0.383721,1990/01/01 02:59:54,0,36.4,33.071112
43.081605,0.383632,1990/01/01 02:59:59,0,39.6,33.126114
43.081282,0.383162,1990/01/01 03:00:05,0,31.5,33.178617
43.080998,0.382608,1990/01/01 03:00:10,0,39.6,33.233620
43.080719,0.382110,1990/01/01 03:00:15,0,36.7,33.284621
43.080444,0.381620,1990/01/01 03:00:21,0,30.2,33.334924
43.080071,0.381175,1990/01/01 03:00:26,0,39.6,33.389926
43.079760,0.380685,1990/01/01 03:00:31,0,38.1,33.442795
43.079742,0.380008,1990/01/01 03:00:37,0,33.0,33.497798
43.079847,0.379382,1990/01/01 03:00:42,0,37.6,33.550040
43.080167,0.378866,1990/01/01 03:00:48,0,33.0,33.605042
43.080463,0.378388,1990/01/01 03:00:53,0,36.7,33.656045
43.080783,0.377872,1990/01/01 03:00:58,0,39.6,33.711047
43.081079,0.377394,1990/01/01 03:01:03,0,36.7,33.762049
43.081399,0.376878,1990/01/01 03:01:09,0,33.0,33.817052
43.081696,0.376400,1990/01/01 03:01:14,0,36.7,33.868054
43.082015,0.375884,1990/01/01 03:01:19,0,39.6,33.923057
43.082277,0.375370,1990/01/01 03:01:24,0,36.7,33.973996
43.082548,0.374805,1990/01/01 03:01:30,0,33.0,34.028998
43.082624,0.374193,1990/01/01 03:01:35,0,36.3,34.079459
43.082680,0.373521,1990/01/01 03:01:40,0,39.6,34.134462
43.082731,0.372897,1990/01/01 03:01:45,0,36.7,34.185464
43.082783,0.372274,1990/01/01 03:01:51,0,30.6,34.236466
43.082814,0.371599,1990/01/01 03:01:56,0,39.6,34.291469
43.082821,0.370922,1990/01/01 03:02:01,0,39.6,34.346483
43.082718,0.370261,1990/01/01 03:02:07,0,33.0,34.401485
43.082623,0.369647,1990/01/01 03:02:12,0,36.7,34.452488
43.082520,0.368985,1990/01/01 03:02:17,0,39.6,34.507490
43.082424,0.368372,1990/01/01 03:02:22,0,36.7,34.558493
43.082322,0.367710,1990/01/01 03:02:28,0,33.0,34.613495
43.082130,0.367084,1990/01/01 03:02:33,0,39.7,34.668653
43.081868,0.366511,1990/01/01 03:02:39,0,33.0,34.723656
43.081608,0.365992,1990/01/01 03:02:44,0,36.8,34.774785
43.081320,0.365443,1990/01/01 03:02:49,0,39.6,34.829787
43.081070,0.364918,1990/01/01 03:02:54,0,36.7,34.880775
43.080805,0.364346,1990/01/01 03:03:00,0,33.0,34.935777
43.080701,0.363742,1990/01/01 03:03:05,0,36.4,34.986282
43.080609,0.363077,1990/01/01 03:03:10,0,39.6,35.041284
43.080549,0.362455,1990/01/01 03:03:15,0,36.7,35.092285
43.080490,0.361832,1990/01/01 03:03:21,0,30.7,35.143378
43.080546,0.361160,1990/01/01 03:03:26,0,39.6,35.198380
43.080643,0.360500,1990/01/01 03:03:31,0,39.4,35.253153
43.080923,0.359942,1990/01/01 03:03:37,0,33.0,35.308156
43.080926,0.359303,1990/01/01 03:03:43,0,31.2,35.360103
43.080595,0.358801,1990/01/01 03:03:49,0,33.0,35.415105
43.080435,0.358178,1990/01/01 03:03:54,0,38.7,35.468817
43.080342,0.357513,1990/01/01 03:04:00,0,33.0,35.523819
43.080352,0.356886,1990/01/01 03:04:05,0,36.7,35.574801
43.080376,0.356211,1990/01/01 03:04:10,0,39.6,35.629804
43.080398,0.355584,1990/01/01 03:04:15,0,36.7,35.680806
43.080420,0.354958,1990/01/01 03:04:21,0,30.6,35.731808
43.080655,0.354362,1990/01/01 03:04:26,0,39.6,35.786811
43.080872,0.353818,1990/01/01 03:04:31,0,36.3,35.837246
43.081125,0.353237,1990/01/01 03:04:36,0,39.6,35.892249
43.081360,0.352699,1990/01/01 03:04:41,0,36.7,35.943251
43.081614,0.352118,1990/01/01 03:04:47,0,33.0,35.998253
43.081849,0.351580,1990/01/01 03:04:52,0,36.7,36.049256
43.082103,0.350999,1990/01/01 03:04:57,0,39.6,36.104258
43.082338,0.350461,1990/01/01 03:05:02,0,36.7,36.155261
43.082592,0.349880,1990/01/01 03:05:08,0,33.0,36.210263
43.082827,0.349342,1990/01/01 03:05:13,0,36.7,36.261266
43.083080,0.348761,1990/01/01 03:05:18,0,39.6,36.316268
43.083316,0.348223,1990/01/01 03:05:23,0,36.7,36.367271
43.083569,0.347642,1990/01/01 03:05:29,0,33.0,36.422273
43.083804,0.347104,1990/01/01 03:05:34,0,36.7,36.473275
43.084058,0.346523,1990/01/01 03:05:39,0,39.6,36.528278
43.084293,0.345985,1990/01/01 03:05:44,0,36.7,36.579280
43.084547,0.345404,1990/01/01 03:05:50,0,33.0,36.634283
43.084782,0.344866,1990/01/01 03:05:55,0,36.7,36.685285
43.085035,0.344285,1990/01/01 03:06:00,0,39.6,36.740288
43.085270,0.343747,1990/01/01 03:06:05,0,36.7,36.791290
43.085506,0.343208,1990/01/01 03:06:11,0,30.6,36.842293
43.085759,0.342628,1990/01/01 03:06:16,0,39.6,36.897295
43.085994,0.342089,1990/01/01 03:06:21,0,36.7,36.948298
43.086248,0.341509,1990/01/01 03:06:26,0,39.6,37.003300
43.086483,0.340970,1990/01/01 03:06:31,0,36.7,37.054302
43.086736,0.340389,1990/01/01 03:06:37,0,33.0,37.109305
43.086972,0.339851,1990/01/01 03:06:42,0,36.7,37.160307
43.087225,0.339270,1990/01/01 03:06:47,0,39.6,37.215310
43.087460,0.338732,1990/01/01 03:06:52,0,36.7,37.266312
43.087714,0.338151,1990/01/01 03:06:58,0,33.0,37.321315
43.088060,0.337675,1990/01/01 03:07:03,0,39.3,37.375882
43.088474,0.337306,1990/01/01 03:07:09,0,33.0,37.430885
43.088864,0.336985,1990/01/01 03:07:14,0,36.5,37.481575
43.089292,0.336647,1990/01/01 03:07:19,0,39.6,37.536577
43.089688,0.336333,1990/01/01 03:07:24,0,36.7,37.587580
43.090116,0.335994,1990/01/01 03:07:30,0,33.0,37.642582
43.090513,0.335680,1990/01/01 03:07:35,0,36.7,37.693585
43.090941,0.335341,1990/01/01 03:07:40,0,39.6,37.748587
43.091337,0.335027,1990/01/01 03:07:45,0,36.7,37.799590
43.091734,0.334713,1990/01/01 03:07:51,0,30.6,37.850592
43.092162,0.334375,1990/01/01 03:07:56,0,39.6,37.905595
43.092558,0.334061,1990/01/01 03:08:01,0,36.7,37.956597
43.092986,0.333722,1990/01/01 03:08:06,0,39.6,38.011599
43.093383,0.333408,1990/01/01 03:08:11,0,36.7,38.062602
43.093810,0.333069,1990/01/01 03:08:17,0,33.0,38.117604
43.094207,0.332755,1990/01/01 03:08:22,0,36.7,38.168607
43.094635,0.332417,1990/01/01 03:08:27,0,39.6,38.223609
43.095031,0.332102,1990/01/01 03:08:32,0,36.7,38.274612
43.095459,0.331764,1990/01/01 03:08:38,0,33.0,38.329614
43.095856,0.331450,1990/01/01 03:08:43,0,36.7,38.380616
43.096284,0.331111,1990/01/01 03:08:48,0,39.6,38.435619
43.096680,0.330797,1990/01/01 03:08:53,0,36.7,38.486621
43.097108,0.330458,1990/01/01 03:08:59,0,33.0,38.541624
43.097505,0.330144,1990/01/01 03:09:04,0,36.7,38.592626
43.097932,0.329805,1990/01/01 03:09:09,0,39.6,38.647629
43.098329,0.329491,1990/01/01 03:09:14,0,36.7,38.698631
43.098757,0.329153,1990/01/01 03:09:20,0,33.0,38.753634
43.099153,0.328838,1990/01/01 03:09:25,0,36.7,38.804636
43.099581,0.328500,1990/01/01 03:09:30,0,39.6,38.859639
43.099978,0.328186,1990/01/01 03:09:35,0,36.7,38.910641
43.100374,0.327871,1990/01/01 03:09:41,0,30.6,38.961643
43.100813,0.327561,1990/01/01 03:09:46,0,39.6,39.016646
43.101269,0.327319,1990/01/01 03:09:51,0,39.2,39.071077
43.101759,0.327407,1990/01/01 03:09:57,0,33.0,39.126079
43.102213,0.327488,1990/01/01 03:10:02,0,36.7,39.177082
43.102703,0.327576,1990/01/01 03:10:07,0,39.6,39.232084
43.103157,0.327658,1990/01/01 03:10:12,0,36.7,39.283087
43.103647,0.327746,1990/01/01 03:10:18,0,33.0,39.338089
43.104107,0.327592,1990/01/01 03:10:23,0,38.0,39.390813
43.104526,0.327233,1990/01/01 03:10:29,0,33.0,39.445816
43.104851,0.326721,1990/01/01 03:10:34,0,39.7,39.500891
43.105129,0.326162,1990/01/01 03:10:40,0,33.0,39.555893
43.105320,0.325599,1990/01/01 03:10:45,0,36.3,39.606337
43.105519,0.324980,1990/01/01 03:10:50,0,39.6,39.661340
43.105950,0.324779,1990/01/01 03:10:55,0,36.5,39.712013
43.106382,0.324586,1990/01/01 03:11:01,0,30.4,39.762643
43.106235,0.325296,1990/01/01 03:11:06,0,43.2,39.822646
43.106106,0.325913,1990/01/01 03:11:11,0,37.5,39.874760
43.105958,0.326558,1990/01/01 03:11:16,0,39.6,39.929763
43.105823,0.327151,1990/01/01 03:11:21,0,36.3,39.980202
43.105689,0.327803,1990/01/01 03:11:26,0,39.6,40.035204
43.105565,0.328407,1990/01/01 03:11:31,0,36.7,40.086207
43.105432,0.329058,1990/01/01 03:11:37,0,33.0,40.141209
43.105308,0.329662,1990/01/01 03:11:42,0,36.7,40.192212
43.105174,0.330314,1990/01/01 03:11:47,0,39.6,40.247214
43.105058,0.330921,1990/01/01 03:11:52,0,36.7,40.298207
43.104943,0.331579,1990/01/01 03:11:58,0,33.0,40.353209
43.104865,0.332193,1990/01/01 03:12:03,0,36.5,40.403836
43.104811,0.332865,1990/01/01 03:12:08,0,39.6,40.458839
43.104760,0.333489,1990/01/01 03:12:13,0,36.7,40.509841
43.104705,0.334162,1990/01/01 03:12:19,0,33.0,40.564844
43.104655,0.334785,1990/01/01 03:12:24,0,36.7,40.615846
43.104600,0.335458,1990/01/01 03:12:29,0,39.6,40.670849
43.104548,0.336081,1990/01/01 03:12:34,0,36.7,40.721851
43.104492,0.336754,1990/01/01 03:12:40,0,33.0,40.776854
43.104438,0.337377,1990/01/01 03:12:45,0,36.7,40.827854
43.104379,0.338049,1990/01/01 03:12:50,0,39.6,40.882856
43.104325,0.338672,1990/01/01 03:12:55,0,36.7,40.933859
43.104271,0.339295,1990/01/01 03:13:01,0,30.6,40.984861
43.104174,0.339959,1990/01/01 03:13:06,0,39.6,41.039864
43.104085,0.340572,1990/01/01 03:13:11,0,36.6,41.090671
43.104000,0.341238,1990/01/01 03:13:16,0,39.6,41.145674
43.103948,0.341855,1990/01/01 03:13:21,0,36.3,41.196113
43.104012,0.342526,1990/01/01 03:13:27,0,33.0,41.251116
43.104106,0.343138,1990/01/01 03:13:32,0,36.6,41.301987
43.104294,0.343764,1990/01/01 03:13:37,0,39.6,41.356990
43.103551,0.341537,1990/01/01 03:13:48,0,65.1,41.556018
43.103348,0.340920,1990/01/01 03:13:49,0,198.0,41.611021
43.103170,0.340330,1990/01/01 03:13:51,0,93.5,41.662939
43.103045,0.339675,1990/01/01 03:13:57,0,33.0,41.717942
43.102963,0.339062,1990/01/01 03:14:02,0,36.5,41.768605
43.102962,0.338385,1990/01/01 03:14:07,0,39.6,41.823608
43.103092,0.337754,1990/01/01 03:14:13,0,32.0,41.876892
43.103379,0.337203,1990/01/01 03:14:18,0,39.6,41.931894
43.103681,0.336735,1990/01/01 03:14:21,0,61.0,41.982708
43.104034,0.336261,1990/01/01 03:14:23,0,99.0,42.037711
43.105124,0.334796,1990/01/01 03:14:28,0,122.4,42.207719
43.105477,0.334322,1990/01/01 03:14:30,0,99.0,42.262721
43.105823,0.333905,1990/01/01 03:14:34,0,46.1,42.313987
43.106202,0.333471,1990/01/01 03:14:39,0,39.6,42.368990
43.106511,0.333019,1990/01/01 03:14:44,0,36.3,42.419366
43.106838,0.332511,1990/01/01 03:14:50,0,33.0,42.474369
43.107089,0.331988,1990/01/01 03:14:55,0,36.6,42.525242
43.107354,0.331417,1990/01/01 03:15:00,0,39.6,42.580244
43.107479,0.330814,1990/01/01 03:15:05,0,36.7,42.631164
43.107601,0.330218,1990/01/01 03:15:11,0,30.2,42.681465
43.107608,0.329541,1990/01/01 03:15:16,0,39.6,42.736467
43.107609,0.328922,1990/01/01 03:15:21,0,36.2,42.786813
43.107541,0.328252,1990/01/01 03:15:26,0,39.6,42.841816
43.107480,0.327632,1990/01/01 03:15:31,0,36.6,42.892654
43.107423,0.326959,1990/01/01 03:15:37,0,33.0,42.947656
43.107388,0.326333,1990/01/01 03:15:42,0,36.7,42.998678
43.107399,0.325657,1990/01/01 03:15:47,0,39.6,43.053681
43.107460,0.324985,1990/01/01 03:15:53,0,33.0,43.108696
43.107580,0.324329,1990/01/01 03:15:58,0,39.6,43.163698
43.107750,0.323749,1990/01/01 03:16:03,0,36.6,43.214463
43.107976,0.323147,1990/01/01 03:16:09,0,33.0,43.269466
43.108245,0.322643,1990/01/01 03:16:14,0,36.5,43.320228
43.108564,0.322126,1990/01/01 03:16:19,0,39.6,43.375231
43.108929,0.321752,1990/01/01 03:16:24,0,36.5,43.425935
43.109342,0.321381,1990/01/01 03:16:30,0,33.0,43.480938
43.109776,0.321195,1990/01/01 03:16:35,0,36.5,43.531567
43.110252,0.321016,1990/01/01 03:16:40,0,39.6,43.586570
43.110711,0.320983,1990/01/01 03:16:45,0,36.8,43.637724
43.111164,0.320955,1990/01/01 03:16:51,0,30.3,43.688149
43.111657,0.321001,1990/01/01 03:16:56,0,39.6,43.743151
43.112109,0.321053,1990/01/01 03:17:01,0,36.4,43.793649
43.112591,0.321199,1990/01/01 03:17:06,0,39.6,43.848651
43.113035,0.321335,1990/01/01 03:17:11,0,36.4,43.899238
43.113515,0.321491,1990/01/01 03:17:17,0,33.0,43.954241
43.114005,0.321567,1990/01/01 03:17:22,0,39.5,44.009068
43.114496,0.321497,1990/01/01 03:17:28,0,33.0,44.064071
43.114946,0.321384,1990/01/01 03:17:33,0,36.6,44.114929
43.115423,0.321208,1990/01/01 03:17:38,0,39.6,44.169932
43.115867,0.321053,1990/01/01 03:17:43,0,36.8,44.220992
43.116347,0.320890,1990/01/01 03:17:49,0,33.0,44.275994
43.116796,0.320781,1990/01/01 03:17:54,0,36.5,44.326735
43.117284,0.320682,1990/01/01 03:17:59,0,39.6,44.381738
43.117737,0.320639,1990/01/01 03:18:04,0,36.4,44.432271
43.118231,0.320606,1990/01/01 03:18:10,0,33.0,44.487274
43.118687,0.320606,1990/01/01 03:18:15,0,36.5,44.538037
43.119181,0.320611,1990/01/01 03:18:20,0,39.6,44.593039
43.119640,0.320569,1990/01/01 03:18:25,0,36.9,44.644248
43.120098,0.320526,1990/01/01 03:18:31,0,30.7,44.695339
43.120587,0.320435,1990/01/01 03:18:36,0,39.6,44.750341
43.121039,0.320347,1990/01/01 03:18:41,0,36.6,44.801153
43.121525,0.320220,1990/01/01 03:18:46,0,39.6,44.856155
43.121971,0.320093,1990/01/01 03:18:51,0,36.6,44.906934
43.122448,0.319914,1990/01/01 03:18:57,0,33.0,44.961937
43.122889,0.319741,1990/01/01 03:19:02,0,36.8,45.013070
43.123361,0.319538,1990/01/01 03:19:07,0,39.6,45.068072
43.123794,0.319348,1990/01/01 03:19:12,0,36.4,45.118671
43.124262,0.319135,1990/01/01 03:19:18,0,33.0,45.173673
43.124694,0.318923,1990/01/01 03:19:23,0,36.7,45.224691
43.125155,0.318680,1990/01/01 03:19:28,0,39.6,45.279693
43.125577,0.318441,1990/01/01 03:19:33,0,36.6,45.330481
43.126030,0.318171,1990/01/01 03:19:39,0,33.0,45.385483
43.126442,0.317907,1990/01/01 03:19:44,0,36.5,45.436117
43.126887,0.317614,1990/01/01 03:19:49,0,39.6,45.491119
43.127293,0.317336,1990/01/01 03:19:54,0,36.4,45.541652
43.127735,0.317033,1990/01/01 03:20:00,0,33.0,45.596654
43.128139,0.316740,1990/01/01 03:20:05,0,36.7,45.647563
43.128576,0.316422,1990/01/01 03:20:10,0,39.6,45.702566
43.128980,0.316144,1990/01/01 03:20:15,0,36.3,45.752939
43.129389,0.315864,1990/01/01 03:20:21,0,30.5,45.803783
43.129851,0.315626,1990/01/01 03:20:26,0,39.6,45.858786
43.130283,0.315410,1990/01/01 03:20:31,0,36.9,45.909968
43.130762,0.315241,1990/01/01 03:20:36,0,39.6,45.964971
43.131203,0.315090,1990/01/01 03:20:41,0,36.4,46.015596
43.131686,0.314948,1990/01/01 03:20:47,0,33.0,46.070598
43.132136,0.314820,1990/01/01 03:20:52,0,36.9,46.121783
43.132622,0.314697,1990/01/01 03:20:57,0,39.6,46.176786
43.133067,0.314585,1990/01/01 03:21:02,0,36.3,46.227157
43.133553,0.314463,1990/01/01 03:21:08,0,33.0,46.282159
43.134006,0.314354,1990/01/01 03:21:13,0,36.9,46.333355
43.134493,0.314242,1990/01/01 03:21:18,0,39.6,46.388358
43.134944,0.314129,1990/01/01 03:21:23,0,36.7,46.439359
43.135429,0.314000,1990/01/01 03:21:29,0,33.0,46.494362
43.135878,0.313862,1990/01/01 03:21:34,0,36.9,46.545611
43.136359,0.313706,1990/01/01 03:21:39,0,39.6,46.600614
43.136792,0.313513,1990/01/01 03:21:44,0,36.5,46.651282
43.137259,0.313290,1990/01/01 03:21:50,0,33.0,46.706284
43.137687,0.313068,1990/01/01 03:21:55,0,36.8,46.757341
43.138149,0.312826,1990/01/01 03:22:00,0,39.6,46.812344
43.138569,0.312582,1990/01/01 03:22:05,0,36.6,46.863155
43.138986,0.312340,1990/01/01 03:22:11,0,30.2,46.913526
43.139416,0.312006,1990/01/01 03:22:16,0,39.6,46.968529
43.139814,0.311692,1990/01/01 03:22:21,0,36.8,47.019653
43.140223,0.311313,1990/01/01 03:22:26,0,39.6,47.074656
43.140600,0.310964,1990/01/01 03:22:31,0,36.5,47.125294
43.141010,0.310585,1990/01/01 03:22:37,0,33.0,47.180297
43.141388,0.310228,1990/01/01 03:22:42,0,36.8,47.231471
43.141789,0.309831,1990/01/01 03:22:47,0,39.6,47.286474
43.142149,0.309456,1990/01/01 03:22:52,0,36.3,47.336828
43.142531,0.309027,1990/01/01 03:22:58,0,33.0,47.391831
43.142874,0.308609,1990/01/01 03:23:03,0,36.8,47.442903
43.143227,0.308135,1990/01/01 03:23:08,0,39.6,47.497906
43.143540,0.307685,1990/01/01 03:23:13,0,36.4,47.548395
43.143872,0.307184,1990/01/01 03:23:19,0,33.0,47.603397
43.144168,0.306714,1990/01/01 03:23:24,0,36.3,47.653863
43.144488,0.306198,1990/01/01 03:23:29,0,39.6,47.708865
43.144768,0.305697,1990/01/01 03:23:34,0,36.9,47.760101
43.145064,0.305154,1990/01/01 03:23:40,0,33.0,47.815104
43.145332,0.304656,1990/01/01 03:23:45,0,36.2,47.865444
43.145626,0.304111,1990/01/01 03:23:50,0,39.6,47.920446
43.145891,0.303604,1990/01/01 03:23:55,0,36.5,47.971123
43.146156,0.303097,1990/01/01 03:24:01,0,30.4,48.021734
43.146433,0.302537,1990/01/01 03:24:06,0,39.6,48.076737
43.146689,0.302018,1990/01/01 03:24:11,0,36.6,48.127586
43.146967,0.301458,1990/01/01 03:24:16,0,39.6,48.182589
43.147227,0.300940,1990/01/01 03:24:21,0,36.7,48.233609
43.147513,0.300389,1990/01/01 03:24:27,0,33.0,48.288611
43.147780,0.299880,1990/01/01 03:24:32,0,36.6,48.339491
43.148069,0.299331,1990/01/01 03:24:37,0,39.6,48.394494
43.148337,0.298820,1990/01/01 03:24:42,0,36.8,48.445625
43.148625,0.298269,1990/01/01 03:24:48,0,33.0,48.500628
43.148892,0.297756,1990/01/01 03:24:53,0,36.8,48.551780
43.149178,0.297205,1990/01/01 03:24:58,0,39.6,48.606782
43.149461,0.296714,1990/01/01 03:25:03,0,36.6,48.657578
43.149780,0.296197,1990/01/01 03:25:09,0,33.0,48.712581
43.150104,0.295755,1990/01/01 03:25:14,0,36.6,48.763474
43.150468,0.295296,1990/01/01 03:25:19,0,39.6,48.818477
43.150814,0.294891,1990/01/01 03:25:24,0,36.5,48.869135
43.151193,0.294457,1990/01/01 03:25:30,0,33.0,48.924137
43.151552,0.294079,1990/01/01 03:25:35,0,36.3,48.974531
43.151945,0.293669,1990/01/01 03:25:40,0,39.6,49.029534
43.152316,0.293312,1990/01/01 03:25:45,0,36.3,49.079958
43.152688,0.292955,1990/01/01 03:25:51,0,30.3,49.130523
43.153104,0.292589,1990/01/01 03:25:56,0,39.6,49.185525
43.153484,0.292253,1990/01/01 03:26:01,0,36.3,49.235918
43.153899,0.291885,1990/01/01 03:26:06,0,39.6,49.290920
43.154284,0.291549,1990/01/01 03:26:11,0,36.5,49.341642
43.154706,0.291197,1990/01/01 03:26:17,0,33.0,49.396645
43.155097,0.290870,1990/01/01 03:26:22,0,36.7,49.447669
43.155518,0.290516,1990/01/01 03:26:27,0,39.6,49.502671
43.155904,0.290172,1990/01/01 03:26:32,0,36.9,49.553916
43.156306,0.289778,1990/01/01 03:26:38,0,33.0,49.608918
43.156659,0.289375,1990/01/01 03:26:43,0,36.8,49.660047
43.157014,0.288904,1990/01/01 03:26:48,0,39.6,49.715049
43.157328,0.288444,1990/01/01 03:26:53,0,36.9,49.766284
43.157654,0.287934,1990/01/01 03:26:59,0,33.0,49.821287
43.157951,0.287466,1990/01/01 03:27:04,0,36.3,49.871690
43.158274,0.286953,1990/01/01 03:27:09,0,39.6,49.926692
43.158602,0.286513,1990/01/01 03:27:14,0,36.8,49.977787
43.158963,0.286050,1990/01/01 03:27:20,0,33.0,50.032789
43.159313,0.285658,1990/01/01 03:27:25,0,36.2,50.083116
43.159699,0.285235,1990/01/01 03:27:30,0,39.6,50.138118
43.160084,0.284901,1990/01/01 03:27:35,0,36.5,50.188839
43.160470,0.284569,1990/01/01 03:27:41,0,30.4,50.239578
43.160877,0.284184,1990/01/01 03:27:46,0,39.6,50.294580
43.161249,0.283821,1990/01/01 03:27:51,0,36.6,50.345439
43.161610,0.283359,1990/01/01 03:27:56,0,39.6,50.400442
43.161949,0.282866,1990/01/01 03:28:02,0,33.0,50.455437
43.162218,0.282298,1990/01/01 03:28:07,0,39.6,50.510439
43.162391,0.281671,1990/01/01 03:28:13,0,32.6,50.564846
43.162435,0.280996,1990/01/01 03:28:18,0,39.6,50.619848
43.162373,0.280324,1990/01/01 03:28:24,0,33.0,50.674841
43.162250,0.279668,1990/01/01 03:28:29,0,39.6,50.729844
43.162102,0.279078,1990/01/01 03:28:34,0,36.5,50.780535
43.161932,0.278442,1990/01/01 03:28:40,0,33.0,50.835538
43.161774,0.277862,1990/01/01 03:28:45,0,36.2,50.885836
43.161601,0.277227,1990/01/01 03:28:50,0,39.6,50.940839
43.161533,0.276607,1990/01/01 03:28:55,0,36.7,50.991764
43.161466,0.275990,1990/01/01 03:29:01,0,30.4,51.042386
43.161513,0.275316,1990/01/01 03:29:06,0,39.6,51.097389
43.161564,0.274696,1990/01/01 03:29:11,0,36.5,51.148038
43.161688,0.274040,1990/01/01 03:29:16,0,39.6,51.203040
43.161813,0.273445,1990/01/01 03:29:21,0,36.2,51.253366
43.161994,0.272814,1990/01/01 03:29:27,0,33.0,51.308369
43.162179,0.272245,1990/01/01 03:29:32,0,36.5,51.358996
43.162425,0.271657,1990/01/01 03:29:37,0,39.6,51.413998
43.162660,0.271115,1990/01/01 03:29:42,0,36.9,51.465254
43.162923,0.270541,1990/01/01 03:29:48,0,33.0,51.520256
43.163180,0.269959,1990/01/01 03:29:53,0,39.8,51.575532
43.163430,0.269375,1990/01/01 03:29:59,0,33.0,51.630535
43.163636,0.268822,1990/01/01 03:30:04,0,36.2,51.680869
43.163848,0.268211,1990/01/01 03:30:09,0,39.6,51.735871
43.164009,0.267627,1990/01/01 03:30:14,0,36.5,51.786570
43.164174,0.266988,1990/01/01 03:30:20,0,33.0,51.841572
43.164270,0.266382,1990/01/01 03:30:25,0,36.2,51.891913
43.164369,0.265718,1990/01/01 03:30:30,0,39.6,51.946915
43.164396,0.265094,1990/01/01 03:30:35,0,36.6,51.997692
43.164423,0.264476,1990/01/01 03:30:41,0,30.2,52.048016
43.164385,0.263800,1990/01/01 03:30:46,0,39.6,52.103019
43.164349,0.263178,1990/01/01 03:30:51,0,36.5,52.153666
43.164302,0.262504,1990/01/01 03:30:56,0,39.6,52.208668
43.164258,0.261878,1990/01/01 03:31:01,0,36.8,52.259741
43.164210,0.261204,1990/01/01 03:31:07,0,33.0,52.314743
43.164170,0.260575,1990/01/01 03:31:12,0,36.9,52.365956
43.164139,0.259899,1990/01/01 03:31:17,0,39.6,52.420959
43.164127,0.259276,1990/01/01 03:31:22,0,36.5,52.471593
43.164140,0.258599,1990/01/01 03:31:28,0,33.0,52.526596
43.164182,0.257972,1990/01/01 03:31:33,0,36.8,52.577696
43.164262,0.257304,1990/01/01 03:31:38,0,39.6,52.632699
43.164372,0.256699,1990/01/01 03:31:43,0,36.4,52.683282
43.164519,0.256052,1990/01/01 03:31:49,0,33.0,52.738284
43.164676,0.255460,1990/01/01 03:31:54,0,36.8,52.789425
43.164855,0.254829,1990/01/01 03:31:59,0,39.6,52.844428
43.165052,0.254262,1990/01/01 03:32:04,0,36.7,52.895448
43.165274,0.253657,1990/01/01 03:32:10,0,33.0,52.950451
43.165517,0.253131,1990/01/01 03:32:15,0,36.4,53.000942
43.165787,0.252563,1990/01/01 03:32:20,0,39.6,53.055945
43.166061,0.252060,1990/01/01 03:32:25,0,36.7,53.106949
43.166334,0.251560,1990/01/01 03:32:31,0,30.4,53.157696
43.166671,0.251065,1990/01/01 03:32:36,0,39.6,53.212699
43.166986,0.250611,1990/01/01 03:32:41,0,36.6,53.263522
43.167355,0.250161,1990/01/01 03:32:46,0,39.6,53.318525
43.167703,0.249753,1990/01/01 03:32:51,0,36.7,53.369440
43.168100,0.249351,1990/01/01 03:32:57,0,33.0,53.424443
43.168476,0.248990,1990/01/01 03:33:02,0,36.8,53.475493
43.168895,0.248632,1990/01/01 03:33:07,0,39.6,53.530495
43.169284,0.248303,1990/01/01 03:33:12,0,36.6,53.581392
43.169706,0.247950,1990/01/01 03:33:18,0,33.0,53.636394
43.170090,0.247613,1990/01/01 03:33:23,0,36.5,53.687130
43.170499,0.247233,1990/01/01 03:33:28,0,39.6,53.742133
43.170858,0.246853,1990/01/01 03:33:33,0,36.3,53.792591
43.171236,0.246418,1990/01/01 03:33:39,0,33.0,53.847593
43.171576,0.245992,1990/01/01 03:33:44,0,36.9,53.898831
43.171933,0.245524,1990/01/01 03:33:49,0,39.6,53.953834
43.172250,0.245078,1990/01/01 03:33:54,0,36.4,54.004426
43.172592,0.244588,1990/01/01 03:34:00,0,33.0,54.059428
43.172882,0.244106,1990/01/01 03:34:05,0,36.5,54.110128
43.173193,0.243580,1990/01/01 03:34:10,0,39.6,54.165130
43.173461,0.243078,1990/01/01 03:34:15,0,36.4,54.215626
43.173728,0.242577,1990/01/01 03:34:21,0,30.3,54.266047
43.173995,0.242007,1990/01/01 03:34:26,0,39.6,54.321049
43.174239,0.241480,1990/01/01 03:34:31,0,36.4,54.371664
43.174479,0.240888,1990/01/01 03:34:36,0,39.6,54.426666
43.174693,0.240342,1990/01/01 03:34:41,0,36.3,54.477027
43.174904,0.239729,1990/01/01 03:34:47,0,33.0,54.532029
43.175091,0.239153,1990/01/01 03:34:52,0,36.8,54.583189
43.175266,0.238520,1990/01/01 03:34:57,0,39.6,54.638192
43.175412,0.237926,1990/01/01 03:35:02,0,36.6,54.689044
43.175544,0.237273,1990/01/01 03:35:08,0,33.0,54.744046
43.175650,0.236667,1990/01/01 03:35:13,0,36.4,54.794636
43.175748,0.236003,1990/01/01 03:35:18,0,39.6,54.849639
43.175821,0.235388,1990/01/01 03:35:23,0,36.5,54.900269
43.175887,0.234716,1990/01/01 03:35:29,0,33.0,54.955271
43.175934,0.234093,1990/01/01 03:35:34,0,36.6,55.006138
43.175979,0.233418,1990/01/01 03:35:39,0,39.6,55.061141
43.176026,0.232797,1990/01/01 03:35:44,0,36.5,55.111850
43.176077,0.232123,1990/01/01 03:35:50,0,33.0,55.166853
43.176163,0.231512,1990/01/01 03:35:55,0,36.3,55.217338
43.176263,0.230849,1990/01/01 03:36:00,0,39.6,55.272341
43.176395,0.230247,1990/01/01 03:36:05,0,36.8,55.323396
43.176527,0.229653,1990/01/01 03:36:11,0,30.2,55.373801
43.176688,0.229012,1990/01/01 03:36:16,0,39.6,55.428803
43.176862,0.228375,1990/01/01 03:36:21,0,39.8,55.484049
43.177084,0.227769,1990/01/01 03:36:27,0,33.0,55.539051
43.177311,0.227233,1990/01/01 03:36:32,0,36.2,55.589369
43.177619,0.226704,1990/01/01 03:36:37,0,39.6,55.644372
43.177916,0.226231,1990/01/01 03:36:42,0,36.4,55.694973
43.178258,0.225743,1990/01/01 03:36:48,0,33.0,55.749976
43.178582,0.225312,1990/01/01 03:36:53,0,36.2,55.800269
43.178949,0.224857,1990/01/01 03:36:58,0,39.6,55.855272
43.179320,0.224492,1990/01/01 03:37:03,0,36.6,55.906082
43.179743,0.224143,1990/01/01 03:37:09,0,33.0,55.961085
43.180162,0.223894,1990/01/01 03:37:14,0,36.6,56.011854
43.180626,0.223662,1990/01/01 03:37:19,0,39.6,56.066857
43.181071,0.223521,1990/01/01 03:37:24,0,36.7,56.117761
43.181556,0.223392,1990/01/01 03:37:30,0,33.0,56.172764
43.182052,0.223342,1990/01/01 03:37:35,0,39.8,56.228046
43.182504,0.223304,1990/01/01 03:37:41,0,30.3,56.278469
43.182997,0.223277,1990/01/01 03:37:46,0,39.6,56.333472
43.183451,0.223248,1990/01/01 03:37:51,0,36.4,56.384069
43.183944,0.223189,1990/01/01 03:37:56,0,39.6,56.439071
43.184396,0.223130,1990/01/01 03:38:01,0,36.4,56.489598
43.184886,0.223047,1990/01/01 03:38:07,0,33.0,56.544600
43.185342,0.222962,1990/01/01 03:38:12,0,36.9,56.595816
43.185829,0.222849,1990/01/01 03:38:17,0,39.6,56.650819
43.186276,0.222731,1990/01/01 03:38:22,0,36.5,56.701453
43.186757,0.222577,1990/01/01 03:38:28,0,33.0,56.756455
43.187199,0.222414,1990/01/01 03:38:33,0,36.7,56.807478
43.187672,0.222216,1990/01/01 03:38:38,0,39.6,56.862480
43.188103,0.222020,1990/01/01 03:38:43,0,36.4,56.913059
43.188570,0.221798,1990/01/01 03:38:49,0,33.0,56.968061
43.188999,0.221572,1990/01/01 03:38:54,0,36.9,57.019251
43.189458,0.221320,1990/01/01 03:38:59,0,39.6,57.074254
43.189872,0.221063,1990/01/01 03:39:04,0,36.4,57.124831
43.190320,0.220777,1990/01/01 03:39:10,0,33.0,57.179834
43.190727,0.220490,1990/01/01 03:39:15,0,36.7,57.230768
43.191165,0.220178,1990/01/01 03:39:20,0,39.6,57.285771
43.191565,0.219885,1990/01/01 03:39:25,0,36.3,57.336202
43.191969,0.219590,1990/01/01 03:39:31,0,30.6,57.387145
43.192407,0.219277,1990/01/01 03:39:36,0,39.6,57.442147
43.192810,0.218988,1990/01/01 03:39:41,0,36.4,57.492703
43.193246,0.218671,1990/01/01 03:39:46,0,39.6,57.547705
43.193649,0.218378,1990/01/01 03:39:51,0,36.6,57.598503
43.194084,0.218056,1990/01/01 03:39:57,0,33.0,57.653506
43.194490,0.217759,1990/01/01 03:40:02,0,36.9,57.704747
43.194928,0.217444,1990/01/01 03:40:07,0,39.6,57.759750
43.195331,0.217149,1990/01/01 03:40:12,0,36.6,57.810569
43.195765,0.216825,1990/01/01 03:40:18,0,33.0,57.865572
43.196149,0.216498,1990/01/01 03:40:23,0,36.2,57.915902
43.196552,0.216107,1990/01/01 03:40:28,0,39.6,57.970904
43.196922,0.215654,1990/01/01 03:40:34,0,33.1,58.026055
43.197268,0.215170,1990/01/01 03:40:39,0,39.6,58.081058
43.197569,0.214700,1990/01/01 03:40:44,0,36.6,58.131866
43.197890,0.214184,1990/01/01 03:40:50,0,33.0,58.186869
43.198159,0.213680,1990/01/01 03:40:55,0,36.5,58.237604
43.198446,0.213129,1990/01/01 03:41:00,0,39.6,58.292606
43.198650,0.212573,1990/01/01 03:41:05,0,36.4,58.343098
43.198855,0.212011,1990/01/01 03:41:11,0,30.6,58.394049
43.199015,0.211370,1990/01/01 03:41:16,0,39.6,58.449052
43.199162,0.210775,1990/01/01 03:41:21,0,36.7,58.500043
43.199299,0.210123,1990/01/01 03:41:26,0,39.6,58.555045
43.199419,0.209524,1990/01/01 03:41:31,0,36.3,58.605494
43.199530,0.208864,1990/01/01 03:41:37,0,33.0,58.660496
43.199632,0.208254,1990/01/01 03:41:42,0,36.5,58.711222
43.199741,0.207593,1990/01/01 03:41:47,0,39.6,58.766225
43.199844,0.206983,1990/01/01 03:41:52,0,36.6,58.817080
43.199961,0.206324,1990/01/01 03:41:58,0,33.0,58.872082
43.200052,0.205713,1990/01/01 03:42:03,0,36.4,58.922659
43.200132,0.205045,1990/01/01 03:42:08,0,39.6,58.977662
43.200180,0.204424,1990/01/01 03:42:13,0,36.5,59.028292
43.200212,0.203748,1990/01/01 03:42:19,0,33.0,59.083294
43.200193,0.203119,1990/01/01 03:42:24,0,36.8,59.134359
43.200149,0.202444,1990/01/01 03:42:29,0,39.6,59.189362
43.200030,0.201840,1990/01/01 03:42:34,0,36.6,59.240162
43.199878,0.201195,1990/01/01 03:42:40,0,33.0,59.295164
43.199681,0.200636,1990/01/01 03:42:45,0,36.3,59.345530
43.199458,0.200031,1990/01/01 03:42:50,0,39.6,59.400533
43.199214,0.199499,1990/01/01 03:42:55,0,36.7,59.451561
43.198971,0.198972,1990/01/01 03:43:01,0,30.4,59.502160
43.198701,0.198404,1990/01/01 03:43:06,0,39.6,59.557162
43.198457,0.197882,1990/01/01 03:43:11,0,36.2,59.607483
43.198216,0.197290,1990/01/01 03:43:16,0,39.6,59.662485
43.198002,0.196735,1990/01/01 03:43:21,0,36.7,59.713469
43.197811,0.196110,1990/01/01 03:43:27,0,33.0,59.768472
43.197645,0.195527,1990/01/01 03:43:32,0,36.6,59.819296
43.197492,0.194882,1990/01/01 03:43:37,0,39.6,59.874298
43.197377,0.194280,1990/01/01 03:43:42,0,36.4,59.924831
43.197296,0.193611,1990/01/01 03:43:48,0,33.0,59.979834
43.197239,0.192995,1990/01/01 03:43:53,0,36.3,60.030230
43.197198,0.192320,1990/01/01 03:43:58,0,39.6,60.085233
43.197189,0.191691,1990/01/01 03:44:03,0,36.8,60.136306
43.197203,0.191013,1990/01/01 03:44:09,0,33.0,60.191308
43.197237,0.190333,1990/01/01 03:44:14,0,39.8,60.246590
43.197278,0.189658,1990/01/01 03:44:20,0,33.0,60.301593
43.197338,0.189035,1990/01/01 03:44:25,0,36.7,60.352551
43.197407,0.188364,1990/01/01 03:44:30,0,39.6,60.407554
43.197513,0.187760,1990/01/01 03:44:35,0,36.3,60.457999
43.197622,0.187148,1990/01/01 03:44:41,0,30.7,60.509115
43.197765,0.186499,1990/01/01 03:44:46,0,39.6,60.564117
43.197899,0.185895,1990/01/01 03:44:51,0,36.9,60.615331
43.198046,0.185249,1990/01/01 03:44:56,0,39.6,60.670333
43.198184,0.184646,1990/01/01 03:45:01,0,36.9,60.721610
43.198330,0.183998,1990/01/01 03:45:07,0,33.0,60.776612
43.198465,0.183397,1990/01/01 03:45:12,0,36.7,60.827638
43.198607,0.182748,1990/01/01 03:45:17,0,39.6,60.882640
43.198741,0.182144,1990/01/01 03:45:22,0,36.9,60.933858
43.198886,0.181496,1990/01/01 03:45:28,0,33.0,60.988861
43.199017,0.180897,1990/01/01 03:45:33,0,36.6,61.039663
43.199155,0.180246,1990/01/01 03:45:38,0,39.6,61.094666
43.199277,0.179644,1990/01/01 03:45:43,0,36.5,61.145347
43.199406,0.178990,1990/01/01 03:45:49,0,33.0,61.200349
43.199523,0.178386,1990/01/01 03:45:54,0,36.5,61.251039
43.199650,0.177731,1990/01/01 03:45:59,0,39.6,61.306042
43.199767,0.177123,1990/01/01 03:46:04,0,36.7,61.357047
43.199893,0.176468,1990/01/01 03:46:10,0,33.0,61.412049
43.200013,0.175866,1990/01/01 03:46:15,0,36.5,61.462714
43.200145,0.175213,1990/01/01 03:46:20,0,39.6,61.517717
43.200255,0.174606,1990/01/01 03:46:25,0,36.5,61.568425
43.200366,0.173997,1990/01/01 03:46:31,0,30.6,61.619358
43.200417,0.173323,1990/01/01 03:46:36,0,39.6,61.674360
43.200461,0.172697,1990/01/01 03:46:41,0,36.7,61.725365
43.200465,0.172020,1990/01/01 03:46:46,0,39.6,61.780368
43.200461,0.171398,1990/01/01 03:46:51,0,36.3,61.830793
43.200424,0.170722,1990/01/01 03:46:57,0,33.0,61.885796
43.200375,0.170096,1990/01/01 03:47:02,0,36.8,61.936956
43.200284,0.169429,1990/01/01 03:47:07,0,39.6,61.991959
43.200192,0.168812,1990/01/01 03:47:12,0,36.8,62.043056
43.200079,0.168152,1990/01/01 03:47:18,0,33.0,62.098059
43.199975,0.167549,1990/01/01 03:47:23,0,36.3,62.148424
43.199859,0.166890,1990/01/01 03:47:28,0,39.6,62.203426
43.199757,0.166283,1990/01/01 03:47:33,0,36.4,62.253926
43.199649,0.165622,1990/01/01 03:47:39,0,33.0,62.308929
43.199555,0.165005,1990/01/01 03:47:44,0,36.8,62.360060
43.199456,0.164341,1990/01/01 03:47:49,0,39.6,62.415063
43.199377,0.163722,1990/01/01 03:47:54,0,36.7,62.466035
43.199295,0.163054,1990/01/01 03:48:00,0,33.0,62.521038
43.199240,0.162432,1990/01/01 03:48:05,0,36.6,62.571871
43.199183,0.161759,1990/01/01 03:48:10,0,39.6,62.626874
43.199159,0.161128,1990/01/01 03:48:15,0,36.9,62.678146
43.199135,0.160499,1990/01/01 03:48:21,0,30.7,62.729274
43.199139,0.159821,1990/01/01 03:48:26,0,39.6,62.784277
43.199145,0.159192,1990/01/01 03:48:31,0,36.7,62.835281
43.199176,0.158516,1990/01/01 03:48:36,0,39.6,62.890284
43.199209,0.157886,1990/01/01 03:48:41,0,36.9,62.941550
43.199260,0.157212,1990/01/01 03:48:47,0,33.0,62.996552
43.199316,0.156594,1990/01/01 03:48:52,0,36.4,63.047069
43.199399,0.155926,1990/01/01 03:48:57,0,39.6,63.102071
43.199483,0.155310,1990/01/01 03:49:02,0,36.6,63.152867
43.199584,0.154647,1990/01/01 03:49:08,0,33.0,63.207870
43.199689,0.154042,1990/01/01 03:49:13,0,36.3,63.258320
43.199815,0.153387,1990/01/01 03:49:18,0,39.6,63.313322
43.199949,0.152785,1990/01/01 03:49:23,0,36.8,63.364379
43.200107,0.152143,1990/01/01 03:49:29,0,33.0,63.419381
43.200274,0.151558,1990/01/01 03:49:34,0,36.7,63.470379
43.200466,0.150933,1990/01/01 03:49:39,0,39.6,63.525382
43.200687,0.150386,1990/01/01 03:49:44,0,36.6,63.576146
43.200941,0.149804,1990/01/01 03:49:50,0,33.0,63.631149
43.201211,0.149298,1990/01/01 03:49:55,0,36.7,63.682056
43.201508,0.148756,1990/01/01 03:50:00,0,39.6,63.737059
43.201796,0.148279,1990/01/01 03:50:05,0,36.2,63.787403
43.202087,0.147799,1990/01/01 03:50:11,0,30.4,63.837999
43.202453,0.147345,1990/01/01 03:50:16,0,39.6,63.893001
43.202836,0.146913,1990/01/01 03:50:21,0,39.7,63.948109
43.203274,0.146600,1990/01/01 03:50:27,0,33.0,64.003112
43.203684,0.146319,1990/01/01 03:50:32,0,36.7,64.054095
43.204135,0.146042,1990/01/01 03:50:37,0,39.6,64.109097
43.204550,0.145778,1990/01/01 03:50:42,0,36.7,64.160044
43.204993,0.145478,1990/01/01 03:50:48,0,33.0,64.215047
43.205390,0.145163,1990/01/01 03:50:53,0,36.8,64.266128
43.205799,0.144783,1990/01/01 03:50:58,0,39.6,64.321130
43.206173,0.144337,1990/01/01 03:51:04,0,33.1,64.376253
43.206522,0.143857,1990/01/01 03:51:09,0,39.6,64.431256
43.206815,0.143384,1990/01/01 03:51:14,0,36.3,64.481636
43.207127,0.142858,1990/01/01 03:51:20,0,33.0,64.536638
43.207389,0.142347,1990/01/01 03:51:25,0,36.5,64.587354
43.207669,0.141789,1990/01/01 03:51:30,0,39.6,64.642357
43.207882,0.141239,1990/01/01 03:51:35,0,36.4,64.692905
43.208093,0.140690,1990/01/01 03:51:41,0,30.2,64.743263
43.208248,0.140046,1990/01/01 03:51:46,0,39.6,64.798265
43.208385,0.139451,1990/01/01 03:51:51,0,36.5,64.848925
43.208490,0.138788,1990/01/01 03:51:56,0,39.6,64.903928
43.208589,0.138174,1990/01/01 03:52:01,0,36.7,64.954957
43.208707,0.137516,1990/01/01 03:52:07,0,33.0,65.009960
43.208817,0.136909,1990/01/01 03:52:12,0,36.5,65.060700
43.208940,0.136252,1990/01/01 03:52:17,0,39.6,65.115702
43.209056,0.135649,1990/01/01 03:52:22,0,36.4,65.166316
43.209188,0.134996,1990/01/01 03:52:28,0,33.0,65.221319
43.209314,0.134391,1990/01/01 03:52:33,0,36.8,65.272382
43.209453,0.133740,1990/01/01 03:52:38,0,39.6,65.327384
43.209587,0.133143,1990/01/01 03:52:43,0,36.5,65.378109
43.209737,0.132497,1990/01/01 03:52:49,0,33.0,65.433112
43.209884,0.131906,1990/01/01 03:52:54,0,36.5,65.483794
43.210047,0.131266,1990/01/01 03:52:59,0,39.6,65.538797
43.210213,0.130680,1990/01/01 03:53:04,0,36.7,65.589784
43.210397,0.130051,1990/01/01 03:53:10,0,33.0,65.644786
43.210580,0.129418,1990/01/01 03:53:15,0,39.8,65.700067
43.210750,0.128832,1990/01/01 03:53:21,0,30.7,65.751182
43.210950,0.128212,1990/01/01 03:53:26,0,39.6,65.806184
43.211136,0.127642,1990/01/01 03:53:31,0,36.5,65.856883
43.211354,0.127033,1990/01/01 03:53:36,0,39.6,65.911885
43.211558,0.126476,1990/01/01 03:53:41,0,36.5,65.962520
43.211796,0.125882,1990/01/01 03:53:47,0,33.0,66.017523
43.212018,0.125338,1990/01/01 03:53:52,0,36.4,66.068051
43.212266,0.124752,1990/01/01 03:53:57,0,39.6,66.123054
43.212500,0.124214,1990/01/01 03:54:02,0,36.6,66.173871
43.212762,0.123639,1990/01/01 03:54:08,0,33.0,66.228874
43.213009,0.123106,1990/01/01 03:54:13,0,36.9,66.280113
43.213277,0.122537,1990/01/01 03:54:18,0,39.6,66.335116
43.213524,0.122017,1990/01/01 03:54:23,0,36.3,66.385516
43.213795,0.121450,1990/01/01 03:54:29,0,33.0,66.440518
43.214047,0.120923,1990/01/01 03:54:34,0,36.8,66.491614
43.214319,0.120357,1990/01/01 03:54:39,0,39.6,66.546616
43.214570,0.119836,1990/01/01 03:54:44,0,36.5,66.597249
43.214843,0.119272,1990/01/01 03:54:50,0,33.0,66.652251
43.215094,0.118742,1990/01/01 03:54:55,0,36.9,66.703500
43.215364,0.118174,1990/01/01 03:55:00,0,39.6,66.758503
43.215596,0.117631,1990/01/01 03:55:05,0,36.8,66.809587
43.215829,0.117086,1990/01/01 03:55:11,0,30.7,66.860818
43.216055,0.116483,1990/01/01 03:55:16,0,39.6,66.915820
43.216257,0.115929,1990/01/01 03:55:21,0,36.2,66.966144
43.216434,0.115295,1990/01/01 03:55:26,0,39.6,67.021147
43.216587,0.114710,1990/01/01 03:55:31,0,36.3,67.071570
43.216710,0.114054,1990/01/01 03:55:37,0,33.0,67.126572
43.216808,0.113443,1990/01/01 03:55:42,0,36.5,67.177285
43.216869,0.112770,1990/01/01 03:55:47,0,39.6,67.232288
43.216905,0.112141,1990/01/01 03:55:52,0,36.9,67.283478
43.216911,0.111463,1990/01/01 03:55:58,0,33.0,67.338481
43.216899,0.110835,1990/01/01 03:56:03,0,36.7,67.389510
43.216868,0.110158,1990/01/01 03:56:08,0,39.6,67.444512
43.216814,0.109538,1990/01/01 03:56:13,0,36.4,67.495132
43.216735,0.108869,1990/01/01 03:56:19,0,33.0,67.550135
43.216672,0.108246,1990/01/01 03:56:24,0,36.7,67.601148
43.216609,0.107574,1990/01/01 03:56:29,0,39.6,67.656150
43.216548,0.106951,1990/01/01 03:56:34,0,36.7,67.707096
43.216483,0.106279,1990/01/01 03:56:40,0,33.0,67.762098
43.216421,0.105664,1990/01/01 03:56:45,0,36.3,67.812497
43.216353,0.104992,1990/01/01 03:56:50,0,39.6,67.867499
43.216297,0.104375,1990/01/01 03:56:55,0,36.3,67.917982
43.216240,0.103758,1990/01/01 03:57:01,0,30.3,67.968476
43.216177,0.103085,1990/01/01 03:57:06,0,39.6,68.023479
43.216119,0.102460,1990/01/01 03:57:11,0,36.8,68.074610
43.216058,0.101787,1990/01/01 03:57:16,0,39.6,68.129612
43.216002,0.101170,1990/01/01 03:57:21,0,36.3,68.180065
43.215943,0.100497,1990/01/01 03:57:27,0,33.0,68.235068
43.215887,0.099876,1990/01/01 03:57:32,0,36.6,68.285855
43.215822,0.099203,1990/01/01 03:57:37,0,39.6,68.340858
43.215764,0.098585,1990/01/01 03:57:42,0,36.4,68.391463
43.215702,0.097912,1990/01/01 03:57:48,0,33.0,68.446465
43.215648,0.097291,1990/01/01 03:57:53,0,36.5,68.497191
43.215590,0.096618,1990/01/01 03:57:58,0,39.6,68.552194
43.215535,0.095992,1990/01/01 03:58:03,0,36.8,68.603352
43.215473,0.095319,1990/01/01 03:58:09,0,33.0,68.658354
43.215424,0.094691,1990/01/01 03:58:14,0,36.9,68.709578
43.215376,0.094017,1990/01/01 03:58:19,0,39.6,68.764581
43.215336,0.093398,1990/01/01 03:58:24,0,36.3,68.814995
43.215295,0.092722,1990/01/01 03:58:30,0,33.0,68.869998
43.215245,0.092097,1990/01/01 03:58:35,0,36.7,68.920974
43.215190,0.091424,1990/01/01 03:58:40,0,39.6,68.975976
43.215143,0.090795,1990/01/01 03:58:45,0,36.9,69.027220
43.215096,0.090179,1990/01/01 03:58:51,0,30.2,69.077515
43.215027,0.089507,1990/01/01 03:58:56,0,39.6,69.132517
43.214963,0.088891,1990/01/01 03:59:01,0,36.3,69.182998
43.214891,0.088221,1990/01/01 03:59:06,0,39.6,69.238000
43.214825,0.087600,1990/01/01 03:59:11,0,36.6,69.288873
43.214757,0.086929,1990/01/01 03:59:17,0,33.0,69.343876
43.214691,0.086315,1990/01/01 03:59:22,0,36.2,69.394176
43.214610,0.085647,1990/01/01 03:59:27,0,39.6,69.449179
43.214531,0.085027,1990/01/01 03:59:32,0,36.8,69.500230
43.214440,0.084360,1990/01/01 03:59:38,0,33.0,69.555232
43.214352,0.083743,1990/01/01 03:59:43,0,36.8,69.606293
43.214254,0.083078,1990/01/01 03:59:48,0,39.6,69.661296
43.214160,0.082460,1990/01/01 03:59:53,0,36.9,69.712516
43.214057,0.081797,1990/01/01 03:59:59,0,33.0,69.767519
43.213959,0.081188,1990/01/01 04:00:04,0,36.5,69.818160
43.213851,0.080526,1990/01/01 04:00:09,0,39.6,69.873163
43.213747,0.079914,1990/01/01 04:00:14,0,36.7,69.924119
43.213634,0.079255,1990/01/01 04:00:20,0,33.0,69.979121
43.213530,0.078641,1990/01/01 04:00:25,0,36.8,70.030203
43.213418,0.077981,1990/01/01 04:00:30,0,39.6,70.085205
43.213311,0.077374,1990/01/01 04:00:35,0,36.5,70.135855
43.213203,0.076763,1990/01/01 04:00:41,0,30.6,70.186855
43.213085,0.076105,1990/01/01 04:00:46,0,39.6,70.241857
43.212976,0.075501,1990/01/01 04:00:51,0,36.3,70.292303
43.212856,0.074844,1990/01/01 04:00:56,0,39.6,70.347306
43.212746,0.074240,1990/01/01 04:01:01,0,36.3,70.397784
43.212632,0.073580,1990/01/01 04:01:07,0,33.0,70.452787
43.212527,0.072971,1990/01/01 04:01:12,0,36.6,70.503591
43.212412,0.072312,1990/01/01 04:01:17,0,39.6,70.558594
43.212309,0.071706,1990/01/01 04:01:22,0,36.3,70.609041
43.212198,0.071045,1990/01/01 04:01:28,0,33.0,70.664044
43.212098,0.070439,1990/01/01 04:01:33,0,36.3,70.714508
43.211989,0.069778,1990/01/01 04:01:38,0,39.6,70.769511
43.211887,0.069164,1990/01/01 04:01:43,0,36.8,70.820593
43.211776,0.068503,1990/01/01 04:01:49,0,33.0,70.875596
43.211669,0.067899,1990/01/01 04:01:54,0,36.3,70.926079
43.211549,0.067241,1990/01/01 04:01:59,0,39.6,70.981081
43.211439,0.066632,1990/01/01 04:02:04,0,36.7,71.032007
43.211320,0.065974,1990/01/01 04:02:10,0,33.0,71.087010
43.211211,0.065371,1990/01/01 04:02:15,0,36.3,71.137383
43.211092,0.064713,1990/01/01 04:02:20,0,39.6,71.192385
43.210987,0.064109,1990/01/01 04:02:25,0,36.3,71.242736
43.210883,0.063506,1990/01/01 04:02:31,0,30.2,71.293052
43.210774,0.062845,1990/01/01 04:02:36,0,39.6,71.348055
43.210673,0.062234,1990/01/01 04:02:41,0,36.6,71.398881
43.210561,0.061573,1990/01/01 04:02:46,0,39.6,71.453883
43.210458,0.060970,1990/01/01 04:02:51,0,36.2,71.504204
43.210339,0.060312,1990/01/01 04:02:57,0,33.0,71.559207
43.210231,0.059708,1990/01/01 04:03:02,0,36.3,71.609678
43.210114,0.059049,1990/01/01 04:03:07,0,39.6,71.664680
43.210010,0.058443,1990/01/01 04:03:12,0,36.3,71.715152
43.209903,0.057782,1990/01/01 04:03:18,0,33.0,71.770155
43.209799,0.057178,1990/01/01 04:03:23,0,36.2,71.820455
43.209680,0.056520,1990/01/01 04:03:28,0,39.6,71.875458
43.209574,0.055917,1990/01/01 04:03:33,0,36.2,71.925766
43.209461,0.055257,1990/01/01 04:03:39,0,33.0,71.980769
43.209362,0.054653,1990/01/01 04:03:44,0,36.2,72.031078
43.209255,0.053991,1990/01/01 04:03:49,0,39.6,72.086081
43.209160,0.053375,1990/01/01 04:03:54,0,36.7,72.137122
43.209057,0.052712,1990/01/01 04:04:00,0,33.0,72.192124
43.208972,0.052094,1990/01/01 04:04:05,0,36.7,72.243151
43.208882,0.051428,1990/01/01 04:04:10,0,39.6,72.298153
43.208833,0.050811,1990/01/01 04:04:15,0,36.3,72.348506
43.208783,0.050184,1990/01/01 04:04:21,0,30.7,72.399675
43.208756,0.049507,1990/01/01 04:04:26,0,39.6,72.454678
43.208734,0.048877,1990/01/01 04:04:31,0,36.8,72.505824
43.208728,0.048199,1990/01/01 04:04:36,0,39.6,72.560826
43.208727,0.047574,1990/01/01 04:04:41,0,36.5,72.611578
43.208742,0.046896,1990/01/01 04:04:47,0,33.0,72.666581
43.208760,0.046276,1990/01/01 04:04:52,0,36.3,72.716940
43.208790,0.045600,1990/01/01 04:04:57,0,39.6,72.771942
