-76.693151,39.2497136,12/17/2013,00:00:03.009-08:00
-76.693151,39.2497136,12/17/2013,00:01:03.295-08:00
-76.693151,39.2497136,12/17/2013,00:02:04.257-08:00
-76.693151,39.2497136,12/17/2013,00:03:04.789-08:00
-76.698538,39.2527489,12/17/2013,00:04:04.818-08:00
-76.698538,39.2527489,12/17/2013,00:05:04.862-08:00
-76.698538,39.2527489,12/17/2013,00:06:05.484-08:00
-76.698538,39.2527489,12/17/2013,00:07:05.746-08:00
-76.698538,39.2527489,12/17/2013,00:08:06.296-08:00
-76.698538,39.2527489,12/17/2013,00:09:06.733-08:00
-76.698538,39.2527489,12/17/2013,00:10:07.305-08:00
-76.698538,39.2527489,12/17/2013,00:11:08.296-08:00
-76.698538,39.2527489,12/17/2013,00:12:08.550-08:00
-76.698538,39.2527489,12/17/2013,00:13:09.224-08:00
-76.698538,39.2527489,12/17/2013,00:14:10.301-08:00
-76.698538,39.2527489,12/17/2013,00:15:10.872-08:00
-76.693151,39.2497136,12/17/2013,00:16:11.215-08:00
-76.693151,39.2497136,12/17/2013,00:17:11.686-08:00
-76.693151,39.2497136,12/17/2013,00:18:12.471-08:00
-76.698538,39.2527489,12/17/2013,00:19:12.367-08:00
-76.698538,39.2527489,12/17/2013,00:20:12.636-08:00
-76.698538,39.2527489,12/17/2013,00:21:14.278-08:00
-76.698538,39.2527489,12/17/2013,00:22:14.723-08:00
-76.698538,39.2527489,12/17/2013,00:23:15.192-08:00
-76.698538,39.2527489,12/17/2013,00:24:15.250-08:00
-76.698538,39.2527489,12/17/2013,00:25:15.602-08:00
-76.698538,39.2527489,12/17/2013,00:26:15.620-08:00
-76.698538,39.2527489,12/17/2013,00:27:15.953-08:00
-76.698538,39.2527489,12/17/2013,00:28:17.219-08:00
-76.698538,39.2527489,12/17/2013,00:29:17.209-08:00
-76.698538,39.2527489,12/17/2013,00:30:18.401-08:00
-76.698538,39.2527489,12/17/2013,00:31:18.340-08:00
-76.6946205,39.2499215,12/17/2013,00:32:19.340-08:00
-76.6946205,39.2499215,12/17/2013,00:33:19.650-08:00
-76.6946205,39.2499215,12/17/2013,00:34:21.299-08:00
-76.6946205,39.2499215,12/17/2013,00:35:22.325-08:00
-76.6946205,39.2499215,12/17/2013,00:36:22.741-08:00
-76.6946205,39.2499215,12/17/2013,00:37:23.299-08:00
-76.6946205,39.2499215,12/17/2013,00:38:23.876-08:00
-76.6946205,39.2499215,12/17/2013,00:39:23.828-08:00
-76.6946205,39.2499215,12/17/2013,00:40:24.509-08:00
-76.6946205,39.2499215,12/17/2013,00:41:25.240-08:00
-76.6946205,39.2499215,12/17/2013,00:42:25.300-08:00
-76.6946205,39.2499215,12/17/2013,00:43:25.489-08:00
-76.6946205,39.2499215,12/17/2013,00:44:12.963-08:00
-76.6946205,39.2499215,12/17/2013,00:45:25.552-08:00
-76.6946205,39.2499215,12/17/2013,00:46:26.330-08:00
-76.6946205,39.2499215,12/17/2013,00:47:26.432-08:00
-76.6946205,39.2499215,12/17/2013,00:48:27.312-08:00
-76.6946205,39.2499215,12/17/2013,00:49:27.381-08:00
-76.6946205,39.2499215,12/17/2013,00:50:28.429-08:00
-76.6946205,39.2499215,12/17/2013,00:51:29.212-08:00
-76.6946205,39.2499215,12/17/2013,00:52:30.199-08:00
-76.6946205,39.2499215,12/17/2013,00:53:31.455-08:00
-76.693151,39.2497136,12/17/2013,00:54:32.448-08:00
-76.693151,39.2497136,12/17/2013,00:55:32.660-08:00
-76.693151,39.2497136,12/17/2013,00:56:33.197-08:00
-76.693151,39.2497136,12/17/2013,00:57:33.210-08:00
-76.693151,39.2497136,12/17/2013,00:58:33.691-08:00
-76.6946205,39.2499215,12/17/2013,00:59:35.056-08:00
-76.693151,39.2497136,12/17/2013,01:00:35.302-08:00
-76.6946205,39.2499215,12/17/2013,01:01:36.206-08:00
-76.6946205,39.2499215,12/17/2013,01:02:36.839-08:00
-76.6946205,39.2499215,12/17/2013,01:03:37.226-08:00
-76.6946205,39.2499215,12/17/2013,01:04:37.284-08:00
-76.6946205,39.2499215,12/17/2013,01:05:38.418-08:00
-76.6946205,39.2499215,12/17/2013,01:06:38.330-08:00
-76.6946205,39.2499215,12/17/2013,01:07:38.365-08:00
-76.6946205,39.2499215,12/17/2013,01:08:38.691-08:00
-76.6946205,39.2499215,12/17/2013,01:09:39.236-08:00
-76.6946205,39.2499215,12/17/2013,01:10:39.400-08:00
-76.6946205,39.2499215,12/17/2013,01:11:40.236-08:00
-76.6946205,39.2499215,12/17/2013,01:12:40.776-08:00
-76.6946205,39.2499215,12/17/2013,01:13:41.294-08:00
-76.6946205,39.2499215,12/17/2013,01:14:41.444-08:00
-76.6946205,39.2499215,12/17/2013,01:15:41.319-08:00
-76.6946205,39.2499215,12/17/2013,01:16:41.438-08:00
-76.6946205,39.2499215,12/17/2013,01:17:42.196-08:00
-76.6946205,39.2499215,12/17/2013,01:18:43.371-08:00
-76.6946205,39.2499215,12/17/2013,01:19:44.215-08:00
-76.6946205,39.2499215,12/17/2013,01:20:44.750-08:00
-76.6946205,39.2499215,12/17/2013,01:21:44.760-08:00
-76.6946205,39.2499215,12/17/2013,01:22:45.297-08:00
-76.6946205,39.2499215,12/17/2013,01:23:46.613-08:00
-76.6963253,39.2573713,12/17/2013,01:24:46.548-08:00
-76.6963253,39.2573713,12/17/2013,01:25:47.080-08:00
-76.6963253,39.2573713,12/17/2013,01:26:47.427-08:00
-76.693151,39.2497136,12/17/2013,01:27:47.325-08:00
-76.693151,39.2497136,12/17/2013,01:28:47.334-08:00
-76.6946205,39.2499215,12/17/2013,01:29:48.333-08:00
-76.6946205,39.2499215,12/17/2013,01:30:48.316-08:00
-76.6946205,39.2499215,12/17/2013,01:31:49.235-08:00
-76.6946205,39.2499215,12/17/2013,01:32:50.422-08:00
-76.6946205,39.2499215,12/17/2013,01:33:51.297-08:00
-76.693151,39.2497136,12/17/2013,01:34:52.305-08:00
-76.693151,39.2497136,12/17/2013,01:35:53.375-08:00
-76.693151,39.2497136,12/17/2013,01:36:53.819-08:00
-76.693151,39.2497136,12/17/2013,01:37:53.836-08:00
-76.6946205,39.2499215,12/17/2013,01:38:53.843-08:00
-76.6946205,39.2499215,12/17/2013,01:39:54.303-08:00
-76.6946205,39.2499215,12/17/2013,01:40:54.801-08:00
-76.6946205,39.2499215,12/17/2013,01:41:54.984-08:00
-76.6946205,39.2499215,12/17/2013,01:42:55.329-08:00
-76.6946205,39.2499215,12/17/2013,01:43:55.295-08:00
-76.6946205,39.2499215,12/17/2013,01:44:55.380-08:00
-76.6946205,39.2499215,12/17/2013,01:45:55.419-08:00
-76.6946205,39.2499215,12/17/2013,01:46:56.194-08:00
-76.6946205,39.2499215,12/17/2013,01:47:56.429-08:00
-76.6946205,39.2499215,12/17/2013,01:48:56.631-08:00
-76.6946205,39.2499215,12/17/2013,01:49:57.306-08:00
-76.6946205,39.2499215,12/17/2013,01:50:57.218-08:00
-76.6946205,39.2499215,12/17/2013,01:51:57.313-08:00
-76.6946205,39.2499215,12/17/2013,01:52:58.219-08:00
-76.6946205,39.2499215,12/17/2013,01:53:58.266-08:00
-76.6946205,39.2499215,12/17/2013,01:54:58.289-08:00
-76.6946205,39.2499215,12/17/2013,01:55:59.301-08:00
-76.6946205,39.2499215,12/17/2013,01:56:59.508-08:00
-76.6946205,39.2499215,12/17/2013,01:58:00.323-08:00
-76.693151,39.2497136,12/17/2013,01:59:00.372-08:00
-76.693151,39.2497136,12/17/2013,02:00:00.960-08:00
-76.693151,39.2497136,12/17/2013,02:01:01.284-08:00
-76.693151,39.2497136,12/17/2013,02:02:02.288-08:00
-76.693151,39.2497136,12/17/2013,02:03:03.479-08:00
-76.693151,39.2497136,12/17/2013,02:04:04.378-08:00
-76.693151,39.2497136,12/17/2013,02:05:04.620-08:00
-76.693151,39.2497136,12/17/2013,02:06:05.447-08:00
-76.693151,39.2497136,12/17/2013,02:07:05.317-08:00
-76.693151,39.2497136,12/17/2013,02:08:05.830-08:00
-76.6946205,39.2499215,12/17/2013,02:09:06.549-08:00
-76.6946205,39.2499215,12/17/2013,02:10:06.866-08:00
-76.6946205,39.2499215,12/17/2013,02:11:07.295-08:00
-76.6946205,39.2499215,12/17/2013,02:12:08.026-08:00
-76.6946205,39.2499215,12/17/2013,02:13:08.220-08:00
-76.693151,39.2497136,12/17/2013,02:14:08.214-08:00
-76.693151,39.2497136,12/17/2013,02:15:08.893-08:00
-76.693151,39.2497136,12/17/2013,02:16:09.185-08:00
-76.693151,39.2497136,12/17/2013,02:17:09.732-08:00
-76.693151,39.2497136,12/17/2013,02:18:09.944-08:00
-76.693151,39.2497136,12/17/2013,02:19:11.300-08:00
-76.693151,39.2497136,12/17/2013,02:20:12.303-08:00
-76.693151,39.2497136,12/17/2013,02:21:12.350-08:00
-76.693151,39.2497136,12/17/2013,02:22:12.810-08:00
-76.693151,39.2497136,12/17/2013,02:23:13.346-08:00
-76.6946205,39.2499215,12/17/2013,02:24:14.349-08:00
-76.6946205,39.2499215,12/17/2013,02:25:14.727-08:00
-76.6946205,39.2499215,12/17/2013,02:26:15.219-08:00
-76.6946205,39.2499215,12/17/2013,02:27:15.663-08:00
-76.693151,39.2497136,12/17/2013,02:28:15.692-08:00
-76.693151,39.2497136,12/17/2013,02:29:15.982-08:00
-76.693151,39.2497136,12/17/2013,02:30:16.022-08:00
-76.693151,39.2497136,12/17/2013,02:31:16.216-08:00
-76.6963253,39.2573713,12/17/2013,02:32:16.308-08:00
-76.6963253,39.2573713,12/17/2013,02:33:17.466-08:00
-76.6963253,39.2573713,12/17/2013,02:34:17.310-08:00
-76.6963253,39.2573713,12/17/2013,02:35:18.303-08:00
-76.6963253,39.2573713,12/17/2013,02:36:18.717-08:00
-76.6963253,39.2573713,12/17/2013,02:37:18.714-08:00
-76.6963253,39.2573713,12/17/2013,02:38:19.340-08:00
-76.6946205,39.2499215,12/17/2013,02:39:19.521-08:00
-76.6946205,39.2499215,12/17/2013,02:40:19.663-08:00
-76.6946205,39.2499215,12/17/2013,02:41:20.212-08:00
-76.6946205,39.2499215,12/17/2013,02:42:20.334-08:00
-76.6946205,39.2499215,12/17/2013,02:43:20.546-08:00
-76.6946205,39.2499215,12/17/2013,02:44:20.580-08:00
-76.6946205,39.2499215,12/17/2013,02:45:21.414-08:00
-76.6946205,39.2499215,12/17/2013,02:46:21.628-08:00
-76.6946205,39.2499215,12/17/2013,02:47:22.293-08:00
-76.6946205,39.2499215,12/17/2013,02:48:22.710-08:00
-76.693151,39.2497136,12/17/2013,02:49:23.303-08:00
-76.693151,39.2497136,12/17/2013,02:50:23.791-08:00
-76.693151,39.2497136,12/17/2013,02:51:24.279-08:00
-76.693151,39.2497136,12/17/2013,02:52:24.776-08:00
-76.693151,39.2497136,12/17/2013,02:53:25.211-08:00
-76.6946205,39.2499215,12/17/2013,02:54:25.340-08:00
-76.6946205,39.2499215,12/17/2013,02:55:25.715-08:00
-76.6946205,39.2499215,12/17/2013,02:56:25.775-08:00
-76.6946205,39.2499215,12/17/2013,02:57:25.750-08:00
-76.6946205,39.2499215,12/17/2013,02:58:26.337-08:00
-76.6946205,39.2499215,12/17/2013,02:59:26.320-08:00
-76.6946205,39.2499215,12/17/2013,03:00:27.642-08:00
-76.693151,39.2497136,12/17/2013,03:01:27.540-08:00
-76.693151,39.2497136,12/17/2013,03:02:28.288-08:00
-76.693151,39.2497136,12/17/2013,03:03:28.594-08:00
-76.6946205,39.2499215,12/17/2013,03:04:29.300-08:00
-76.6946205,39.2499215,12/17/2013,03:05:29.308-08:00
-76.6946205,39.2499215,12/17/2013,03:06:29.438-08:00
-76.6946205,39.2499215,12/17/2013,03:07:29.594-08:00
-76.6946205,39.2499215,12/17/2013,03:08:30.304-08:00
-76.6946205,39.2499215,12/17/2013,03:09:30.380-08:00
-76.6946205,39.2499215,12/17/2013,03:10:30.671-08:00
-76.6946205,39.2499215,12/17/2013,03:11:31.213-08:00
-76.6946205,39.2499215,12/17/2013,03:12:31.668-08:00
-76.6946205,39.2499215,12/17/2013,03:13:31.684-08:00
-76.6946205,39.2499215,12/17/2013,03:14:31.899-08:00
-76.6946205,39.2499215,12/17/2013,03:15:32.659-08:00
-76.6946205,39.2499215,12/17/2013,03:16:33.191-08:00
-76.6946205,39.2499215,12/17/2013,03:17:33.851-08:00
-76.6946205,39.2499215,12/17/2013,03:18:34.357-08:00
-76.6946205,39.2499215,12/17/2013,03:19:34.329-08:00
-76.6946205,39.2499215,12/17/2013,03:20:34.331-08:00
-76.6946205,39.2499215,12/17/2013,03:21:34.473-08:00
-76.6946205,39.2499215,12/17/2013,03:22:35.194-08:00
-76.6946205,39.2499215,12/17/2013,03:23:35.651-08:00
-76.693151,39.2497136,12/17/2013,03:24:35.736-08:00
-76.693151,39.2497136,12/17/2013,03:25:35.736-08:00
-76.693151,39.2497136,12/17/2013,03:26:36.185-08:00
-76.693151,39.2497136,12/17/2013,03:27:36.217-08:00
-76.693151,39.2497136,12/17/2013,03:28:36.292-08:00
-76.693151,39.2497136,12/17/2013,03:29:36.445-08:00
-76.693151,39.2497136,12/17/2013,03:30:36.483-08:00
-76.693151,39.2497136,12/17/2013,03:31:37.312-08:00
-76.6946205,39.2499215,12/17/2013,03:32:38.218-08:00
-76.6946205,39.2499215,12/17/2013,03:33:39.591-08:00
-76.6946205,39.2499215,12/17/2013,03:34:39.630-08:00
-76.6946205,39.2499215,12/17/2013,03:35:40.216-08:00
-76.6946205,39.2499215,12/17/2013,03:36:40.358-08:00
-76.6946205,39.2499215,12/17/2013,03:37:40.326-08:00
-76.6946205,39.2499215,12/17/2013,03:38:40.659-08:00
-76.693151,39.2497136,12/17/2013,03:39:40.803-08:00
-76.693151,39.2497136,12/17/2013,03:40:41.313-08:00
-76.693151,39.2497136,12/17/2013,03:41:41.327-08:00
-76.693151,39.2497136,12/17/2013,03:42:42.327-08:00
-76.693151,39.2497136,12/17/2013,03:43:42.659-08:00
-76.693151,39.2497136,12/17/2013,03:44:42.709-08:00
-76.693151,39.2497136,12/17/2013,03:45:43.332-08:00
-76.693151,39.2497136,12/17/2013,03:46:43.323-08:00
-76.693151,39.2497136,12/17/2013,03:47:43.397-08:00
-76.693151,39.2497136,12/17/2013,03:48:43.532-08:00
-76.6946205,39.2499215,12/17/2013,03:49:43.545-08:00
-76.6946205,39.2499215,12/17/2013,03:50:44.249-08:00
-76.6946205,39.2499215,12/17/2013,03:51:44.458-08:00
-76.6946205,39.2499215,12/17/2013,03:52:45.002-08:00
-76.6946205,39.2499215,12/17/2013,03:53:45.296-08:00
-76.6946205,39.2499215,12/17/2013,03:54:45.404-08:00
-76.6946205,39.2499215,12/17/2013,03:55:45.623-08:00
-76.6946205,39.2499215,12/17/2013,03:56:45.817-08:00
-76.6946205,39.2499215,12/17/2013,03:57:46.440-08:00
-76.6946205,39.2499215,12/17/2013,03:58:46.327-08:00
-76.6963253,39.2573713,12/17/2013,03:59:46.349-08:00
-76.6963253,39.2573713,12/17/2013,04:00:46.828-08:00
-76.6963253,39.2573713,12/17/2013,04:01:47.330-08:00
-76.6963253,39.2573713,12/17/2013,04:02:47.724-08:00
-76.6963253,39.2573713,12/17/2013,04:03:47.771-08:00
-76.6946205,39.2499215,12/17/2013,04:04:47.802-08:00
-76.6946205,39.2499215,12/17/2013,04:05:48.258-08:00
-76.6946205,39.2499215,12/17/2013,04:06:48.331-08:00
-76.6946205,39.2499215,12/17/2013,04:07:48.318-08:00
-76.6946205,39.2499215,12/17/2013,04:08:49.191-08:00
-76.6946205,39.2499215,12/17/2013,04:09:49.423-08:00
-76.6946205,39.2499215,12/17/2013,04:10:50.297-08:00
-76.6946205,39.2499215,12/17/2013,04:11:50.329-08:00
-76.6946205,39.2499215,12/17/2013,04:12:51.063-08:00
-76.6946205,39.2499215,12/17/2013,04:13:51.210-08:00
-76.6963253,39.2573713,12/17/2013,04:14:51.445-08:00
-76.6963253,39.2573713,12/17/2013,04:15:51.800-08:00
-76.6946205,39.2499215,12/17/2013,04:16:52.315-08:00
-76.6946205,39.2499215,12/17/2013,04:17:52.336-08:00
-76.6946205,39.2499215,12/17/2013,04:18:53.352-08:00
-76.6946205,39.2499215,12/17/2013,04:19:53.310-08:00
-76.6946205,39.2499215,12/17/2013,04:20:53.336-08:00
-76.6946205,39.2499215,12/17/2013,04:21:53.402-08:00
-76.6946205,39.2499215,12/17/2013,04:22:53.445-08:00
-76.6946205,39.2499215,12/17/2013,04:23:53.700-08:00
-76.6946205,39.2499215,12/17/2013,04:24:53.797-08:00
-76.6946205,39.2499215,12/17/2013,04:25:53.735-08:00
-76.6946205,39.2499215,12/17/2013,04:26:53.799-08:00
-76.6946205,39.2499215,12/17/2013,04:27:53.786-08:00
-76.6963253,39.2573713,12/17/2013,04:28:54.296-08:00
-76.693151,39.2497136,12/17/2013,04:29:54.450-08:00
-76.693151,39.2497136,12/17/2013,04:30:55.514-08:00
-76.693151,39.2497136,12/17/2013,04:31:55.315-08:00
-76.693151,39.2497136,12/17/2013,04:32:55.317-08:00
-76.693151,39.2497136,12/17/2013,04:33:55.725-08:00
-76.6946205,39.2499215,12/17/2013,04:34:58.694-08:00
-76.6946205,39.2499215,12/17/2013,04:35:58.757-08:00
-76.6946205,39.2499215,12/17/2013,04:36:59.431-08:00
-76.6946205,39.2499215,12/17/2013,04:37:59.350-08:00
-76.6946205,39.2499215,12/17/2013,04:38:59.310-08:00
-76.6946205,39.2499215,12/17/2013,04:39:59.458-08:00
-76.6946205,39.2499215,12/17/2013,04:40:59.422-08:00
-76.6946205,39.2499215,12/17/2013,04:42:00.231-08:00
-76.693151,39.2497136,12/17/2013,04:43:00.785-08:00
-76.693151,39.2497136,12/17/2013,04:44:01.289-08:00
-76.693151,39.2497136,12/17/2013,04:45:01.337-08:00
-76.693151,39.2497136,12/17/2013,04:46:01.691-08:00
-76.693151,39.2497136,12/17/2013,04:47:02.249-08:00
-76.693151,39.2497136,12/17/2013,04:48:02.620-08:00
-76.693151,39.2497136,12/17/2013,04:49:03.506-08:00
-76.693151,39.2497136,12/17/2013,04:50:03.745-08:00
-76.693151,39.2497136,12/17/2013,04:51:03.555-08:00
-76.693151,39.2497136,12/17/2013,04:52:04.161-08:00
-76.693151,39.2497136,12/17/2013,04:53:04.182-08:00
-76.693151,39.2497136,12/17/2013,04:54:04.306-08:00
-76.6963253,39.2573713,12/17/2013,04:55:05.438-08:00
-76.6963253,39.2573713,12/17/2013,04:56:05.893-08:00
-76.6963253,39.2573713,12/17/2013,04:57:06.286-08:00
-76.6963253,39.2573713,12/17/2013,04:58:06.559-08:00
-76.6963253,39.2573713,12/17/2013,04:59:06.560-08:00
-76.6963253,39.2573713,12/17/2013,05:00:06.841-08:00
-76.6963253,39.2573713,12/17/2013,05:01:08.439-08:00
-76.6963253,39.2573713,12/17/2013,05:02:09.311-08:00
-76.6963253,39.2573713,12/17/2013,05:03:10.309-08:00
-76.6963253,39.2573713,12/17/2013,05:04:11.592-08:00
-76.6963253,39.2573713,12/17/2013,05:05:12.620-08:00
-76.6963253,39.2573713,12/17/2013,05:06:13.291-08:00
-76.6963253,39.2573713,12/17/2013,05:07:13.724-08:00
-76.6963253,39.2573713,12/17/2013,05:08:14.333-08:00
-76.6946205,39.2499215,12/17/2013,05:09:14.878-08:00
-76.6946205,39.2499215,12/17/2013,05:10:14.949-08:00
-76.6946205,39.2499215,12/17/2013,05:11:14.929-08:00
-76.6946205,39.2499215,12/17/2013,05:12:15.335-08:00
-76.6946205,39.2499215,12/17/2013,05:13:16.349-08:00
-76.6946205,39.2499215,12/17/2013,05:14:16.245-08:00
-76.6946205,39.2499215,12/17/2013,05:15:17.556-08:00
-76.6946205,39.2499215,12/17/2013,05:16:18.695-08:00
-76.6946205,39.2499215,12/17/2013,05:17:19.751-08:00
-76.6963253,39.2573713,12/17/2013,05:18:19.737-08:00
-76.6963253,39.2573713,12/17/2013,05:19:19.743-08:00
-76.6963253,39.2573713,12/17/2013,05:20:20.331-08:00
-76.6963253,39.2573713,12/17/2013,05:21:20.330-08:00
-76.6963253,39.2573713,12/17/2013,05:22:21.232-08:00
-76.6963253,39.2573713,12/17/2013,05:23:21.241-08:00
-76.6963253,39.2573713,12/17/2013,05:24:21.731-08:00
-76.6963253,39.2573713,12/17/2013,05:25:22.236-08:00
-76.6963253,39.2573713,12/17/2013,05:26:23.291-08:00
-76.6963253,39.2573713,12/17/2013,05:27:23.766-08:00
-76.6946205,39.2499215,12/17/2013,05:28:23.791-08:00
-76.6946205,39.2499215,12/17/2013,05:29:23.844-08:00
-76.6946205,39.2499215,12/17/2013,05:30:24.191-08:00
-76.6946205,39.2499215,12/17/2013,05:31:24.337-08:00
-76.6946205,39.2499215,12/17/2013,05:32:25.247-08:00
-76.6946205,39.2499215,12/17/2013,05:33:25.281-08:00
-76.6946205,39.2499215,12/17/2013,05:34:25.329-08:00
-76.6946205,39.2499215,12/17/2013,05:35:25.683-08:00
-76.6946205,39.2499215,12/17/2013,05:36:26.329-08:00
-76.6946205,39.2499215,12/17/2013,05:37:26.705-08:00
-76.6946205,39.2499215,12/17/2013,05:38:27.157-08:00
-76.6946205,39.2499215,12/17/2013,05:39:27.369-08:00
-76.6946205,39.2499215,12/17/2013,05:40:27.873-08:00
-76.6946205,39.2499215,12/17/2013,05:41:27.904-08:00
-76.6946205,39.2499215,12/17/2013,05:42:28.236-08:00
-76.6946205,39.2499215,12/17/2013,05:43:28.810-08:00
-76.6946205,39.2499215,12/17/2013,05:44:28.272-08:00
-76.6946205,39.2499215,12/17/2013,05:45:29.302-08:00
-76.6946205,39.2499215,12/17/2013,05:46:29.988-08:00
-76.6946205,39.2499215,12/17/2013,05:47:30.256-08:00
-76.6946205,39.2499215,12/17/2013,05:48:31.332-08:00
-76.6946205,39.2499215,12/17/2013,05:49:31.749-08:00
-76.6946205,39.2499215,12/17/2013,05:50:32.298-08:00
-76.6946205,39.2499215,12/17/2013,05:51:32.325-08:00
-76.6946205,39.2499215,12/17/2013,05:52:32.692-08:00
-76.6926735,39.2471388,12/17/2013,05:53:33.344-08:00
-76.6926735,39.2471388,12/17/2013,05:54:33.956-08:00
-76.6926735,39.2471388,12/17/2013,05:55:34.435-08:00
-76.6926735,39.2471388,12/17/2013,05:56:34.519-08:00
-76.6926735,39.2471388,12/17/2013,05:57:34.676-08:00
-76.6946205,39.2499215,12/17/2013,05:58:35.432-08:00
-76.6946205,39.2499215,12/17/2013,05:59:35.337-08:00
-76.6946205,39.2499215,12/17/2013,06:00:35.864-08:00
-76.6946205,39.2499215,12/17/2013,06:01:35.922-08:00
-76.6946205,39.2499215,12/17/2013,06:02:36.449-08:00
-76.6946205,39.2499215,12/17/2013,06:03:37.242-08:00
-76.6946205,39.2499215,12/17/2013,06:04:37.441-08:00
-76.6946205,39.2499215,12/17/2013,06:05:37.573-08:00
-76.6946205,39.2499215,12/17/2013,06:06:37.611-08:00
-76.6946205,39.2499215,12/17/2013,06:07:37.668-08:00
-76.6946205,39.2499215,12/17/2013,06:08:38.329-08:00
-76.6946205,39.2499215,12/17/2013,06:09:39.308-08:00
-76.6946205,39.2499215,12/17/2013,06:10:39.895-08:00
-76.6946205,39.2499215,12/17/2013,06:11:40.214-08:00
-76.6946205,39.2499215,12/17/2013,06:12:40.718-08:00
-76.6946205,39.2499215,12/17/2013,06:13:41.349-08:00
-76.6946205,39.2499215,12/17/2013,06:14:41.321-08:00
-76.6946205,39.2499215,12/17/2013,06:15:41.336-08:00
-76.6946205,39.2499215,12/17/2013,06:16:41.860-08:00
-76.6946205,39.2499215,12/17/2013,06:17:42.513-08:00
-76.6963253,39.2573713,12/17/2013,06:18:42.525-08:00
-76.6963253,39.2573713,12/17/2013,06:19:43.368-08:00
-76.6963253,39.2573713,12/17/2013,06:20:43.387-08:00
-76.6963253,39.2573713,12/17/2013,06:21:43.419-08:00
-76.6963253,39.2573713,12/17/2013,06:22:43.876-08:00
-76.6946205,39.2499215,12/17/2013,06:23:44.305-08:00
-76.6946205,39.2499215,12/17/2013,06:24:45.289-08:00
-76.6946205,39.2499215,12/17/2013,06:25:46.447-08:00
-76.6946205,39.2499215,12/17/2013,06:26:46.337-08:00
-76.6946205,39.2499215,12/17/2013,06:27:46.333-08:00
-76.6963253,39.2573713,12/17/2013,06:28:46.354-08:00
-76.6963253,39.2573713,12/17/2013,06:29:47.296-08:00
-76.6963253,39.2573713,12/17/2013,06:30:47.335-08:00
-76.6963253,39.2573713,12/17/2013,06:31:48.233-08:00
-76.6963253,39.2573713,12/17/2013,06:32:48.299-08:00
-76.6946205,39.2499215,12/17/2013,06:33:49.290-08:00
-76.6946205,39.2499215,12/17/2013,06:34:51.368-08:00
-76.6946205,39.2499215,12/17/2013,06:35:51.408-08:00
-76.6946205,39.2499215,12/17/2013,06:36:51.830-08:00
-76.6946205,39.2499215,12/17/2013,06:37:52.361-08:00
-76.6946205,39.2499215,12/17/2013,06:38:52.569-08:00
-76.6946205,39.2499215,12/17/2013,06:39:53.311-08:00
-76.6946205,39.2499215,12/17/2013,06:40:53.829-08:00
-76.6946205,39.2499215,12/17/2013,06:41:53.902-08:00
-76.6946205,39.2499215,12/17/2013,06:42:54.298-08:00
-76.6963253,39.2573713,12/17/2013,06:43:55.421-08:00
-76.6963253,39.2573713,12/17/2013,06:44:55.302-08:00
-76.6963253,39.2573713,12/17/2013,06:45:55.333-08:00
-76.6963253,39.2573713,12/17/2013,06:46:56.599-08:00
-76.6963253,39.2573713,12/17/2013,06:47:57.297-08:00
-76.693151,39.2497136,12/17/2013,06:48:58.322-08:00
-76.693151,39.2497136,12/17/2013,06:49:58.364-08:00
-76.693151,39.2497136,12/17/2013,06:50:58.341-08:00
-76.693151,39.2497136,12/17/2013,06:51:58.443-08:00
-76.693151,39.2497136,12/17/2013,06:52:58.463-08:00
-76.6946205,39.2499215,12/17/2013,06:53:59.227-08:00
-76.6946205,39.2499215,12/17/2013,06:54:59.285-08:00
-76.6946205,39.2499215,12/17/2013,06:55:59.346-08:00
-76.6946205,39.2499215,12/17/2013,06:56:59.343-08:00
-76.6946205,39.2499215,12/17/2013,06:57:59.359-08:00
-76.6946205,39.2499215,12/17/2013,06:58:59.480-08:00
-76.6946205,39.2499215,12/17/2013,07:00:00.474-08:00
-76.6946205,39.2499215,12/17/2013,07:01:00.800-08:00
-76.6946205,39.2499215,12/17/2013,07:02:01.472-08:00
-76.693151,39.2497136,12/17/2013,07:03:02.303-08:00
-76.693151,39.2497136,12/17/2013,07:04:02.318-08:00
-76.693151,39.2497136,12/17/2013,07:05:03.418-08:00
-76.693151,39.2497136,12/17/2013,07:06:03.757-08:00
-76.693151,39.2497136,12/17/2013,07:07:04.299-08:00
-76.693151,39.2497136,12/17/2013,07:08:05.270-08:00
-76.693151,39.2497136,12/17/2013,07:09:05.434-08:00
-76.693151,39.2497136,12/17/2013,07:10:05.824-08:00
-76.693151,39.2497136,12/17/2013,07:11:05.866-08:00
-76.693151,39.2497136,12/17/2013,07:12:07.299-08:00
-76.6946205,39.2499215,12/17/2013,07:13:07.312-08:00
-76.6946205,39.2499215,12/17/2013,07:14:08.252-08:00
-76.6946205,39.2499215,12/17/2013,07:15:08.708-08:00
-76.6946205,39.2499215,12/17/2013,07:16:09.267-08:00
-76.6946205,39.2499215,12/17/2013,07:17:10.314-08:00
-76.693151,39.2497136,12/17/2013,07:18:10.828-08:00
-76.693151,39.2497136,12/17/2013,07:19:11.223-08:00
-76.693151,39.2497136,12/17/2013,07:20:11.893-08:00
-76.693151,39.2497136,12/17/2013,07:21:13.325-08:00
-76.693151,39.2497136,12/17/2013,07:22:14.289-08:00
-76.693151,39.2497136,12/17/2013,07:23:15.123-08:00
-76.693151,39.2497136,12/17/2013,07:24:15.283-08:00
-76.693151,39.2497136,12/17/2013,07:25:16.300-08:00
-76.693151,39.2497136,12/17/2013,07:26:16.754-08:00
-76.693151,39.2497136,12/17/2013,07:27:17.299-08:00
-76.6963253,39.2573713,12/17/2013,07:28:17.298-08:00
-76.6946205,39.2499215,12/17/2013,07:29:17.358-08:00
-76.6946205,39.2499215,12/17/2013,07:30:17.340-08:00
-76.6946205,39.2499215,12/17/2013,07:31:17.800-08:00
-76.6963253,39.2573713,12/17/2013,07:32:17.826-08:00
-76.6963253,39.2573713,12/17/2013,07:33:17.855-08:00
-76.693151,39.2497136,12/17/2013,07:34:18.306-08:00
-76.693151,39.2497136,12/17/2013,07:35:19.230-08:00
-76.693151,39.2497136,12/17/2013,07:36:19.540-08:00
-76.693151,39.2497136,12/17/2013,07:37:20.335-08:00
-76.6963253,39.2573713,12/17/2013,07:38:20.803-08:00
-76.693151,39.2497136,12/17/2013,07:39:21.303-08:00
-76.693151,39.2497136,12/17/2013,07:40:21.773-08:00
-76.693151,39.2497136,12/17/2013,07:41:22.355-08:00
-76.693151,39.2497136,12/17/2013,07:42:22.743-08:00
-76.6963253,39.2573713,12/17/2013,07:43:22.735-08:00
-76.6931424,39.249726,12/17/2013,07:44:14.716-08:00
-76.6963253,39.2573713,12/17/2013,07:45:23.124-08:00
-76.6963253,39.2573713,12/17/2013,07:46:23.235-08:00
-76.6963253,39.2573713,12/17/2013,07:47:23.335-08:00
-76.6946205,39.2499215,12/17/2013,07:48:24.323-08:00
-76.6946205,39.2499215,12/17/2013,07:49:24.674-08:00
-76.6946205,39.2499215,12/17/2013,07:50:24.931-08:00
-76.6946205,39.2499215,12/17/2013,07:51:24.970-08:00
-76.6946205,39.2499215,12/17/2013,07:52:25.322-08:00
-76.6963253,39.2573713,12/17/2013,07:53:26.927-08:00
-76.6947381,39.2535424,12/17/2013,07:54:26.303-08:00
-76.6938907,39.2505497,12/17/2013,07:55:26.563-08:00
-76.698826,39.2594991,12/17/2013,07:56:30.261-08:00
-76.698826,39.2594991,12/17/2013,07:57:30.509-08:00
-76.6988655,39.2595275,12/17/2013,07:58:30.499-08:00
-76.698826,39.2594991,12/17/2013,07:59:30.615-08:00
-76.698826,39.2594991,12/17/2013,08:00:30.587-08:00
-76.698819,39.2595275,12/17/2013,08:01:30.548-08:00
-76.698826,39.2594991,12/17/2013,08:02:30.679-08:00
-76.6988724,39.2594991,12/17/2013,08:03:30.620-08:00
-76.698826,39.2594991,12/17/2013,08:04:30.667-08:00
-76.698826,39.2594991,12/17/2013,08:05:30.656-08:00
-76.698819,39.2595005,12/17/2013,08:06:32.910-08:00
-76.698826,39.2595261,12/17/2013,08:07:33.105-08:00
-76.698826,39.2594991,12/17/2013,08:08:33.030-08:00
-76.6988724,39.259526,12/17/2013,08:09:33.067-08:00
-76.698826,39.2594991,12/17/2013,08:10:33.129-08:00
-76.698826,39.2595261,12/17/2013,08:11:33.118-08:00
-76.6988724,39.259526,12/17/2013,08:12:33.095-08:00
-76.698826,39.2594991,12/17/2013,08:13:33.179-08:00
-76.6988724,39.2595261,12/17/2013,08:14:33.228-08:00
-76.698826,39.2594991,12/17/2013,08:15:33.261-08:00
-76.698826,39.2595261,12/17/2013,08:16:33.272-08:00
-76.698826,39.2594991,12/17/2013,08:17:33.297-08:00
-76.6988724,39.2595261,12/17/2013,08:18:33.370-08:00
-76.698826,39.2595261,12/17/2013,08:19:33.919-08:00
-76.6988495,39.2595227,12/17/2013,08:20:30.179-08:00
-76.698826,39.259499,12/17/2013,08:21:30.079-08:00
-76.698826,39.2594991,12/17/2013,08:22:33.883-08:00
-76.698826,39.259499,12/17/2013,08:23:33.835-08:00
-76.6988724,39.2595261,12/17/2013,08:24:33.864-08:00
-76.6988724,39.2595261,12/17/2013,08:25:34.003-08:00
-76.698826,39.2595261,12/17/2013,08:26:34.178-08:00
-76.698819,39.2595005,12/17/2013,08:27:34.151-08:00
-76.698826,39.2594991,12/17/2013,08:28:34.211-08:00
-76.6988717,39.2595692,12/17/2013,08:29:34.786-08:00
-76.6989232,39.259492,12/17/2013,08:30:34.260-08:00
-76.6988535,39.259492,12/17/2013,08:31:34.332-08:00
-76.698807,39.2595191,12/17/2013,08:32:34.338-08:00
-76.6988535,39.259492,12/17/2013,08:33:34.419-08:00
-76.6988535,39.259492,12/17/2013,08:34:34.405-08:00
-76.6989232,39.259492,12/17/2013,08:35:34.497-08:00
-76.6988825,39.2595168,12/17/2013,08:36:34.506-08:00
-76.6988976,39.2595686,12/17/2013,08:37:34.423-08:00
-76.698891,39.2595383,12/17/2013,08:38:34.474-08:00
-76.6989318,39.2596001,12/17/2013,08:39:34.464-08:00
-76.6990071,39.2595383,12/17/2013,08:40:35.020-08:00
-76.6988459,39.2595026,12/17/2013,08:41:34.529-08:00
-76.6988924,39.2595296,12/17/2013,08:42:36.111-08:00
-76.6989059,39.2595554,12/17/2013,08:43:36.119-08:00
-76.698891,39.2595653,12/17/2013,08:44:36.061-08:00
-76.6988774,39.2595517,12/17/2013,08:45:37.157-08:00
-76.6988824,39.2595168,12/17/2013,08:46:37.219-08:00
-76.6988535,39.259492,12/17/2013,08:47:37.457-08:00
-76.6988924,39.2595296,12/17/2013,08:48:38.890-08:00
-76.6988289,39.2595205,12/17/2013,08:49:38.006-08:00
-76.6988289,39.2595205,12/17/2013,08:50:38.442-08:00
-76.6989074,39.259562,12/17/2013,08:51:38.551-08:00
-76.6988601,39.259537,12/17/2013,08:52:38.563-08:00
-76.6989272,39.2595296,12/17/2013,08:53:42.579-08:00
-76.6989753,39.2594366,12/17/2013,08:54:42.979-08:00
-76.6988289,39.2594935,12/17/2013,08:55:43.392-08:00
-76.6988745,39.2595702,12/17/2013,08:56:43.561-08:00
-76.6988924,39.2595026,12/17/2013,08:57:43.935-08:00
-76.6988601,39.2595641,12/17/2013,08:58:44.104-08:00
-76.6989284,39.2595006,12/17/2013,08:59:45.151-08:00
-76.6989298,39.259537,12/17/2013,09:00:46.053-08:00
-76.6988459,39.2595026,12/17/2013,09:01:46.460-08:00
-76.6988289,39.2594933,12/17/2013,09:02:47.136-08:00
-76.6988289,39.2595205,12/17/2013,09:03:47.043-08:00
-76.6988924,39.2595296,12/17/2013,09:04:48.102-08:00
-76.6988535,39.259492,12/17/2013,09:05:48.200-08:00
-76.6988535,39.2595461,12/17/2013,09:06:49.061-08:00
-76.6989232,39.2595461,12/17/2013,09:07:50.016-08:00
-76.6988535,39.259492,12/17/2013,09:08:50.132-08:00
-76.6988969,39.259573,12/17/2013,09:09:50.153-08:00
-76.6989272,39.2595296,12/17/2013,09:10:50.384-08:00
-76.6988949,39.2595641,12/17/2013,09:11:50.453-08:00
-76.6988535,39.2595461,12/17/2013,09:12:51.102-08:00
-76.6988535,39.259492,12/17/2013,09:13:52.075-08:00
-76.6988924,39.2595296,12/17/2013,09:14:52.086-08:00
-76.6989232,39.259492,12/17/2013,09:15:52.409-08:00
-76.6988924,39.2595296,12/17/2013,09:16:52.716-08:00
-76.6988976,39.2595416,12/17/2013,09:17:53.216-08:00
-76.6988924,39.2595296,12/17/2013,09:18:53.366-08:00
-76.6988765,39.2595471,12/17/2013,09:19:54.097-08:00
-76.6989232,39.259492,12/17/2013,09:20:55.016-08:00
-76.6988949,39.2595641,12/17/2013,09:21:56.060-08:00
-76.6988535,39.2595461,12/17/2013,09:22:56.511-08:00
-76.6988419,39.2595669,12/17/2013,09:23:57.057-08:00
-76.6988535,39.2595461,12/17/2013,09:24:58.044-08:00
-76.6989318,39.259537,12/17/2013,09:25:58.103-08:00
-76.69886,39.2595641,12/17/2013,09:26:59.214-08:00
-76.6988535,39.2595461,12/17/2013,09:27:59.222-08:00
-76.6989232,39.259492,12/17/2013,09:29:00.131-08:00
-76.6988535,39.259492,12/17/2013,09:29:56.393-08:00
-76.6989621,39.2594395,12/17/2013,09:31:01.035-08:00
-76.6988976,39.2595416,12/17/2013,09:32:01.114-08:00
-76.6988924,39.2595296,12/17/2013,09:33:01.124-08:00
-76.6989232,39.259492,12/17/2013,09:34:01.247-08:00
-76.6988986,39.2594935,12/17/2013,09:35:02.088-08:00
-76.6989232,39.259492,12/17/2013,09:36:02.092-08:00
-76.6989621,39.2594395,12/17/2013,09:37:03.087-08:00
-76.6989293,39.2594777,12/17/2013,09:38:03.086-08:00
-76.6988638,39.2595205,12/17/2013,09:39:04.066-08:00
-76.6989232,39.259492,12/17/2013,09:40:04.605-08:00
-76.6988924,39.2595296,12/17/2013,09:41:05.939-08:00
-76.6988724,39.2595261,12/17/2013,09:42:06.598-08:00
-76.6990106,39.2594777,12/17/2013,09:43:06.558-08:00
-76.6988638,39.2594935,12/17/2013,09:44:07.133-08:00
-76.6988949,39.2595641,12/17/2013,09:45:07.751-08:00
-76.6988654,39.2595306,12/17/2013,09:46:08.038-08:00
-76.6989938,39.2594724,12/17/2013,09:47:08.754-08:00
-76.6989232,39.259492,12/17/2013,09:48:08.798-08:00
-76.6989232,39.259492,12/17/2013,09:49:09.041-08:00
-76.6988801,39.2595248,12/17/2013,09:50:09.702-08:00
-76.6989887,39.2594719,12/17/2013,09:51:09.646-08:00
-76.6988882,39.2595461,12/17/2013,09:52:10.436-08:00
-76.6988417,39.2595741,12/17/2013,09:53:11.098-08:00
-76.6987824,39.2594935,12/17/2013,09:54:11.528-08:00
-76.6989232,39.259492,12/17/2013,09:55:12.077-08:00
-76.6988535,39.259492,12/17/2013,09:56:12.140-08:00
-76.6989232,39.259492,12/17/2013,09:57:13.110-08:00
-76.698807,39.259492,12/17/2013,09:58:13.026-08:00
-76.6988638,39.2594935,12/17/2013,09:59:14.102-08:00
-76.6989016,39.2595815,12/17/2013,10:00:15.237-08:00
-76.6988535,39.2595461,12/17/2013,10:01:16.052-08:00
-76.698807,39.2595191,12/17/2013,10:02:16.073-08:00
-76.6989095,39.2595197,12/17/2013,10:03:16.099-08:00
-76.6988408,39.2595364,12/17/2013,10:04:16.842-08:00
-76.6988877,39.2595515,12/17/2013,10:05:17.053-08:00
-76.6989232,39.2594919,12/17/2013,10:06:17.558-08:00
-76.6988638,39.2594935,12/17/2013,10:07:17.627-08:00
-76.6988779,39.25955,12/17/2013,10:08:17.995-08:00
-76.6988638,39.2595205,12/17/2013,10:09:18.569-08:00
-76.6988778,39.2595229,12/17/2013,10:10:19.046-08:00
-76.6988638,39.2594935,12/17/2013,10:11:19.091-08:00
-76.6988884,39.259492,12/17/2013,10:12:19.146-08:00
-76.6988638,39.2594935,12/17/2013,10:13:20.039-08:00
-76.6989232,39.259492,12/17/2013,10:14:21.102-08:00
-76.6989232,39.259492,12/17/2013,10:15:21.660-08:00
-76.6988638,39.2595205,12/17/2013,10:16:21.717-08:00
-76.6988765,39.2595471,12/17/2013,10:17:22.124-08:00
-76.6988949,39.2595641,12/17/2013,10:18:22.184-08:00
-76.6988765,39.2595471,12/17/2013,10:19:22.288-08:00
-76.6988765,39.2595471,12/17/2013,10:20:22.317-08:00
-76.6988638,39.2594935,12/17/2013,10:21:23.770-08:00
-76.6988638,39.2595205,12/17/2013,10:22:24.066-08:00
-76.6989244,39.2594869,12/17/2013,10:23:24.138-08:00
-76.6988638,39.2594935,12/17/2013,10:24:24.935-08:00
-76.6988638,39.2594935,12/17/2013,10:25:25.177-08:00
-76.6989232,39.2594919,12/17/2013,10:26:26.069-08:00
-76.6988727,39.2595626,12/17/2013,10:27:26.190-08:00
-76.6988727,39.2595267,12/17/2013,10:28:26.425-08:00
-76.6988765,39.2595471,12/17/2013,10:29:26.441-08:00
-76.6988655,39.2595005,12/17/2013,10:30:26.394-08:00
-76.698819,39.2595635,12/17/2013,10:31:26.828-08:00
-76.698819,39.2595635,12/17/2013,10:32:27.163-08:00
-76.6988453,39.2595517,12/17/2013,10:33:26.983-08:00
-76.698819,39.2595005,12/17/2013,10:34:26.969-08:00
-76.6987724,39.2595275,12/17/2013,10:35:27.464-08:00
-76.698819,39.2595635,12/17/2013,10:36:27.431-08:00
-76.6989004,39.2595005,12/17/2013,10:37:27.449-08:00
-76.6988655,39.2595275,12/17/2013,10:38:27.455-08:00
-76.698826,39.2595261,12/17/2013,10:39:27.591-08:00
-76.698819,39.2595635,12/17/2013,10:40:28.043-08:00
-76.6987779,39.2595156,12/17/2013,10:41:28.169-08:00
-76.698826,39.2594991,12/17/2013,10:42:28.134-08:00
-76.6989239,39.2595517,12/17/2013,10:43:28.101-08:00
-76.6989202,39.259505,12/17/2013,10:44:19.923-08:00
-76.6988985,39.2594935,12/17/2013,10:45:29.073-08:00
-76.6989004,39.2595005,12/17/2013,10:46:29.141-08:00
-76.6990153,39.2594626,12/17/2013,10:47:29.313-08:00
-76.698826,39.2594991,12/17/2013,10:48:29.061-08:00
-76.6988288,39.2594935,12/17/2013,10:49:29.074-08:00
-76.6988288,39.2594935,12/17/2013,10:50:25.347-08:00
-76.6988288,39.2594935,12/17/2013,10:51:25.714-08:00
-76.6988288,39.2594935,12/17/2013,10:52:25.757-08:00
-76.6988288,39.2594935,12/17/2013,10:53:26.343-08:00
-76.6988288,39.2594935,12/17/2013,10:54:26.582-08:00
-76.6988288,39.2594935,12/17/2013,10:55:27.338-08:00
-76.6988288,39.2594935,12/17/2013,10:56:27.361-08:00
-76.6988288,39.2594935,12/17/2013,10:57:28.369-08:00
-76.6988288,39.2594935,12/17/2013,10:58:28.306-08:00
-76.6988288,39.2594935,12/17/2013,10:59:28.321-08:00
-76.6988288,39.2594935,12/17/2013,11:00:28.418-08:00
-76.6988288,39.2594935,12/17/2013,11:01:30.330-08:00
-76.6988288,39.2594935,12/17/2013,11:02:31.380-08:00
-76.6988288,39.2594935,12/17/2013,11:03:31.891-08:00
-76.6988288,39.2594935,12/17/2013,11:04:32.319-08:00
-76.6988288,39.2594935,12/17/2013,11:05:32.289-08:00
-76.6988288,39.2594935,12/17/2013,11:06:32.352-08:00
-76.6988288,39.2594935,12/17/2013,11:07:32.364-08:00
-76.6988288,39.2594935,12/17/2013,11:08:32.425-08:00
-76.6988288,39.2594935,12/17/2013,11:09:33.955-08:00
-76.6988288,39.2594935,12/17/2013,11:10:34.351-08:00
-76.6988288,39.2594935,12/17/2013,11:11:35.328-08:00
-76.6988288,39.2594935,12/17/2013,11:12:35.814-08:00
-76.6988288,39.2594935,12/17/2013,11:13:36.234-08:00
-76.6988288,39.2594935,12/17/2013,11:14:36.319-08:00
-76.6988288,39.2594935,12/17/2013,11:15:36.439-08:00
-76.6926735,39.2471388,12/17/2013,11:16:36.511-08:00
-76.6988288,39.2594935,12/17/2013,11:17:37.612-08:00
-76.6988288,39.2594935,12/17/2013,11:18:38.321-08:00
-76.6988288,39.2594935,12/17/2013,11:19:39.199-08:00
-76.6988288,39.2594935,12/17/2013,11:20:39.299-08:00
-76.6988288,39.2594935,12/17/2013,11:21:40.305-08:00
-76.6988288,39.2594935,12/17/2013,11:22:40.784-08:00
-76.6988288,39.2594935,12/17/2013,11:23:41.208-08:00
-76.6988288,39.2594935,12/17/2013,11:24:41.289-08:00
-76.6988288,39.2594935,12/17/2013,11:25:41.427-08:00
-76.6988288,39.2594935,12/17/2013,11:26:41.321-08:00
-76.6988288,39.2594935,12/17/2013,11:27:41.839-08:00
-76.6988288,39.2594935,12/17/2013,11:28:42.529-08:00
-76.6988288,39.2594935,12/17/2013,11:29:42.490-08:00
-76.6988288,39.2594935,12/17/2013,11:30:42.510-08:00
-76.6988288,39.2594935,12/17/2013,11:31:42.571-08:00
-76.6988288,39.2594935,12/17/2013,11:32:43.342-08:00
-76.6988288,39.2594935,12/17/2013,11:33:44.312-08:00
-76.6988288,39.2594935,12/17/2013,11:34:44.347-08:00
-76.6988288,39.2594935,12/17/2013,11:35:44.401-08:00
-76.6988288,39.2594935,12/17/2013,11:36:44.738-08:00
-76.6988288,39.2594935,12/17/2013,11:37:46.567-08:00
-76.6988288,39.2594935,12/17/2013,11:38:47.316-08:00
-76.6988288,39.2594935,12/17/2013,11:39:47.300-08:00
-76.6988288,39.2594935,12/17/2013,11:40:47.441-08:00
-76.6988288,39.2594935,12/17/2013,11:41:48.329-08:00
-76.6988288,39.2594935,12/17/2013,11:42:48.299-08:00
-76.6988288,39.2594935,12/17/2013,11:43:49.284-08:00
-76.6988288,39.2594935,12/17/2013,11:44:49.313-08:00
-76.6988288,39.2594935,12/17/2013,11:45:49.339-08:00
-76.6988288,39.2594935,12/17/2013,11:46:49.404-08:00
-76.6988288,39.2594935,12/17/2013,11:47:50.243-08:00
-76.6988288,39.2594935,12/17/2013,11:48:51.261-08:00
-76.6988288,39.2594935,12/17/2013,11:49:52.436-08:00
-76.6988288,39.2594935,12/17/2013,11:50:53.321-08:00
-76.6988288,39.2594935,12/17/2013,11:51:53.724-08:00
-76.6988288,39.2594935,12/17/2013,11:52:54.340-08:00
-76.6988288,39.2594935,12/17/2013,11:53:54.341-08:00
-76.6988288,39.2594935,12/17/2013,11:54:55.313-08:00
-76.6988288,39.2594935,12/17/2013,11:55:55.317-08:00
-76.6988288,39.2594935,12/17/2013,11:56:56.439-08:00
-76.6988288,39.2594935,12/17/2013,11:57:56.329-08:00
-76.6988288,39.2594935,12/17/2013,11:58:56.958-08:00
-76.6988288,39.2594935,12/17/2013,11:59:57.556-08:00
-76.6988288,39.2594935,12/17/2013,12:00:58.303-08:00
-76.6988288,39.2594935,12/17/2013,12:01:58.348-08:00
-76.6988288,39.2594935,12/17/2013,12:02:59.268-08:00
-76.6988288,39.2594935,12/17/2013,12:03:59.459-08:00
-76.6988288,39.2594935,12/17/2013,12:05:00.306-08:00
-76.6926735,39.2471388,12/17/2013,12:06:00.687-08:00
-76.71888,39.2477066,12/17/2013,12:07:01.222-08:00
-76.71888,39.2477066,12/17/2013,12:08:01.517-08:00
-76.6988288,39.2594935,12/17/2013,12:09:01.512-08:00
-76.6988288,39.2594935,12/17/2013,12:10:01.806-08:00
-76.6988288,39.2594935,12/17/2013,12:11:01.804-08:00
-76.6988288,39.2594935,12/17/2013,12:12:02.230-08:00
-76.6988288,39.2594935,12/17/2013,12:13:02.788-08:00
-76.6988288,39.2594935,12/17/2013,12:14:02.867-08:00
-76.6988288,39.2594935,12/17/2013,12:15:02.883-08:00
-76.6988288,39.2594935,12/17/2013,12:16:03.197-08:00
-76.698538,39.2527489,12/17/2013,15:30:35.733-08:00
-76.698538,39.2527489,12/17/2013,15:31:36.451-08:00
-76.6993804,39.2555641,12/17/2013,15:33:39.093-08:00
-76.698538,39.2527489,12/17/2013,15:34:39.317-08:00
-76.698538,39.2527489,12/17/2013,15:35:39.352-08:00
-76.6993804,39.2555641,12/17/2013,15:36:40.464-08:00
-76.6993804,39.2555641,12/17/2013,15:37:40.504-08:00
-76.6993804,39.2555641,12/17/2013,15:38:40.522-08:00
-76.7045668,39.2564365,12/17/2013,15:39:41.402-08:00
-76.698538,39.2527489,12/17/2013,15:40:41.419-08:00
-76.698538,39.2527489,12/17/2013,15:41:41.425-08:00
-76.698538,39.2527489,12/17/2013,15:42:41.465-08:00
-76.698538,39.2527489,12/17/2013,15:43:26.395-08:00
-76.7045668,39.2564365,12/17/2013,15:44:40.880-08:00
-76.7045668,39.2564365,12/17/2013,15:45:40.888-08:00
-76.7045668,39.2564365,12/17/2013,15:46:40.969-08:00
-76.7045668,39.2564365,12/17/2013,15:47:41.317-08:00
-76.7045668,39.2564365,12/17/2013,15:48:41.701-08:00
-76.7045668,39.2564365,12/17/2013,15:49:41.377-08:00
-76.7045668,39.2564365,12/17/2013,15:50:42.391-08:00
-76.7045668,39.2564365,12/17/2013,15:51:42.361-08:00
-76.7045668,39.2564365,12/17/2013,15:52:43.395-08:00
-76.7045668,39.2564365,12/17/2013,15:53:44.247-08:00
-76.7045668,39.2564365,12/17/2013,15:54:44.390-08:00
-76.7015524,39.2545927,12/17/2013,15:55:44.368-08:00
-76.7045668,39.2564365,12/17/2013,15:56:44.553-08:00
-76.7045668,39.2564365,12/17/2013,15:57:44.575-08:00
-76.7045668,39.2564365,12/17/2013,15:58:44.605-08:00
-76.7045668,39.2564365,12/17/2013,15:59:45.364-08:00
-76.7045668,39.2564365,12/17/2013,16:00:46.525-08:00
-76.698538,39.2527489,12/17/2013,16:01:47.355-08:00
-76.698538,39.2527489,12/17/2013,16:02:48.376-08:00
-76.698538,39.2527489,12/17/2013,16:03:49.039-08:00
-76.698538,39.2527489,12/17/2013,16:04:49.070-08:00
-76.698538,39.2527489,12/17/2013,16:05:49.345-08:00
-76.7045668,39.2564365,12/17/2013,16:06:49.393-08:00
-76.7045668,39.2564365,12/17/2013,16:07:49.382-08:00
-76.7045668,39.2564365,12/17/2013,16:08:50.378-08:00
-76.7045668,39.2564365,12/17/2013,16:09:51.440-08:00
-76.7045668,39.2564365,12/17/2013,16:10:51.409-08:00
-76.7045668,39.2564365,12/17/2013,16:11:51.462-08:00
-76.7045668,39.2564365,12/17/2013,16:12:51.500-08:00
-76.7045668,39.2564365,12/17/2013,16:13:51.399-08:00
-76.698538,39.2527489,12/17/2013,16:14:51.432-08:00
-76.6988188,39.2536873,12/17/2013,16:15:51.129-08:00
-76.714356,39.254129,12/17/2013,16:16:55.524-08:00
-76.7143372,39.2540885,12/17/2013,16:17:55.211-08:00
-76.7144362,39.2541102,12/17/2013,16:18:55.264-08:00
-76.7144103,39.2541208,12/17/2013,16:19:55.244-08:00
-76.7143415,39.2541344,12/17/2013,16:20:55.427-08:00
-76.7143557,39.2541186,12/17/2013,16:21:56.100-08:00
-76.7143347,39.2541418,12/17/2013,16:22:57.045-08:00
-76.7143641,39.2541204,12/17/2013,16:23:57.325-08:00
-76.7143615,39.2541281,12/17/2013,16:24:57.530-08:00
-76.7143981,39.2541154,12/17/2013,16:25:58.379-08:00
-76.7144,39.2541296,12/17/2013,16:26:58.398-08:00
-76.7144317,39.2540921,12/17/2013,16:27:59.184-08:00
-76.7143615,39.2541281,12/17/2013,16:28:59.276-08:00
-76.7143437,39.2541544,12/17/2013,16:29:59.409-08:00
-76.71437,39.2540928,12/17/2013,16:30:59.408-08:00
-76.7144141,39.2541342,12/17/2013,16:32:00.689-08:00
-76.7143339,39.254157,12/17/2013,16:33:00.877-08:00
-76.714319,39.2541218,12/17/2013,16:34:01.131-08:00
-76.7143192,39.2541544,12/17/2013,16:35:01.106-08:00
-76.7143413,39.2541391,12/17/2013,16:36:02.377-08:00
-76.7143626,39.2541254,12/17/2013,16:37:03.223-08:00
-76.714439,39.2541284,12/17/2013,16:38:05.167-08:00
-76.7144333,39.2541219,12/17/2013,16:39:06.398-08:00
-76.7143243,39.2541335,12/17/2013,16:40:06.643-08:00
-76.7143441,39.2541281,12/17/2013,16:41:07.107-08:00
-76.7143713,39.2541258,12/17/2013,16:42:08.147-08:00
-76.7143515,39.2541194,12/17/2013,16:43:08.092-08:00
-76.714401,39.2541305,12/17/2013,16:44:08.693-08:00
-76.7143487,39.2541242,12/17/2013,16:45:09.107-08:00
-76.7143034,39.2541169,12/17/2013,16:46:09.272-08:00
-76.7144031,39.2540912,12/17/2013,16:47:09.598-08:00
-76.7143437,39.2541274,12/17/2013,16:48:10.183-08:00
-76.7143986,39.2541001,12/17/2013,16:49:10.561-08:00
-76.7143474,39.2541638,12/17/2013,16:50:10.655-08:00
-76.7143799,39.2540974,12/17/2013,16:51:10.526-08:00
-76.7143976,39.2541212,12/17/2013,16:52:11.102-08:00
-76.7144129,39.2541243,12/17/2013,16:53:11.424-08:00
-76.7143284,39.2541636,12/17/2013,16:54:12.096-08:00
-76.7144375,39.2540848,12/17/2013,16:55:12.318-08:00
-76.7143079,39.2541383,12/17/2013,16:56:12.596-08:00
-76.7144184,39.2540971,12/17/2013,16:57:12.453-08:00
-76.7143375,39.2541403,12/17/2013,16:58:12.426-08:00
-76.7143995,39.254126,12/17/2013,16:59:09.057-08:00
-76.714348,39.2541286,12/17/2013,17:00:12.626-08:00
-76.7144083,39.2541415,12/17/2013,17:01:13.018-08:00
-76.7143437,39.2540728,12/17/2013,17:02:12.902-08:00
-76.7143113,39.2541376,12/17/2013,17:03:12.953-08:00
-76.7143488,39.2541242,12/17/2013,17:04:13.016-08:00
-76.7143442,39.254133,12/17/2013,17:05:12.971-08:00
-76.7142937,39.2541447,12/17/2013,17:06:13.102-08:00
-76.714432,39.2541287,12/17/2013,17:07:13.146-08:00
-76.714416,39.2540876,12/17/2013,17:08:14.176-08:00
-76.7143515,39.2541167,12/17/2013,17:09:14.150-08:00
-76.7143721,39.2541289,12/17/2013,17:10:09.548-08:00
-76.7143705,39.2541271,12/17/2013,17:11:13.802-08:00
-76.714356,39.254129,12/17/2013,17:12:14.165-08:00
-76.7143432,39.2541344,12/17/2013,17:13:14.084-08:00
-76.7143326,39.254123,12/17/2013,17:14:15.155-08:00
-76.7144095,39.2541218,12/17/2013,17:15:15.244-08:00
-76.714344,39.2541683,12/17/2013,17:16:15.795-08:00
-76.7143773,39.2541155,12/17/2013,17:17:16.120-08:00
-76.7143236,39.2541201,12/17/2013,17:18:17.618-08:00
-76.7143515,39.2541437,12/17/2013,17:19:17.704-08:00
-76.7143122,39.2541578,12/17/2013,17:20:18.094-08:00
-76.7143825,39.2541371,12/17/2013,17:21:19.180-08:00
-76.714416,39.2540876,12/17/2013,17:22:20.112-08:00
-76.714344,39.2541683,12/17/2013,17:23:20.240-08:00
-76.7143403,39.2541176,12/17/2013,17:24:20.584-08:00
-76.7143753,39.2541226,12/17/2013,17:25:21.234-08:00
-76.7143623,39.2541147,12/17/2013,17:26:22.177-08:00
-76.7143982,39.2541636,12/17/2013,17:27:23.260-08:00
-76.7143113,39.2541376,12/17/2013,17:28:24.541-08:00
-76.7143279,39.2541212,12/17/2013,17:29:24.550-08:00
-76.7143236,39.2541666,12/17/2013,17:30:24.988-08:00
-76.7144031,39.2541182,12/17/2013,17:31:25.075-08:00
-76.7144034,39.2541139,12/17/2013,17:32:26.171-08:00
-76.7143337,39.2541139,12/17/2013,17:33:26.148-08:00
-76.7143466,39.2541369,12/17/2013,17:34:27.204-08:00
-76.714333,39.2541311,12/17/2013,17:35:26.758-08:00
-76.7143995,39.254126,12/17/2013,17:36:27.241-08:00
-76.7144317,39.254119,12/17/2013,17:37:27.593-08:00
-76.7144031,39.2541182,12/17/2013,17:38:27.658-08:00
-76.7143412,39.2541234,12/17/2013,17:39:28.163-08:00
-76.7143403,39.2541176,12/17/2013,17:40:29.222-08:00
-76.714416,39.2541146,12/17/2013,17:41:30.134-08:00
-76.7143995,39.254126,12/17/2013,17:42:31.173-08:00
-76.7143397,39.2541157,12/17/2013,17:43:31.183-08:00
-76.7143289,39.2541181,12/17/2013,17:44:31.560-08:00
-76.7143418,39.2541524,12/17/2013,17:45:31.432-08:00
-76.7143642,39.2541644,12/17/2013,17:46:31.430-08:00
-76.7143386,39.2540875,12/17/2013,17:47:31.373-08:00
-76.7144184,39.2540701,12/17/2013,17:48:31.501-08:00
-76.7142775,39.2541383,12/17/2013,17:49:31.330-08:00
-76.714356,39.254129,12/17/2013,17:50:31.158-08:00
-76.7144092,39.2541632,12/17/2013,17:51:32.182-08:00
-76.7144338,39.2541284,12/17/2013,17:52:33.204-08:00
-76.7143642,39.2541284,12/17/2013,17:53:33.504-08:00
-76.7144184,39.2541242,12/17/2013,17:54:34.238-08:00
-76.7143623,39.2541506,12/17/2013,17:55:34.865-08:00
-76.7143631,39.2541265,12/17/2013,17:56:35.066-08:00
-76.7143491,39.2541202,12/17/2013,17:57:36.236-08:00
-76.7143403,39.2541176,12/17/2013,17:58:36.076-08:00
-76.7143236,39.2541201,12/17/2013,17:59:36.447-08:00
-76.7144184,39.2541242,12/17/2013,18:00:36.276-08:00
-76.7143004,39.2541426,12/17/2013,18:01:37.105-08:00
-76.7144539,39.2541049,12/17/2013,18:02:37.099-08:00
-76.7144083,39.2541415,12/17/2013,18:03:38.089-08:00
-76.7143623,39.254125,12/17/2013,18:04:38.231-08:00
-76.7143545,39.2541219,12/17/2013,18:05:38.227-08:00
-76.7143411,39.2541504,12/17/2013,18:06:38.349-08:00
-76.7143599,39.2541314,12/17/2013,18:07:38.197-08:00
-76.7143403,39.2541176,12/17/2013,18:08:38.230-08:00
-76.7144,39.254123,12/17/2013,18:09:39.098-08:00
-76.7143395,39.2541362,12/17/2013,18:10:39.740-08:00
-76.7143488,39.2541242,12/17/2013,18:11:40.134-08:00
-76.7144184,39.2540701,12/17/2013,18:12:40.303-08:00
-76.7144305,39.2541819,12/17/2013,18:13:37.432-08:00
-76.7143395,39.2541167,12/17/2013,18:14:41.154-08:00
-76.7143403,39.2541176,12/17/2013,18:15:41.344-08:00
-76.7144184,39.25407,12/17/2013,18:16:42.247-08:00
-76.7143442,39.254133,12/17/2013,18:17:43.144-08:00
-76.7142937,39.2541176,12/17/2013,18:18:43.916-08:00
-76.7143252,39.2541503,12/17/2013,18:19:44.171-08:00
-76.7143165,39.2541227,12/17/2013,18:20:44.213-08:00
-76.7144031,39.2541182,12/17/2013,18:21:45.163-08:00
-76.7143395,39.2541167,12/17/2013,18:22:45.170-08:00
-76.714301,39.2541184,12/17/2013,18:23:46.235-08:00
-76.7143395,39.2541167,12/17/2013,18:24:47.055-08:00
-76.7143117,39.2541348,12/17/2013,18:25:47.059-08:00
-76.7143214,39.2541194,12/17/2013,18:26:47.386-08:00
-76.7143341,39.2541307,12/17/2013,18:27:47.347-08:00
-76.7143655,39.2541615,12/17/2013,18:28:47.288-08:00
-76.7144127,39.2541263,12/17/2013,18:29:48.304-08:00
-76.7144145,39.254111,12/17/2013,18:30:48.301-08:00
-76.7143395,39.2541632,12/17/2013,18:31:48.230-08:00
-76.714355,39.2541188,12/17/2013,18:32:49.239-08:00
-76.7143557,39.2541386,12/17/2013,18:33:49.256-08:00
-76.7143949,39.2541232,12/17/2013,18:34:49.244-08:00
-76.714328,39.2541397,12/17/2013,18:35:49.406-08:00
-76.7144254,39.2541386,12/17/2013,18:36:50.099-08:00
-76.7144317,39.254065,12/17/2013,18:37:50.221-08:00
-76.714314,39.2541334,12/17/2013,18:38:51.284-08:00
-76.7143761,39.2541093,12/17/2013,18:39:52.126-08:00
-76.7143606,39.2541158,12/17/2013,18:40:53.169-08:00
-76.7143424,39.254124,12/17/2013,18:41:54.139-08:00
-76.7143909,39.2541406,12/17/2013,18:42:55.029-08:00
-76.7144131,39.254117,12/17/2013,18:43:55.200-08:00
-76.7143655,39.2541256,12/17/2013,18:44:56.169-08:00
-76.7143569,39.2541684,12/17/2013,18:45:57.221-08:00
-76.7143341,39.2541577,12/17/2013,18:46:58.077-08:00
-76.714348,39.2541461,12/17/2013,18:47:57.261-08:00
-76.7143433,39.254124,12/17/2013,18:48:57.253-08:00
-76.7143248,39.2541248,12/17/2013,18:49:57.357-08:00
-76.7137768,39.2540746,12/17/2013,18:50:57.288-08:00
-76.7137768,39.2540746,12/17/2013,18:52:04.318-08:00
-76.7137768,39.2540746,12/17/2013,18:53:05.791-08:00
-76.7137768,39.2540746,12/17/2013,18:54:05.792-08:00
-76.7137768,39.2540746,12/17/2013,18:55:08.955-08:00
-76.7137768,39.2540746,12/17/2013,18:56:05.650-08:00
-76.7137768,39.2540746,12/17/2013,18:57:06.344-08:00
-76.7137768,39.2540746,12/17/2013,18:58:07.138-08:00
-76.7148145,39.2582809,12/17/2013,18:59:07.311-08:00
-76.6989842,39.2549432,12/17/2013,19:00:07.879-08:00
-76.6989842,39.2549432,12/17/2013,19:01:11.686-08:00
-76.6989842,39.2549432,12/17/2013,19:02:12.664-08:00
-76.697093,39.2592659,12/17/2013,19:03:11.213-08:00
-76.6975254,39.2595528,12/17/2013,19:04:14.985-08:00
-76.6975593,39.2596306,12/17/2013,19:05:13.661-08:00
-76.6988018,39.2595404,12/17/2013,19:06:14.513-08:00
-76.6988932,39.2595417,12/17/2013,19:07:18.271-08:00
-76.6987952,39.2595471,12/17/2013,19:08:19.164-08:00
-76.6988535,39.2595461,12/17/2013,19:09:19.516-08:00
-76.6988308,39.2595789,12/17/2013,19:10:20.151-08:00
-76.6988458,39.2595026,12/17/2013,19:11:20.248-08:00
-76.6988308,39.2595517,12/17/2013,19:12:20.376-08:00
-76.6985421,39.2592008,12/17/2013,19:13:17.668-08:00
-76.697957,39.2588585,12/17/2013,19:14:20.341-08:00
-76.6991727,39.2576233,12/17/2013,19:15:17.896-08:00
-76.6989629,39.2571794,12/17/2013,19:16:25.240-08:00
-76.6989836,39.2572673,12/17/2013,19:17:17.716-08:00
-76.6989281,39.2571794,12/17/2013,19:18:18.183-08:00
-76.6989629,39.2572064,12/17/2013,19:19:17.856-08:00
-76.698928,39.2572064,12/17/2013,19:20:21.318-08:00
-76.6988932,39.2571794,12/17/2013,19:21:21.895-08:00
-76.6989281,39.2571794,12/17/2013,19:22:21.780-08:00
-76.6989281,39.2572064,12/17/2013,19:23:21.952-08:00
-76.6989281,39.2572064,12/17/2013,19:24:22.185-08:00
-76.6989281,39.2571794,12/17/2013,19:25:22.864-08:00
-76.6988932,39.2571794,12/17/2013,19:26:23.451-08:00
-76.6989281,39.2572064,12/17/2013,19:27:23.577-08:00
-76.6989281,39.2571794,12/17/2013,19:28:22.908-08:00
-76.6988932,39.2571794,12/17/2013,19:29:20.101-08:00
-76.6989629,39.2572064,12/17/2013,19:30:24.899-08:00
-76.6989265,39.2571895,12/17/2013,19:31:25.439-08:00
-76.6989281,39.2571794,12/17/2013,19:32:26.914-08:00
-76.6989516,39.2572123,12/17/2013,19:33:23.473-08:00
-76.6989815,39.2572619,12/17/2013,19:34:24.606-08:00
-76.6989281,39.2572064,12/17/2013,19:35:28.286-08:00
-76.6989122,39.2572264,12/17/2013,19:36:28.906-08:00
-76.6989121,39.2572264,12/17/2013,19:37:29.880-08:00
-76.6989466,39.2572259,12/17/2013,19:38:26.543-08:00
-76.6989981,39.2572123,12/17/2013,19:39:28.051-08:00
-76.6989281,39.2571794,12/17/2013,19:40:31.390-08:00
-76.6989516,39.2571852,12/17/2013,19:41:31.967-08:00
-76.6989281,39.2572064,12/17/2013,19:42:31.878-08:00
-76.698928,39.2572064,12/17/2013,19:43:28.638-08:00
-76.6989629,39.2572064,12/17/2013,19:44:32.909-08:00
-76.6989281,39.2572063,12/17/2013,19:45:33.102-08:00
-76.6989629,39.2572064,12/17/2013,19:46:33.876-08:00
-76.6989629,39.2572064,12/17/2013,19:47:34.939-08:00
-76.6989281,39.2572064,12/17/2013,19:48:31.635-08:00
-76.6989281,39.2571794,12/17/2013,19:49:32.334-08:00
-76.6989629,39.2572424,12/17/2013,19:50:36.875-08:00
-76.6989629,39.2572064,12/17/2013,19:51:37.834-08:00
-76.6989281,39.2571794,12/17/2013,19:52:38.914-08:00
-76.6989281,39.2572064,12/17/2013,19:53:35.518-08:00
-76.6989281,39.2572064,12/17/2013,19:54:39.221-08:00
-76.6989629,39.2572424,12/17/2013,19:55:39.257-08:00
-76.6989629,39.2572064,12/17/2013,19:56:39.706-08:00
-76.6989629,39.2572064,12/17/2013,19:57:36.339-08:00
-76.6989281,39.2571794,12/17/2013,19:58:36.436-08:00
-76.6989281,39.2571794,12/17/2013,19:59:40.816-08:00
-76.6989629,39.2572424,12/17/2013,20:00:42.135-08:00
-76.6990179,39.257238,12/17/2013,20:01:40.448-08:00
-76.6989281,39.2571794,12/17/2013,20:02:44.973-08:00
-76.6989629,39.2572064,12/17/2013,20:03:41.572-08:00
-76.6989629,39.2572424,12/17/2013,20:04:44.875-08:00
-76.6989281,39.2572064,12/17/2013,20:05:45.288-08:00
-76.6989281,39.2571794,12/17/2013,20:06:41.830-08:00
-76.6989281,39.2571794,12/17/2013,20:07:43.356-08:00
-76.6989629,39.2572064,12/17/2013,20:08:43.303-08:00
-76.6989902,39.2572533,12/17/2013,20:09:43.484-08:00
-76.6989621,39.2571813,12/17/2013,20:10:43.535-08:00
-76.6989281,39.2572064,12/17/2013,20:11:43.626-08:00
-76.6989629,39.2571794,12/17/2013,20:12:46.961-08:00
-76.6989281,39.2571794,12/17/2013,20:13:43.695-08:00
-76.6988932,39.2571793,12/17/2013,20:14:43.684-08:00
-76.6989281,39.2572064,12/17/2013,20:15:43.702-08:00
-76.6989615,39.2571973,12/17/2013,20:16:47.851-08:00
-76.6989629,39.2572424,12/17/2013,20:17:44.481-08:00
-76.6989815,39.2572259,12/17/2013,20:18:45.447-08:00
-76.6989281,39.2571794,12/17/2013,20:19:45.581-08:00
-76.6989422,39.2572198,12/17/2013,20:20:49.231-08:00
-76.6989314,39.2572256,12/17/2013,20:21:46.088-08:00
-76.6989281,39.2571793,12/17/2013,20:22:46.448-08:00
-76.6988819,39.2572122,12/17/2013,20:23:47.453-08:00
-76.6989281,39.2572064,12/17/2013,20:24:50.923-08:00
-76.6988827,39.2571927,12/17/2013,20:25:50.248-08:00
-76.6989281,39.2572064,12/17/2013,20:26:47.415-08:00
-76.6988966,39.2571895,12/17/2013,20:27:48.505-08:00
-76.6989314,39.2571895,12/17/2013,20:28:48.400-08:00
-76.6989365,39.25719,12/17/2013,20:29:48.498-08:00
-76.6989554,39.2572173,12/17/2013,20:30:48.597-08:00
-76.6989629,39.2571794,12/17/2013,20:31:52.751-08:00
-76.6988653,39.2572259,12/17/2013,20:32:52.895-08:00
-76.6989167,39.2571852,12/17/2013,20:33:50.445-08:00
-76.6989167,39.2571852,12/17/2013,20:34:54.070-08:00
-76.6989281,39.2572064,12/17/2013,20:35:54.272-08:00
-76.6989466,39.2572259,12/17/2013,20:36:54.299-08:00
-76.6989629,39.2571793,12/17/2013,20:37:50.851-08:00
-76.6989314,39.2571895,12/17/2013,20:38:51.461-08:00
-76.6988932,39.2571794,12/17/2013,20:39:55.881-08:00
-76.6988932,39.2571794,12/17/2013,20:40:56.307-08:00
-76.6989629,39.2571794,12/17/2013,20:41:56.274-08:00
-76.6989779,39.2571895,12/17/2013,20:42:56.846-08:00
-76.6989554,39.2572173,12/17/2013,20:43:53.472-08:00
-76.6988932,39.2571794,12/17/2013,20:44:56.887-08:00
-76.6989167,39.2571852,12/17/2013,20:45:56.979-08:00
-76.6989167,39.2571852,12/17/2013,20:46:53.543-08:00
-76.6989281,39.2572064,12/17/2013,20:47:57.052-08:00
-76.6989815,39.2571989,12/17/2013,20:48:54.466-08:00
-76.6989516,39.2571852,12/17/2013,20:49:58.877-08:00
-76.6989815,39.2571989,12/17/2013,20:50:58.842-08:00
-76.6989516,39.2571852,12/17/2013,20:51:58.917-08:00
-76.6988966,39.2571895,12/17/2013,20:53:00.066-08:00
-76.6988827,39.2571927,12/17/2013,20:53:56.670-08:00
-76.6988932,39.2571794,12/17/2013,20:55:00.959-08:00
-76.6989516,39.2572123,12/17/2013,20:56:00.818-08:00
-76.6989629,39.2572064,12/17/2013,20:57:00.972-08:00
-76.6989629,39.2571794,12/17/2013,20:58:01.929-08:00
-76.6989554,39.2571903,12/17/2013,20:58:59.154-08:00
-76.6989815,39.2571989,12/17/2013,20:59:59.429-08:00
-76.6989516,39.2571852,12/17/2013,21:01:00.385-08:00
-76.6989167,39.2571852,12/17/2013,21:02:01.820-08:00
-76.6989167,39.2572123,12/17/2013,21:03:05.297-08:00
-76.6989365,39.2571631,12/17/2013,21:04:01.397-08:00
-76.6988966,39.2571895,12/17/2013,21:05:02.532-08:00
-76.6988931,39.2571794,12/17/2013,21:06:06.367-08:00
-76.6988966,39.2571895,12/17/2013,21:07:03.433-08:00
-76.6989629,39.2572064,12/17/2013,21:08:07.898-08:00
-76.6989314,39.2571895,12/17/2013,21:09:05.458-08:00
-76.6988827,39.2571927,12/17/2013,21:10:09.223-08:00
-76.6989281,39.2572064,12/17/2013,21:11:09.111-08:00
-76.6989281,39.2571794,12/17/2013,21:12:09.764-08:00
-76.6989629,39.2571794,12/17/2013,21:13:10.280-08:00
-76.6989629,39.2572424,12/17/2013,21:14:08.524-08:00
-76.6989314,39.2571626,12/17/2013,21:15:11.691-08:00
-76.6989167,39.2572123,12/17/2013,21:16:08.932-08:00
-76.6988966,39.2571895,12/17/2013,21:17:12.287-08:00
-76.6989629,39.2571794,12/17/2013,21:18:12.891-08:00
-76.6989516,39.2571852,12/17/2013,21:19:09.927-08:00
-76.6988932,39.2571794,12/17/2013,21:20:13.821-08:00
-76.6989167,39.2572123,12/17/2013,21:21:14.892-08:00
-76.6989641,39.2571657,12/17/2013,21:22:15.278-08:00
-76.6989176,39.2572287,12/17/2013,21:23:15.987-08:00
-76.6989281,39.2572064,12/17/2013,21:24:12.713-08:00
-76.6989466,39.2572258,12/17/2013,21:25:16.833-08:00
-76.6988966,39.2571895,12/17/2013,21:26:17.177-08:00
-76.6989281,39.2571794,12/17/2013,21:27:15.502-08:00
-76.6989176,39.2572287,12/17/2013,21:28:19.239-08:00
-76.6989281,39.2572064,12/17/2013,21:29:15.772-08:00
-76.6989281,39.2572064,12/17/2013,21:30:19.774-08:00
-76.6989281,39.2572064,12/17/2013,21:31:20.281-08:00
-76.6989314,39.2572256,12/17/2013,21:32:16.858-08:00
-76.6989281,39.2572064,12/17/2013,21:33:16.784-08:00
-76.6989516,39.2571852,12/17/2013,21:34:20.822-08:00
-76.6989281,39.2572064,12/17/2013,21:35:21.323-08:00
-76.6989314,39.2571626,12/17/2013,21:36:21.296-08:00
-76.6989281,39.2572064,12/17/2013,21:37:21.257-08:00
-76.6988966,39.2571895,12/17/2013,21:38:21.307-08:00
-76.6989281,39.2572064,12/17/2013,21:39:19.440-08:00
-76.6988966,39.2571895,12/17/2013,21:40:23.123-08:00
-76.6988932,39.2571794,12/17/2013,21:41:23.868-08:00
-76.6988932,39.2571794,12/17/2013,21:42:23.893-08:00
-76.6988932,39.2571794,12/17/2013,21:43:23.896-08:00
-76.6989281,39.2571794,12/17/2013,21:44:21.035-08:00
-76.6988932,39.2571794,12/17/2013,21:45:24.820-08:00
-76.6988819,39.2571852,12/17/2013,21:46:25.200-08:00
-76.6989281,39.2572064,12/17/2013,21:47:25.184-08:00
-76.6989629,39.2572064,12/17/2013,21:48:25.887-08:00
-76.6988966,39.2571895,12/17/2013,21:49:26.975-08:00
-76.6989281,39.2572064,12/17/2013,21:50:27.877-08:00
-76.6988932,39.2571794,12/17/2013,21:51:25.475-08:00
-76.6989281,39.2572064,12/17/2013,21:52:26.478-08:00
-76.6989281,39.2572064,12/17/2013,21:53:27.393-08:00
-76.6988966,39.2571895,12/17/2013,21:54:30.097-08:00
-76.6989281,39.2572064,12/17/2013,21:55:30.228-08:00
-76.6988932,39.2571794,12/17/2013,21:56:30.194-08:00
-76.6989281,39.2571794,12/17/2013,21:57:30.851-08:00
-76.6989492,39.2572008,12/17/2013,21:58:21.239-08:00
-76.6989629,39.2571794,12/17/2013,21:59:32.476-08:00
-76.6988827,39.2571927,12/17/2013,22:00:32.923-08:00
-76.6988932,39.2571794,12/17/2013,22:01:33.876-08:00
-76.6989367,39.2571931,12/17/2013,22:02:31.720-08:00
-76.6989587,39.2572032,12/17/2013,22:03:30.793-08:00
-76.6989629,39.2571794,12/17/2013,22:04:34.401-08:00
-76.6988932,39.2571794,12/17/2013,22:05:34.878-08:00
-76.6989779,39.2571895,12/17/2013,22:06:34.913-08:00
-76.6989281,39.2571794,12/17/2013,22:07:35.850-08:00
-76.6989281,39.2572064,12/17/2013,22:08:33.391-08:00
-76.6989629,39.2571794,12/17/2013,22:09:32.717-08:00
-76.6989314,39.2572256,12/17/2013,22:10:34.510-08:00
-76.6989174,39.2571927,12/17/2013,22:11:37.594-08:00
-76.6989314,39.2572256,12/17/2013,22:12:37.857-08:00
-76.6989629,39.2572064,12/17/2013,22:13:34.538-08:00
-76.6988966,39.2571895,12/17/2013,22:14:38.039-08:00
-76.6988932,39.2571794,12/17/2013,22:15:38.085-08:00
-76.6988932,39.2571794,12/17/2013,22:16:34.693-08:00
-76.6989629,39.2572424,12/17/2013,22:17:38.939-08:00
-76.698919,39.2571942,12/17/2013,22:18:35.664-08:00
-76.698928,39.2572064,12/17/2013,22:19:36.351-08:00
-76.6989281,39.2572064,12/17/2013,22:20:40.039-08:00
-76.6989508,39.2571733,12/17/2013,22:21:41.422-08:00
-76.6988966,39.2571895,12/17/2013,22:22:41.483-08:00
-76.6988932,39.2571794,12/17/2013,22:23:37.984-08:00
-76.6989281,39.2571793,12/17/2013,22:24:41.441-08:00
-76.6989516,39.2572483,12/17/2013,22:25:41.869-08:00
-76.6989281,39.2572064,12/17/2013,22:26:38.557-08:00
-76.6988966,39.2571895,12/17/2013,22:27:39.480-08:00
-76.6989314,39.2571895,12/17/2013,22:28:41.038-08:00
-76.6988966,39.2571895,12/17/2013,22:29:41.545-08:00
-76.6989516,39.2572483,12/17/2013,22:30:41.458-08:00
-76.6989281,39.2572064,12/17/2013,22:31:42.457-08:00
-76.6989281,39.2572064,12/17/2013,22:32:45.931-08:00
-76.6989281,39.2572064,12/17/2013,22:33:43.483-08:00
-76.6989281,39.2572064,12/17/2013,22:34:44.527-08:00
-76.6989281,39.2572064,12/17/2013,22:35:44.458-08:00
-76.6989629,39.2572063,12/17/2013,22:36:48.859-08:00
-76.6989281,39.2572064,12/17/2013,22:37:48.763-08:00
-76.6989281,39.2572064,12/17/2013,22:38:45.522-08:00
-76.6989281,39.2572064,12/17/2013,22:39:49.982-08:00
-76.6989281,39.2571794,12/17/2013,22:40:50.081-08:00
-76.6989239,39.2572189,12/17/2013,22:41:50.915-08:00
-76.6989281,39.2572064,12/17/2013,22:42:50.881-08:00
-76.6989281,39.2572064,12/17/2013,22:43:47.613-08:00
-76.6989281,39.2572064,12/17/2013,22:44:51.079-08:00
-76.6989281,39.2572064,12/17/2013,22:45:51.981-08:00
-76.6989629,39.2572064,12/17/2013,22:46:51.899-08:00
-76.6989281,39.2571794,12/17/2013,22:47:52.255-08:00
-76.6989281,39.2572064,12/17/2013,22:48:49.390-08:00
-76.6989629,39.2572064,12/17/2013,22:49:49.710-08:00
-76.6989281,39.2572064,12/17/2013,22:50:53.261-08:00
-76.6989629,39.2572063,12/17/2013,22:51:53.702-08:00
-76.6989281,39.2571794,12/17/2013,22:52:54.983-08:00
-76.6989281,39.2571794,12/17/2013,22:53:51.559-08:00
-76.6989281,39.2572064,12/17/2013,22:54:55.512-08:00
-76.6989281,39.2572064,12/17/2013,22:55:55.412-08:00
-76.6989629,39.2572064,12/17/2013,22:56:55.881-08:00
-76.6989281,39.2571794,12/17/2013,22:57:56.267-08:00
-76.6989281,39.2571794,12/17/2013,22:58:52.916-08:00
-76.6989281,39.2571794,12/17/2013,22:59:53.454-08:00
-76.6989281,39.2572064,12/17/2013,23:00:57.922-08:00
-76.6989629,39.2572063,12/17/2013,23:01:58.102-08:00
-76.6989281,39.2572064,12/17/2013,23:02:58.093-08:00
-76.6989281,39.2572064,12/17/2013,23:03:55.450-08:00
-76.6989314,39.2572256,12/17/2013,23:04:58.939-08:00
-76.6989281,39.2572064,12/17/2013,23:05:58.929-08:00
-76.6989281,39.2571793,12/17/2013,23:06:58.890-08:00
-76.6989281,39.2572064,12/17/2013,23:07:59.006-08:00
-76.6989281,39.2572063,12/17/2013,23:08:56.429-08:00
-76.6989281,39.2572064,12/17/2013,23:09:59.822-08:00
-76.6989281,39.2572064,12/17/2013,23:11:00.743-08:00
-76.6989281,39.2572064,12/17/2013,23:12:00.808-08:00
-76.6989281,39.2572064,12/17/2013,23:13:01.917-08:00
-76.6989281,39.2572064,12/17/2013,23:13:59.467-08:00
-76.6989239,39.2571985,12/17/2013,23:15:02.894-08:00
-76.6989281,39.2572064,12/17/2013,23:16:02.816-08:00
-76.6989281,39.2571794,12/17/2013,23:16:59.531-08:00
-76.6989281,39.2572064,12/17/2013,23:18:02.952-08:00
-76.6989281,39.2572064,12/17/2013,23:18:59.523-08:00
-76.6989281,39.2572064,12/17/2013,23:20:03.879-08:00
-76.6989314,39.2572256,12/17/2013,23:21:04.257-08:00
-76.6989281,39.2572064,12/17/2013,23:22:04.810-08:00
-76.6989779,39.2571895,12/17/2013,23:23:05.937-08:00
-76.6989281,39.2572064,12/17/2013,23:24:02.801-08:00
-76.6989314,39.2572256,12/17/2013,23:25:06.468-08:00
-76.6989314,39.2572256,12/17/2013,23:26:06.942-08:00
-76.6989314,39.2572256,12/17/2013,23:27:07.956-08:00
-76.6989314,39.2572254,12/17/2013,23:28:05.506-08:00
-76.6989314,39.2572256,12/17/2013,23:29:05.765-08:00
-76.6989314,39.2571895,12/17/2013,23:30:06.013-08:00
-76.6989314,39.2572256,12/17/2013,23:31:09.868-08:00
-76.6989314,39.2571895,12/17/2013,23:32:10.224-08:00
-76.6989281,39.2572064,12/17/2013,23:33:10.296-08:00
-76.6989314,39.2571895,12/17/2013,23:34:07.575-08:00
-76.6989314,39.2571895,12/17/2013,23:35:11.554-08:00
-76.6989281,39.2572064,12/17/2013,23:36:11.907-08:00
-76.6989314,39.2572256,12/17/2013,23:37:12.281-08:00
-76.6989314,39.2572256,12/17/2013,23:38:12.911-08:00
-76.6989314,39.2572256,12/17/2013,23:39:09.565-08:00
-76.6989314,39.2572256,12/17/2013,23:40:13.870-08:00
-76.6989779,39.2571895,12/17/2013,23:41:10.429-08:00
-76.6989314,39.2572256,12/17/2013,23:42:14.862-08:00
-76.6989314,39.2572256,12/17/2013,23:43:15.261-08:00
-76.6989314,39.2572256,12/17/2013,23:44:12.365-08:00
-76.6988966,39.2571895,12/17/2013,23:45:15.834-08:00
-76.6989313,39.2572256,12/17/2013,23:46:16.302-08:00
-76.6989314,39.2571895,12/17/2013,23:47:16.976-08:00
-76.6989314,39.2571895,12/17/2013,23:48:17.411-08:00
-76.6989314,39.2571895,12/17/2013,23:49:13.943-08:00
-76.6989314,39.2572256,12/17/2013,23:50:17.937-08:00
-76.6989314,39.2571895,12/17/2013,23:51:17.866-08:00
-76.6989314,39.2572256,12/17/2013,23:52:18.837-08:00
-76.6989314,39.2572256,12/17/2013,23:53:19.300-08:00
-76.6989314,39.2572256,12/17/2013,23:54:16.575-08:00
-76.6989314,39.2572254,12/17/2013,23:55:20.109-08:00
-76.6989314,39.2572256,12/17/2013,23:56:21.850-08:00
-76.6989314,39.2572256,12/17/2013,23:57:22.275-08:00
-76.6989314,39.2571895,12/17/2013,23:58:22.351-08:00
-76.6989314,39.2572256,12/17/2013,23:59:19.986-08:00
