lat,lon,time,kph,km
43.517835,1.503229,"2013/12/08 15:14:48",0,0
43.517848,1.503274,"2013/12/08 15:14:49",14,0.003897
43.517861,1.503319,"2013/12/08 15:14:50",14,0.007793
43.517874,1.503364,"2013/12/08 15:14:51",14,0.01169
43.517887,1.503409,"2013/12/08 15:14:52",14,0.015587
43.5179,1.503453,"2013/12/08 15:14:53",14,0.019484
43.517913,1.503498,"2013/12/08 15:14:54",14,0.02338
43.517926,1.503543,"2013/12/08 15:14:55",14,0.027277
43.517939,1.503588,"2013/12/08 15:14:56",14,0.031174
43.517952,1.503632,"2013/12/08 15:14:57",14,0.03507
43.517966,1.503672,"2013/12/08 15:14:58",12.7,0.038609
43.51798,1.503711,"2013/12/08 15:14:59",12.7,0.042148
43.517994,1.503751,"2013/12/08 15:15:00",12.7,0.045686
43.518009,1.50379,"2013/12/08 15:15:01",12.9,0.04927
43.518024,1.503829,"2013/12/08 15:15:02",12.9,0.052854
43.518039,1.503869,"2013/12/08 15:15:03",12.9,0.056438
43.518054,1.503908,"2013/12/08 15:15:04",12.9,0.060022
43.518069,1.503947,"2013/12/08 15:15:05",12.9,0.063606
43.518084,1.503987,"2013/12/08 15:15:06",12.9,0.06719
43.518099,1.504026,"2013/12/08 15:15:07",12.9,0.070774
43.518114,1.504065,"2013/12/08 15:15:08",12.9,0.074358
43.518129,1.504104,"2013/12/08 15:15:09",12.9,0.077942
43.518144,1.504144,"2013/12/08 15:15:10",12.9,0.081526
43.518159,1.504189,"2013/12/08 15:15:11",14.4,0.085534
43.518174,1.504234,"2013/12/08 15:15:12",14.4,0.089542
43.518189,1.504279,"2013/12/08 15:15:13",14.4,0.09355
43.518204,1.504324,"2013/12/08 15:15:14",14.4,0.097558
43.518219,1.50437,"2013/12/08 15:15:15",14.4,0.101566
43.518231,1.504414,"2013/12/08 15:15:16",13.7,0.105372
43.518243,1.504458,"2013/12/08 15:15:17",13.7,0.109179
43.518256,1.504502,"2013/12/08 15:15:18",13.7,0.112985
43.518268,1.504546,"2013/12/08 15:15:19",13.7,0.116791
43.51828,1.50459,"2013/12/08 15:15:20",13.7,0.120597
43.518292,1.504634,"2013/12/08 15:15:21",13.7,0.124404
43.518305,1.504678,"2013/12/08 15:15:22",13.7,0.12821
43.518317,1.504722,"2013/12/08 15:15:23",13.7,0.132016
43.518329,1.504766,"2013/12/08 15:15:24",13.7,0.135823
43.518342,1.50481,"2013/12/08 15:15:25",13.7,0.139629
43.518354,1.504854,"2013/12/08 15:15:26",13.7,0.143435
43.518369,1.50491,"2013/12/08 15:15:27",17.6,0.148312
43.518383,1.504967,"2013/12/08 15:15:28",17.6,0.153188
43.518398,1.505024,"2013/12/08 15:15:29",17.6,0.158065
43.518413,1.505081,"2013/12/08 15:15:30",17.6,0.162942
43.518428,1.505138,"2013/12/08 15:15:31",17.6,0.167818
43.518442,1.505195,"2013/12/08 15:15:32",17.6,0.172695
43.518457,1.505252,"2013/12/08 15:15:33",17.6,0.177571
43.518472,1.505309,"2013/12/08 15:15:34",17.6,0.182448
43.518486,1.505366,"2013/12/08 15:15:35",17.6,0.187324
43.518501,1.505423,"2013/12/08 15:15:36",17.6,0.192201
43.518516,1.505479,"2013/12/08 15:15:37",17.6,0.197077
43.518531,1.505536,"2013/12/08 15:15:38",17.6,0.201954
43.518545,1.505593,"2013/12/08 15:15:39",17.6,0.20683
43.518563,1.505663,"2013/12/08 15:15:40",21.5,0.212794
43.518581,1.505732,"2013/12/08 15:15:41",21.5,0.218757
43.518619,1.505779,"2013/12/08 15:15:42",20.4,0.224427
43.518657,1.505826,"2013/12/08 15:15:43",20.4,0.230097
43.518695,1.505872,"2013/12/08 15:15:44",20.4,0.235768
43.518734,1.505919,"2013/12/08 15:15:45",20.4,0.241438
43.518772,1.505965,"2013/12/08 15:15:46",20.4,0.247108
43.518786,1.506011,"2013/12/08 15:15:47",14.5,0.251142
43.518801,1.506057,"2013/12/08 15:15:48",14.5,0.255175
43.518815,1.506103,"2013/12/08 15:15:49",14.5,0.259209
43.51883,1.506148,"2013/12/08 15:15:50",14.5,0.263242
43.518844,1.506194,"2013/12/08 15:15:51",14.5,0.267276
43.518859,1.50624,"2013/12/08 15:15:52",14.5,0.271309
43.518873,1.506286,"2013/12/08 15:15:53",14.5,0.275343
43.518888,1.506332,"2013/12/08 15:15:54",14.5,0.279376
43.518902,1.506377,"2013/12/08 15:15:55",14.5,0.28341
43.518917,1.506423,"2013/12/08 15:15:56",14.5,0.287443
43.518931,1.506469,"2013/12/08 15:15:57",14.5,0.291477
43.518946,1.506515,"2013/12/08 15:15:58",14.5,0.29551
43.518939,1.50656,"2013/12/08 15:15:59",13.4,0.299232
43.518932,1.506605,"2013/12/08 15:16:00",13.4,0.302953
43.518926,1.50665,"2013/12/08 15:16:01",13.4,0.306675
43.518919,1.506695,"2013/12/08 15:16:02",13.4,0.310396
43.518912,1.506741,"2013/12/08 15:16:03",13.4,0.314117
43.518905,1.506786,"2013/12/08 15:16:04",13.4,0.317839
43.518899,1.506831,"2013/12/08 15:16:05",13.4,0.32156
43.518892,1.506876,"2013/12/08 15:16:06",13.4,0.325282
43.518885,1.506921,"2013/12/08 15:16:07",13.4,0.329003
43.518878,1.506966,"2013/12/08 15:16:08",13.4,0.332724
43.51884,1.506995,"2013/12/08 15:16:09",17.5,0.337592
43.518801,1.507023,"2013/12/08 15:16:10",17.5,0.34246
43.518763,1.507052,"2013/12/08 15:16:11",17.5,0.347328
43.518724,1.50708,"2013/12/08 15:16:12",17.5,0.352196
43.518686,1.507109,"2013/12/08 15:16:13",17.5,0.357064
43.518647,1.507137,"2013/12/08 15:16:14",17.5,0.361932
43.518609,1.507166,"2013/12/08 15:16:15",17.5,0.3668
43.51857,1.507194,"2013/12/08 15:16:16",17.5,0.371668
43.518532,1.507222,"2013/12/08 15:16:17",17.5,0.376536
43.518495,1.507245,"2013/12/08 15:16:18",15.9,0.380958
43.518459,1.507267,"2013/12/08 15:16:19",15.9,0.385379
43.518422,1.507289,"2013/12/08 15:16:20",15.9,0.3898
43.518386,1.507311,"2013/12/08 15:16:21",15.9,0.394222
43.51835,1.507333,"2013/12/08 15:16:22",15.9,0.398643
43.518324,1.507366,"2013/12/08 15:16:23",14.2,0.402587
43.518298,1.5074,"2013/12/08 15:16:24",14.2,0.406531
43.518273,1.507434,"2013/12/08 15:16:25",14.2,0.410474
43.518247,1.507467,"2013/12/08 15:16:26",14.2,0.414418
43.518221,1.507501,"2013/12/08 15:16:27",14.2,0.418362
43.518195,1.507534,"2013/12/08 15:16:28",14.2,0.422306
43.51817,1.507568,"2013/12/08 15:16:29",14.2,0.426249
43.518144,1.507602,"2013/12/08 15:16:30",14.2,0.430193
43.518118,1.507635,"2013/12/08 15:16:31",14.2,0.434137
43.518093,1.507669,"2013/12/08 15:16:32",14.2,0.438081
43.518067,1.507702,"2013/12/08 15:16:33",14.2,0.442024
43.51802,1.50773,"2013/12/08 15:16:34",20.3,0.447674
43.517973,1.507757,"2013/12/08 15:16:35",20.3,0.453324
43.517927,1.507785,"2013/12/08 15:16:36",20.3,0.458973
43.517901,1.507799,"2013/12/08 15:16:37",11.2,0.462084
43.517875,1.507814,"2013/12/08 15:16:38",11.2,0.465196
43.517849,1.507829,"2013/12/08 15:16:39",11.2,0.468307
43.517824,1.507844,"2013/12/08 15:16:40",11.2,0.471418
43.517798,1.507859,"2013/12/08 15:16:41",11.2,0.474529
43.517772,1.507874,"2013/12/08 15:16:42",11.2,0.477641
43.517746,1.507889,"2013/12/08 15:16:43",11.2,0.480752
43.517763,1.507932,"2013/12/08 15:16:44",14.1,0.484677
43.51778,1.507975,"2013/12/08 15:16:45",14.1,0.488602
43.517796,1.508018,"2013/12/08 15:16:46",14.1,0.492526
43.517813,1.50806,"2013/12/08 15:16:47",14.1,0.496451
43.517829,1.508103,"2013/12/08 15:16:48",14.1,0.500376
43.517826,1.508162,"2013/12/08 15:16:49",17,0.50511
43.517823,1.50822,"2013/12/08 15:16:50",17,0.509844
43.51782,1.508279,"2013/12/08 15:16:51",17,0.514578
43.517817,1.508337,"2013/12/08 15:16:52",17,0.519312
43.517814,1.508396,"2013/12/08 15:16:53",17,0.524047
43.517811,1.508454,"2013/12/08 15:16:54",17,0.528781
43.517808,1.508513,"2013/12/08 15:16:55",17,0.533515
43.517811,1.508568,"2013/12/08 15:16:56",16.1,0.537988
43.517814,1.508623,"2013/12/08 15:16:57",16.1,0.542461
43.517817,1.508678,"2013/12/08 15:16:58",16.1,0.546934
43.51782,1.508734,"2013/12/08 15:16:59",16.1,0.551408
43.517823,1.508789,"2013/12/08 15:17:00",16.1,0.555881
43.517794,1.508839,"2013/12/08 15:17:01",18.7,0.561089
43.517765,1.50889,"2013/12/08 15:17:02",18.7,0.566297
43.517773,1.508944,"2013/12/08 15:17:03",16,0.570751
43.517782,1.508997,"2013/12/08 15:17:04",16,0.575206
43.51779,1.509051,"2013/12/08 15:17:05",16,0.579661
43.517799,1.509105,"2013/12/08 15:17:06",16,0.584116
43.517807,1.509159,"2013/12/08 15:17:07",16,0.58857
43.517816,1.509213,"2013/12/08 15:17:08",16,0.593025
43.517824,1.509267,"2013/12/08 15:17:09",16,0.59748
43.517832,1.509321,"2013/12/08 15:17:10",16,0.601934
43.517841,1.509375,"2013/12/08 15:17:11",16,0.606389
43.517849,1.509429,"2013/12/08 15:17:12",16,0.610844
43.517846,1.509481,"2013/12/08 15:17:13",15.2,0.615071
43.517843,1.509533,"2013/12/08 15:17:14",15.2,0.619299
43.51784,1.509586,"2013/12/08 15:17:15",15.2,0.623526
43.517836,1.509638,"2013/12/08 15:17:16",15.2,0.627753
43.51782,1.509696,"2013/12/08 15:17:17",18.2,0.632821
43.517803,1.509754,"2013/12/08 15:17:18",18.2,0.637888
43.517786,1.509813,"2013/12/08 15:17:19",18.2,0.642956
43.517769,1.509871,"2013/12/08 15:17:20",18.2,0.648023
43.517752,1.509929,"2013/12/08 15:17:21",18.2,0.653091
43.517725,1.509998,"2013/12/08 15:17:22",22.6,0.65937
43.517699,1.510066,"2013/12/08 15:17:23",22.6,0.665648
43.517672,1.510135,"2013/12/08 15:17:24",22.6,0.671927
43.517646,1.510204,"2013/12/08 15:17:25",22.6,0.678206
43.517622,1.510267,"2013/12/08 15:17:26",20.9,0.683998
43.517597,1.510331,"2013/12/08 15:17:27",20.9,0.68979
43.517573,1.510394,"2013/12/08 15:17:28",20.9,0.695581
43.517549,1.510458,"2013/12/08 15:17:29",20.9,0.701373
43.517524,1.510521,"2013/12/08 15:17:30",20.9,0.707165
43.5175,1.510584,"2013/12/08 15:17:31",20.9,0.712957
43.517476,1.510648,"2013/12/08 15:17:32",20.9,0.718748
43.517451,1.510711,"2013/12/08 15:17:33",20.9,0.72454
43.517426,1.510731,"2013/12/08 15:17:34",11.9,0.727839
43.5174,1.510751,"2013/12/08 15:17:35",11.9,0.731137
43.517374,1.510771,"2013/12/08 15:17:36",11.9,0.734436
43.517348,1.510791,"2013/12/08 15:17:37",11.9,0.737735
43.517322,1.510811,"2013/12/08 15:17:38",11.9,0.741033
43.517296,1.510831,"2013/12/08 15:17:39",11.9,0.744332
43.517271,1.510851,"2013/12/08 15:17:40",11.9,0.74763
43.517232,1.510866,"2013/12/08 15:17:41",16,0.752081
43.517193,1.51088,"2013/12/08 15:17:42",16,0.756531
43.517155,1.510895,"2013/12/08 15:17:43",16,0.760981
43.517116,1.51091,"2013/12/08 15:17:44",16,0.765431
43.517078,1.510924,"2013/12/08 15:17:45",16,0.769882
43.517039,1.510939,"2013/12/08 15:17:46",16,0.774332
43.517001,1.510953,"2013/12/08 15:17:47",16,0.778782
43.516962,1.510968,"2013/12/08 15:17:48",16,0.783232
43.516924,1.510983,"2013/12/08 15:17:49",16,0.787683
43.516885,1.510997,"2013/12/08 15:17:50",16,0.792133
43.516847,1.511012,"2013/12/08 15:17:51",16,0.796583
43.516808,1.511027,"2013/12/08 15:17:52",16,0.801034
43.516769,1.511031,"2013/12/08 15:17:53",15.8,0.805424
43.516729,1.511034,"2013/12/08 15:17:54",15.8,0.809814
43.51669,1.511038,"2013/12/08 15:17:55",15.8,0.814205
43.516651,1.511042,"2013/12/08 15:17:56",15.8,0.818595
43.516611,1.511046,"2013/12/08 15:17:57",15.8,0.822986
43.516572,1.51105,"2013/12/08 15:17:58",15.8,0.827376
43.516533,1.511054,"2013/12/08 15:17:59",15.8,0.831766
43.516493,1.511057,"2013/12/08 15:18:00",15.8,0.836157
43.516454,1.511061,"2013/12/08 15:18:01",15.8,0.840547
43.516415,1.511065,"2013/12/08 15:18:02",15.8,0.844938
43.516375,1.511069,"2013/12/08 15:18:03",15.8,0.849328
43.516336,1.511073,"2013/12/08 15:18:04",15.8,0.853718
43.516303,1.511089,"2013/12/08 15:18:05",14.2,0.857656
43.516269,1.511106,"2013/12/08 15:18:06",14.2,0.861594
43.516256,1.511148,"2013/12/08 15:18:07",13.4,0.865321
43.516243,1.511191,"2013/12/08 15:18:08",13.4,0.869048
43.51623,1.511233,"2013/12/08 15:18:09",13.4,0.872775
43.516216,1.511276,"2013/12/08 15:18:10",13.4,0.876503
43.516212,1.511325,"2013/12/08 15:18:11",14.6,0.880554
43.516208,1.511375,"2013/12/08 15:18:12",14.6,0.884606
43.516204,1.511425,"2013/12/08 15:18:13",14.6,0.888658
43.5162,1.511475,"2013/12/08 15:18:14",14.6,0.89271
43.516196,1.511525,"2013/12/08 15:18:15",14.6,0.896762
43.516192,1.511575,"2013/12/08 15:18:16",14.6,0.900814
43.516187,1.511625,"2013/12/08 15:18:17",14.6,0.904866
43.516183,1.511675,"2013/12/08 15:18:18",14.6,0.908918
43.516179,1.511724,"2013/12/08 15:18:19",14.6,0.91297
43.516175,1.511774,"2013/12/08 15:18:20",14.6,0.917022
43.516171,1.511824,"2013/12/08 15:18:21",14.6,0.921074
43.516167,1.511874,"2013/12/08 15:18:22",14.6,0.925126
43.516163,1.511924,"2013/12/08 15:18:23",14.6,0.929178
43.516154,1.511977,"2013/12/08 15:18:24",15.8,0.933573
43.516145,1.51203,"2013/12/08 15:18:25",15.8,0.937968
43.516136,1.512083,"2013/12/08 15:18:26",15.8,0.942362
43.516127,1.512136,"2013/12/08 15:18:27",15.8,0.946757
43.516119,1.512189,"2013/12/08 15:18:28",15.8,0.951152
43.51611,1.512242,"2013/12/08 15:18:29",15.8,0.955547
43.516101,1.512295,"2013/12/08 15:18:30",15.8,0.959942
43.516092,1.512348,"2013/12/08 15:18:31",15.8,0.964337
43.516083,1.512401,"2013/12/08 15:18:32",15.8,0.968731
43.516074,1.512455,"2013/12/08 15:18:33",15.8,0.973126
43.516066,1.512508,"2013/12/08 15:18:34",15.8,0.977521
43.516057,1.512561,"2013/12/08 15:18:35",15.8,0.981916
43.516048,1.512614,"2013/12/08 15:18:36",15.8,0.986311
43.516039,1.512667,"2013/12/08 15:18:37",15.8,0.990705
43.516028,1.512721,"2013/12/08 15:18:38",16.3,0.995246
43.516016,1.512775,"2013/12/08 15:18:39",16.3,0.999786
43.516005,1.512829,"2013/12/08 15:18:40",16.3,1.004326
43.515994,1.512883,"2013/12/08 15:18:41",16.3,1.008866
43.515982,1.512937,"2013/12/08 15:18:42",16.3,1.013407
43.515971,1.512991,"2013/12/08 15:18:43",16.3,1.017947
43.515959,1.513045,"2013/12/08 15:18:44",16.3,1.022487
43.515948,1.513099,"2013/12/08 15:18:45",16.3,1.027027
43.515937,1.513153,"2013/12/08 15:18:46",16.3,1.031567
43.515925,1.513207,"2013/12/08 15:18:47",16.3,1.036108
43.515914,1.513261,"2013/12/08 15:18:48",16.3,1.040648
43.515902,1.513315,"2013/12/08 15:18:49",16.3,1.045188
43.515891,1.513369,"2013/12/08 15:18:50",16.3,1.049728
43.51588,1.513423,"2013/12/08 15:18:51",16.3,1.054268
43.515868,1.513477,"2013/12/08 15:18:52",16.3,1.058809
43.515857,1.513531,"2013/12/08 15:18:53",16.3,1.063349
43.515845,1.513585,"2013/12/08 15:18:54",16.3,1.067889
43.515832,1.513641,"2013/12/08 15:18:55",17.1,1.07264
43.515819,1.513697,"2013/12/08 15:18:56",17.1,1.07739
43.515817,1.51375,"2013/12/08 15:18:57",15.6,1.081711
43.515815,1.513804,"2013/12/08 15:18:58",15.6,1.086031
43.515812,1.513857,"2013/12/08 15:18:59",15.6,1.090351
43.51581,1.513911,"2013/12/08 15:19:00",15.6,1.094671
43.515808,1.513964,"2013/12/08 15:19:01",15.6,1.098991
43.515805,1.514017,"2013/12/08 15:19:02",15.6,1.103312
43.515827,1.514063,"2013/12/08 15:19:03",15.7,1.107681
43.515849,1.514108,"2013/12/08 15:19:04",15.7,1.112051
43.51587,1.514153,"2013/12/08 15:19:05",15.7,1.11642
43.515892,1.514198,"2013/12/08 15:19:06",15.7,1.12079
43.515913,1.514243,"2013/12/08 15:19:07",15.7,1.125159
43.515935,1.514288,"2013/12/08 15:19:08",15.7,1.129529
43.515957,1.514333,"2013/12/08 15:19:09",15.7,1.133898
43.515978,1.514379,"2013/12/08 15:19:10",15.7,1.138268
43.516,1.514424,"2013/12/08 15:19:11",15.7,1.142637
43.516022,1.514469,"2013/12/08 15:19:12",15.7,1.147007
43.516043,1.514514,"2013/12/08 15:19:13",15.7,1.151377
43.516065,1.514559,"2013/12/08 15:19:14",15.7,1.155746
43.516087,1.514604,"2013/12/08 15:19:15",15.7,1.160116
43.516108,1.514649,"2013/12/08 15:19:16",15.7,1.164485
43.51613,1.514695,"2013/12/08 15:19:17",15.7,1.168855
43.516153,1.514741,"2013/12/08 15:19:18",16.3,1.173373
43.516175,1.514787,"2013/12/08 15:19:19",16.3,1.177891
43.516198,1.514834,"2013/12/08 15:19:20",16.3,1.182409
43.516221,1.51488,"2013/12/08 15:19:21",16.3,1.186927
43.516244,1.514927,"2013/12/08 15:19:22",16.3,1.191445
43.516266,1.514973,"2013/12/08 15:19:23",16.3,1.195963
43.516289,1.515019,"2013/12/08 15:19:24",16.3,1.20048
43.516312,1.515066,"2013/12/08 15:19:25",16.3,1.204998
43.516334,1.515112,"2013/12/08 15:19:26",16.3,1.209516
43.516357,1.515159,"2013/12/08 15:19:27",16.3,1.214034
43.51638,1.515205,"2013/12/08 15:19:28",16.3,1.218552
43.516402,1.515251,"2013/12/08 15:19:29",16.3,1.22307
43.516425,1.515298,"2013/12/08 15:19:30",16.3,1.227588
43.516448,1.515344,"2013/12/08 15:19:31",16.3,1.232106
43.51647,1.515391,"2013/12/08 15:19:32",16.3,1.236624
43.516492,1.515436,"2013/12/08 15:19:33",15.7,1.24099
43.516512,1.515482,"2013/12/08 15:19:34",15.7,1.245356
43.516534,1.515528,"2013/12/08 15:19:35",15.7,1.249721
43.516554,1.515573,"2013/12/08 15:19:36",15.7,1.254087
43.516579,1.515621,"2013/12/08 15:19:37",17.2,1.258872
43.516604,1.51567,"2013/12/08 15:19:38",17.2,1.263657
43.51663,1.515718,"2013/12/08 15:19:39",17.2,1.268442
43.516655,1.515766,"2013/12/08 15:19:40",17.2,1.273228
43.51668,1.515814,"2013/12/08 15:19:41",17.2,1.278013
43.516705,1.515863,"2013/12/08 15:19:42",17.2,1.282798
43.516729,1.515911,"2013/12/08 15:19:43",17.2,1.287583
43.516754,1.515959,"2013/12/08 15:19:44",17.2,1.292368
43.516779,1.516007,"2013/12/08 15:19:45",17.2,1.297153
43.516804,1.516055,"2013/12/08 15:19:46",17.2,1.301938
43.516817,1.516109,"2013/12/08 15:19:47",16.4,1.306485
43.51683,1.516162,"2013/12/08 15:19:48",16.4,1.311032
43.516843,1.516216,"2013/12/08 15:19:49",16.4,1.315578
43.516855,1.51627,"2013/12/08 15:19:50",16.4,1.320125
43.516868,1.516323,"2013/12/08 15:19:51",16.4,1.324672
43.516881,1.516377,"2013/12/08 15:19:52",16.4,1.329218
43.516893,1.51643,"2013/12/08 15:19:53",16.4,1.333765
43.516906,1.516484,"2013/12/08 15:19:54",16.4,1.338312
43.516919,1.516537,"2013/12/08 15:19:55",16.4,1.342858
43.516931,1.516591,"2013/12/08 15:19:56",16.4,1.347405
43.516944,1.516644,"2013/12/08 15:19:57",16.4,1.351952
43.516957,1.516698,"2013/12/08 15:19:58",16.4,1.356498
43.51697,1.516751,"2013/12/08 15:19:59",16.4,1.361045
43.516982,1.516805,"2013/12/08 15:20:00",16.4,1.365592
43.516995,1.516858,"2013/12/08 15:20:01",16.4,1.370138
43.517013,1.516913,"2013/12/08 15:20:02",17.4,1.374981
43.517031,1.516968,"2013/12/08 15:20:03",17.4,1.379823
43.517049,1.517022,"2013/12/08 15:20:04",17.4,1.384666
43.517067,1.517077,"2013/12/08 15:20:05",17.4,1.389508
43.517085,1.517131,"2013/12/08 15:20:06",17.4,1.394351
43.517123,1.517141,"2013/12/08 15:20:07",15.2,1.398567
43.51716,1.517151,"2013/12/08 15:20:08",15.2,1.402784
43.517197,1.51716,"2013/12/08 15:20:09",15.2,1.407001
43.517234,1.51717,"2013/12/08 15:20:10",15.2,1.411218
43.517271,1.51718,"2013/12/08 15:20:11",15.2,1.415435
43.517309,1.51719,"2013/12/08 15:20:12",15.2,1.419652
43.517346,1.517199,"2013/12/08 15:20:13",15.2,1.423869
43.517383,1.517209,"2013/12/08 15:20:14",15.2,1.428086
43.51742,1.517219,"2013/12/08 15:20:15",15.2,1.432303
43.517457,1.517228,"2013/12/08 15:20:16",15.2,1.43652
43.517495,1.517228,"2013/12/08 15:20:17",15.1,1.440701
43.517533,1.517227,"2013/12/08 15:20:18",15.1,1.444881
43.517554,1.517198,"2013/12/08 15:20:19",11.8,1.448171
43.517575,1.51717,"2013/12/08 15:20:20",11.8,1.451461
43.517596,1.517142,"2013/12/08 15:20:21",11.8,1.454752
43.517618,1.517113,"2013/12/08 15:20:22",11.8,1.458042
43.517639,1.517085,"2013/12/08 15:20:23",11.8,1.461332
43.51766,1.517057,"2013/12/08 15:20:24",11.8,1.464622
43.517681,1.517028,"2013/12/08 15:20:25",11.8,1.467912
43.517702,1.517,"2013/12/08 15:20:26",11.8,1.471202
43.517686,1.516942,"2013/12/08 15:20:27",17.9,1.476182
43.51767,1.516885,"2013/12/08 15:20:28",17.9,1.481162
43.517654,1.516827,"2013/12/08 15:20:29",17.9,1.486143
43.517638,1.516769,"2013/12/08 15:20:30",17.9,1.491123
43.517622,1.516712,"2013/12/08 15:20:31",17.9,1.496103
43.517606,1.516654,"2013/12/08 15:20:32",17.9,1.501083
43.51759,1.516597,"2013/12/08 15:20:33",17.9,1.506063
43.517574,1.516539,"2013/12/08 15:20:34",17.9,1.511044
43.517583,1.51649,"2013/12/08 15:20:35",14.6,1.515097
43.517591,1.516441,"2013/12/08 15:20:36",14.6,1.51915
43.5176,1.516393,"2013/12/08 15:20:37",14.6,1.523204
43.517608,1.516344,"2013/12/08 15:20:38",14.6,1.527257
43.517617,1.516295,"2013/12/08 15:20:39",14.6,1.53131
43.517625,1.516246,"2013/12/08 15:20:40",14.6,1.535364
43.517634,1.516197,"2013/12/08 15:20:41",14.6,1.539417
43.517642,1.516148,"2013/12/08 15:20:42",14.6,1.543471
43.517672,1.516107,"2013/12/08 15:20:43",17,1.548189
43.517702,1.516066,"2013/12/08 15:20:44",17,1.552908
43.517732,1.516024,"2013/12/08 15:20:45",17,1.557627
43.517762,1.515983,"2013/12/08 15:20:46",17,1.562346
43.517792,1.515941,"2013/12/08 15:20:47",17,1.567065
43.517822,1.5159,"2013/12/08 15:20:48",17,1.571783
43.517851,1.515858,"2013/12/08 15:20:49",17,1.576502
43.517881,1.515817,"2013/12/08 15:20:50",17,1.581221
43.517911,1.515775,"2013/12/08 15:20:51",17,1.58594
43.517941,1.515734,"2013/12/08 15:20:52",17,1.590659
43.517968,1.515694,"2013/12/08 15:20:53",15.8,1.595061
43.517996,1.515655,"2013/12/08 15:20:54",15.8,1.599464
43.518023,1.515616,"2013/12/08 15:20:55",15.8,1.603866
43.51805,1.515576,"2013/12/08 15:20:56",15.8,1.608269
43.518078,1.515537,"2013/12/08 15:20:57",15.8,1.612671
43.518105,1.515497,"2013/12/08 15:20:58",15.8,1.617074
43.518132,1.515458,"2013/12/08 15:20:59",15.8,1.621476
43.51816,1.515419,"2013/12/08 15:21:00",15.8,1.625879
43.518187,1.515379,"2013/12/08 15:21:01",15.8,1.630281
43.518214,1.51534,"2013/12/08 15:21:02",15.8,1.634684
43.518211,1.515287,"2013/12/08 15:21:03",15.5,1.638994
43.518207,1.515233,"2013/12/08 15:21:04",15.5,1.643304
43.518203,1.51518,"2013/12/08 15:21:05",15.5,1.647614
43.518199,1.515127,"2013/12/08 15:21:06",15.5,1.651924
43.518196,1.515074,"2013/12/08 15:21:07",15.5,1.656234
43.518174,1.515024,"2013/12/08 15:21:08",16.9,1.660928
43.518152,1.514975,"2013/12/08 15:21:09",16.9,1.665623
43.518135,1.514921,"2013/12/08 15:21:10",17,1.670349
43.518117,1.514868,"2013/12/08 15:21:11",17,1.675075
43.5181,1.514814,"2013/12/08 15:21:12",17,1.679801
43.518083,1.514761,"2013/12/08 15:21:13",17,1.684527
43.518066,1.514707,"2013/12/08 15:21:14",17,1.689253
43.518048,1.514656,"2013/12/08 15:21:15",16.5,1.693833
43.518031,1.514604,"2013/12/08 15:21:16",16.5,1.698413
43.518013,1.514553,"2013/12/08 15:21:17",16.5,1.702993
43.517996,1.514502,"2013/12/08 15:21:18",16.5,1.707574
43.517978,1.51445,"2013/12/08 15:21:19",16.5,1.712154
43.517961,1.514399,"2013/12/08 15:21:20",16.5,1.716734
43.517943,1.514348,"2013/12/08 15:21:21",16.5,1.721314
43.517926,1.514296,"2013/12/08 15:21:22",16.5,1.725894
43.517908,1.514245,"2013/12/08 15:21:23",16.5,1.730474
43.517891,1.514193,"2013/12/08 15:21:24",16.5,1.735054
43.517873,1.514142,"2013/12/08 15:21:25",16.5,1.739635
43.517856,1.514091,"2013/12/08 15:21:26",16.5,1.744215
43.517838,1.514039,"2013/12/08 15:21:27",16.5,1.748795
43.517821,1.513988,"2013/12/08 15:21:28",16.5,1.753375
43.517803,1.51393,"2013/12/08 15:21:29",18.5,1.758512
43.517784,1.513871,"2013/12/08 15:21:30",18.5,1.763649
43.517766,1.513813,"2013/12/08 15:21:31",18.5,1.768786
43.517748,1.513754,"2013/12/08 15:21:32",18.5,1.773922
43.517729,1.513696,"2013/12/08 15:21:33",18.5,1.779059
43.517711,1.513638,"2013/12/08 15:21:34",18.5,1.784196
43.517693,1.513579,"2013/12/08 15:21:35",18.5,1.789333
43.517675,1.513521,"2013/12/08 15:21:36",18.5,1.794469
43.517656,1.513462,"2013/12/08 15:21:37",18.5,1.799606
43.517638,1.513404,"2013/12/08 15:21:38",18.5,1.804743
43.51762,1.513345,"2013/12/08 15:21:39",18.5,1.80988
43.517601,1.513287,"2013/12/08 15:21:40",18.5,1.815017
43.517583,1.513229,"2013/12/08 15:21:41",18.5,1.820153
43.51757,1.513175,"2013/12/08 15:21:42",16.4,1.824698
43.517556,1.513122,"2013/12/08 15:21:43",16.4,1.829242
43.517542,1.513069,"2013/12/08 15:21:44",16.4,1.833787
43.517529,1.513016,"2013/12/08 15:21:45",16.4,1.838331
43.517516,1.512963,"2013/12/08 15:21:46",16.4,1.842876
43.517502,1.51291,"2013/12/08 15:21:47",16.4,1.84742
43.517488,1.512857,"2013/12/08 15:21:48",16.4,1.851965
43.517515,1.512833,"2013/12/08 15:21:49",12.5,1.855445
43.517541,1.512809,"2013/12/08 15:21:50",12.5,1.858926
43.517567,1.512785,"2013/12/08 15:21:51",12.5,1.862407
43.517593,1.512761,"2013/12/08 15:21:52",12.5,1.865888
43.517619,1.512737,"2013/12/08 15:21:53",12.5,1.869368
43.517645,1.512713,"2013/12/08 15:21:54",12.5,1.872849
43.517671,1.51269,"2013/12/08 15:21:55",12.5,1.87633
43.517697,1.512666,"2013/12/08 15:21:56",12.5,1.879811
43.517723,1.512642,"2013/12/08 15:21:57",12.5,1.883292
43.517749,1.512618,"2013/12/08 15:21:58",12.5,1.886772
43.517779,1.512608,"2013/12/08 15:21:59",12.4,1.890227
43.517809,1.512597,"2013/12/08 15:22:00",12.4,1.893681
43.517839,1.512587,"2013/12/08 15:22:01",12.4,1.897136
43.517869,1.512577,"2013/12/08 15:22:02",12.4,1.90059
43.517899,1.512566,"2013/12/08 15:22:03",12.4,1.904045
43.51793,1.512556,"2013/12/08 15:22:04",12.4,1.907499
43.517968,1.512541,"2013/12/08 15:22:05",15.9,1.911919
43.518006,1.512526,"2013/12/08 15:22:06",15.9,1.916339
43.518044,1.51251,"2013/12/08 15:22:07",15.9,1.92076
43.518082,1.512495,"2013/12/08 15:22:08",15.9,1.92518
43.51812,1.51248,"2013/12/08 15:22:09",15.9,1.9296
43.518158,1.512465,"2013/12/08 15:22:10",15.9,1.93402
43.518197,1.512449,"2013/12/08 15:22:11",15.9,1.93844
43.518235,1.512434,"2013/12/08 15:22:12",15.9,1.94286
43.518273,1.512419,"2013/12/08 15:22:13",15.9,1.947281
43.518311,1.512404,"2013/12/08 15:22:14",15.9,1.951701
43.518349,1.512388,"2013/12/08 15:22:15",15.9,1.956121
43.518387,1.512373,"2013/12/08 15:22:16",15.9,1.960541
43.518425,1.512358,"2013/12/08 15:22:17",15.9,1.964961
43.518462,1.512347,"2013/12/08 15:22:18",15,1.969124
43.518499,1.512336,"2013/12/08 15:22:19",15,1.973286
43.518535,1.512326,"2013/12/08 15:22:20",15,1.977449
43.518572,1.512315,"2013/12/08 15:22:21",15,1.981611
43.518608,1.512304,"2013/12/08 15:22:22",15,1.985773
43.518645,1.512293,"2013/12/08 15:22:23",15,1.989936
43.518681,1.512282,"2013/12/08 15:22:24",15,1.994098
43.518718,1.512272,"2013/12/08 15:22:25",15,1.998261
43.518754,1.512261,"2013/12/08 15:22:26",15,2.002423
43.518791,1.51225,"2013/12/08 15:22:27",15,2.006585
43.518828,1.512239,"2013/12/08 15:22:28",15,2.010748
43.518869,1.512223,"2013/12/08 15:22:29",17.1,2.015501
43.51891,1.512207,"2013/12/08 15:22:30",17.1,2.020255
43.518951,1.51219,"2013/12/08 15:22:31",17.1,2.025008
43.518992,1.512174,"2013/12/08 15:22:32",17.1,2.029762
43.519033,1.512158,"2013/12/08 15:22:33",17.1,2.034515
43.519074,1.512141,"2013/12/08 15:22:34",17.1,2.039269
43.519115,1.512125,"2013/12/08 15:22:35",17.1,2.044022
43.519156,1.512108,"2013/12/08 15:22:36",17.1,2.048775
43.519197,1.512092,"2013/12/08 15:22:37",17.1,2.053529
43.519238,1.512076,"2013/12/08 15:22:38",17.1,2.058282
43.519254,1.512046,"2013/12/08 15:22:39",10.8,2.061286
43.51927,1.512016,"2013/12/08 15:22:40",10.8,2.06429
43.519285,1.511985,"2013/12/08 15:22:41",10.8,2.067294
43.519301,1.511955,"2013/12/08 15:22:42",10.8,2.070298
43.519317,1.511925,"2013/12/08 15:22:43",10.8,2.073302
43.519333,1.511895,"2013/12/08 15:22:44",10.8,2.076306
43.519326,1.511838,"2013/12/08 15:22:45",17,2.081027
43.519319,1.51178,"2013/12/08 15:22:46",17,2.085747
43.519311,1.511722,"2013/12/08 15:22:47",17,2.090468
43.519304,1.511665,"2013/12/08 15:22:48",17,2.095189
43.519297,1.511607,"2013/12/08 15:22:49",17,2.09991
43.51929,1.51155,"2013/12/08 15:22:50",17,2.10463
43.519282,1.511492,"2013/12/08 15:22:51",17,2.109351
43.519275,1.511434,"2013/12/08 15:22:52",17,2.114072
43.519268,1.511377,"2013/12/08 15:22:53",17,2.118793
43.51926,1.511319,"2013/12/08 15:22:54",17,2.123514
43.519253,1.511261,"2013/12/08 15:22:55",17,2.128234
43.519246,1.511204,"2013/12/08 15:22:56",17,2.132955
43.519241,1.511155,"2013/12/08 15:22:57",14.3,2.136916
43.519236,1.511107,"2013/12/08 15:22:58",14.3,2.140878
43.519231,1.511058,"2013/12/08 15:22:59",14.3,2.144839
43.519226,1.511009,"2013/12/08 15:23:00",14.3,2.1488
43.519218,1.510954,"2013/12/08 15:23:01",16.3,2.153322
43.51921,1.510899,"2013/12/08 15:23:02",16.3,2.157845
43.519203,1.510845,"2013/12/08 15:23:03",16.3,2.162367
43.519195,1.51079,"2013/12/08 15:23:04",16.3,2.166889
43.519187,1.510735,"2013/12/08 15:23:05",16.3,2.171411
43.519179,1.51068,"2013/12/08 15:23:06",16.3,2.175934
43.519171,1.510625,"2013/12/08 15:23:07",16.3,2.180456
43.519163,1.51057,"2013/12/08 15:23:08",16.3,2.184978
43.519155,1.510515,"2013/12/08 15:23:09",16.3,2.1895
43.519148,1.51046,"2013/12/08 15:23:10",16.3,2.194023
43.51914,1.510405,"2013/12/08 15:23:11",16.3,2.198545
43.519132,1.51035,"2013/12/08 15:23:12",16.3,2.203067
43.519124,1.510295,"2013/12/08 15:23:13",16.3,2.207589
43.519116,1.51024,"2013/12/08 15:23:14",16.3,2.212112
43.519105,1.510179,"2013/12/08 15:23:15",18.2,2.217181
43.519093,1.510118,"2013/12/08 15:23:16",18.2,2.222251
43.519082,1.510058,"2013/12/08 15:23:17",18.2,2.22732
43.51907,1.509997,"2013/12/08 15:23:18",18.2,2.232389
43.519059,1.509936,"2013/12/08 15:23:19",18.2,2.237459
43.519048,1.509875,"2013/12/08 15:23:20",18.2,2.242528
43.519036,1.509814,"2013/12/08 15:23:21",18.2,2.247598
43.519025,1.509754,"2013/12/08 15:23:22",18.2,2.252667
43.519013,1.509693,"2013/12/08 15:23:23",18.2,2.257736
43.519002,1.509632,"2013/12/08 15:23:24",18.2,2.262806
43.518991,1.509571,"2013/12/08 15:23:25",18.2,2.267875
43.519,1.509518,"2013/12/08 15:23:26",15.8,2.272263
43.519009,1.509465,"2013/12/08 15:23:27",15.8,2.276652
43.519018,1.509413,"2013/12/08 15:23:28",15.8,2.28104
43.519027,1.50936,"2013/12/08 15:23:29",15.8,2.285428
43.519036,1.509307,"2013/12/08 15:23:30",15.8,2.289816
43.519045,1.509254,"2013/12/08 15:23:31",15.8,2.294204
43.519054,1.509201,"2013/12/08 15:23:32",15.8,2.298592
43.519063,1.509148,"2013/12/08 15:23:33",15.8,2.302981
43.519072,1.509095,"2013/12/08 15:23:34",15.8,2.307369
43.519105,1.509062,"2013/12/08 15:23:35",16.3,2.311893
43.519143,1.509029,"2013/12/08 15:23:36",18.1,2.31693
43.519181,1.508995,"2013/12/08 15:23:37",18.1,2.321966
43.51922,1.508961,"2013/12/08 15:23:38",18.1,2.327003
43.519258,1.508928,"2013/12/08 15:23:39",18.1,2.33204
43.519296,1.508894,"2013/12/08 15:23:40",18.1,2.337077
43.519334,1.508861,"2013/12/08 15:23:41",18.1,2.342114
43.519372,1.508827,"2013/12/08 15:23:42",18.1,2.34715
43.51941,1.508794,"2013/12/08 15:23:43",18.1,2.352187
43.519458,1.508751,"2013/12/08 15:23:44",22.7,2.358497
43.519505,1.508708,"2013/12/08 15:23:45",22.7,2.364807
43.519552,1.508665,"2013/12/08 15:23:46",22.7,2.371117
43.519589,1.508646,"2013/12/08 15:23:47",15.8,2.375495
43.519626,1.508627,"2013/12/08 15:23:48",15.8,2.379873
43.519663,1.508608,"2013/12/08 15:23:49",15.8,2.384251
43.5197,1.508589,"2013/12/08 15:23:50",15.8,2.388629
43.519737,1.50857,"2013/12/08 15:23:51",15.8,2.393007
43.519764,1.508575,"2013/12/08 15:23:52",11.3,2.396137
43.519792,1.508579,"2013/12/08 15:23:53",11.3,2.399268
43.51982,1.508584,"2013/12/08 15:23:54",11.3,2.402398
43.519846,1.508548,"2013/12/08 15:23:55",14.8,2.406501
43.519872,1.508512,"2013/12/08 15:23:56",14.8,2.410603
43.519898,1.508476,"2013/12/08 15:23:57",14.8,2.414706
43.519924,1.50844,"2013/12/08 15:23:58",14.8,2.418808
43.51995,1.508404,"2013/12/08 15:23:59",14.8,2.422911
43.519976,1.508368,"2013/12/08 15:24:00",14.8,2.427014
43.520002,1.508332,"2013/12/08 15:24:01",14.8,2.431116
43.520028,1.508296,"2013/12/08 15:24:02",14.8,2.435219
43.520054,1.50826,"2013/12/08 15:24:03",14.8,2.439322
43.520048,1.508212,"2013/12/08 15:24:04",13.9,2.443195
43.520043,1.508165,"2013/12/08 15:24:05",13.9,2.447068
43.520038,1.508117,"2013/12/08 15:24:06",13.9,2.450942
43.520032,1.50807,"2013/12/08 15:24:07",13.9,2.454815
43.520027,1.508023,"2013/12/08 15:24:08",13.9,2.458688
43.520021,1.507975,"2013/12/08 15:24:09",13.9,2.462562
43.520016,1.507928,"2013/12/08 15:24:10",13.9,2.466435
43.519979,1.50791,"2013/12/08 15:24:11",15.6,2.470761
43.519952,1.507866,"2013/12/08 15:24:12",16.7,2.475389
43.519925,1.507823,"2013/12/08 15:24:13",16.7,2.480016
43.519898,1.507779,"2013/12/08 15:24:14",16.7,2.484644
43.519871,1.507735,"2013/12/08 15:24:15",16.7,2.489272
43.519844,1.507692,"2013/12/08 15:24:16",16.7,2.493899
43.519817,1.507648,"2013/12/08 15:24:17",16.7,2.498527
43.51979,1.507605,"2013/12/08 15:24:18",16.7,2.503155
43.519763,1.507561,"2013/12/08 15:24:19",16.7,2.507783
43.519736,1.507517,"2013/12/08 15:24:20",16.7,2.51241
43.519709,1.507474,"2013/12/08 15:24:21",16.7,2.517038
43.519682,1.50743,"2013/12/08 15:24:22",16.7,2.521666
43.519655,1.507387,"2013/12/08 15:24:23",16.7,2.526293
43.519631,1.507348,"2013/12/08 15:24:24",14.8,2.530399
43.519607,1.50731,"2013/12/08 15:24:25",14.8,2.534505
43.519583,1.507272,"2013/12/08 15:24:26",14.8,2.538611
43.519558,1.507234,"2013/12/08 15:24:27",14.8,2.542717
43.519534,1.507195,"2013/12/08 15:24:28",14.8,2.546823
43.51951,1.507157,"2013/12/08 15:24:29",14.8,2.550928
43.519485,1.507119,"2013/12/08 15:24:30",14.8,2.555034
43.519461,1.50708,"2013/12/08 15:24:31",14.8,2.55914
43.519437,1.507042,"2013/12/08 15:24:32",14.8,2.563246
43.519449,1.507002,"2013/12/08 15:24:33",12.7,2.566775
43.519461,1.506961,"2013/12/08 15:24:34",12.7,2.570305
43.519473,1.506921,"2013/12/08 15:24:35",12.7,2.573834
43.519485,1.50688,"2013/12/08 15:24:36",12.7,2.577363
43.519497,1.50684,"2013/12/08 15:24:37",12.7,2.580893
43.519509,1.5068,"2013/12/08 15:24:38",12.7,2.584422
43.519521,1.506759,"2013/12/08 15:24:39",12.7,2.587952
43.519533,1.506719,"2013/12/08 15:24:40",12.7,2.591481
43.519545,1.506678,"2013/12/08 15:24:41",12.7,2.59501
43.519529,1.50666,"2013/12/08 15:24:42",8.1,2.597272
43.519514,1.506643,"2013/12/08 15:24:43",8.1,2.599535
43.519498,1.506625,"2013/12/08 15:24:44",8.1,2.601797
43.519482,1.506607,"2013/12/08 15:24:45",8.1,2.604059
43.519467,1.506589,"2013/12/08 15:24:46",8.1,2.606321
43.519451,1.506572,"2013/12/08 15:24:47",8.1,2.608584
43.519435,1.506554,"2013/12/08 15:24:48",8.1,2.610846
43.519419,1.506536,"2013/12/08 15:24:49",8.1,2.613108
43.519404,1.506518,"2013/12/08 15:24:50",8.1,2.61537
43.519388,1.506501,"2013/12/08 15:24:51",8.1,2.617633
43.519372,1.506483,"2013/12/08 15:24:52",8.1,2.619895
43.519348,1.506476,"2013/12/08 15:24:53",10,2.622676
43.519323,1.506469,"2013/12/08 15:24:54",10,2.625456
43.519299,1.506461,"2013/12/08 15:24:55",10,2.628237
43.519275,1.506454,"2013/12/08 15:24:56",10,2.631018
43.51925,1.506447,"2013/12/08 15:24:57",10,2.633798
43.519222,1.506429,"2013/12/08 15:24:58",12.4,2.637231
43.519194,1.506411,"2013/12/08 15:24:59",12.4,2.640663
43.519166,1.506393,"2013/12/08 15:25:00",12.4,2.644095
43.519139,1.506374,"2013/12/08 15:25:01",12.4,2.647528
43.519124,1.506368,"2013/12/08 15:25:02",6,2.649199
43.51911,1.506361,"2013/12/08 15:25:03",6,2.650871
43.519096,1.506354,"2013/12/08 15:25:04",6,2.652542
43.519082,1.506347,"2013/12/08 15:25:05",6,2.654213
43.519068,1.50634,"2013/12/08 15:25:06",6,2.655885
43.519054,1.506334,"2013/12/08 15:25:07",6,2.657556
43.519039,1.506327,"2013/12/08 15:25:08",6,2.659227
43.519025,1.50632,"2013/12/08 15:25:09",6,2.660899
43.519004,1.506307,"2013/12/08 15:25:10",9.4,2.6635
43.518982,1.506295,"2013/12/08 15:25:11",9.4,2.666101
43.518961,1.506282,"2013/12/08 15:25:12",9.4,2.668702
43.518939,1.50627,"2013/12/08 15:25:13",9.4,2.671303
43.518918,1.506257,"2013/12/08 15:25:14",9.4,2.673904
43.518896,1.506244,"2013/12/08 15:25:15",9.4,2.676505
43.518875,1.506232,"2013/12/08 15:25:16",9.4,2.679106
43.518863,1.506192,"2013/12/08 15:25:17",12.6,2.682612
43.518851,1.506152,"2013/12/08 15:25:18",12.6,2.686117
43.518839,1.506111,"2013/12/08 15:25:19",12.6,2.689623
43.518827,1.506071,"2013/12/08 15:25:20",12.6,2.693128
43.518815,1.506031,"2013/12/08 15:25:21",12.6,2.696634
43.518803,1.505991,"2013/12/08 15:25:22",12.6,2.700139
43.518791,1.50595,"2013/12/08 15:25:23",12.6,2.703645
43.518779,1.50591,"2013/12/08 15:25:24",12.6,2.70715
43.518767,1.50587,"2013/12/08 15:25:25",12.6,2.710656
43.518755,1.50583,"2013/12/08 15:25:26",12.6,2.714161
43.518743,1.505803,"2013/12/08 15:25:27",9.1,2.71669
43.518732,1.505777,"2013/12/08 15:25:28",9.1,2.719219
43.518723,1.505721,"2013/12/08 15:25:29",16.6,2.72383
43.518714,1.505665,"2013/12/08 15:25:30",16.6,2.728441
43.518705,1.505609,"2013/12/08 15:25:31",16.6,2.733052
43.518694,1.505574,"2013/12/08 15:25:32",11.2,2.736177
43.518682,1.505538,"2013/12/08 15:25:33",11.2,2.739301
43.518671,1.505503,"2013/12/08 15:25:34",11.2,2.742425
43.51866,1.505468,"2013/12/08 15:25:35",11.2,2.745549
43.518648,1.505432,"2013/12/08 15:25:36",11.2,2.748673
43.518637,1.505397,"2013/12/08 15:25:37",11.2,2.751797
43.518626,1.505361,"2013/12/08 15:25:38",11.2,2.754921
43.518614,1.505326,"2013/12/08 15:25:39",11.2,2.758045
43.518566,1.505282,"2013/12/08 15:25:40",23.3,2.764507
43.518517,1.505239,"2013/12/08 15:25:41",23.3,2.77097
43.518468,1.505195,"2013/12/08 15:25:42",23.3,2.777432
43.51842,1.505152,"2013/12/08 15:25:43",23.3,2.783894
43.518371,1.505108,"2013/12/08 15:25:44",23.3,2.790356
43.518322,1.505065,"2013/12/08 15:25:45",23.3,2.796819
43.51829,1.505054,"2013/12/08 15:25:46",13.4,2.800532
43.518257,1.505043,"2013/12/08 15:25:47",13.4,2.804246
43.518225,1.505032,"2013/12/08 15:25:48",13.4,2.807959
43.518193,1.50502,"2013/12/08 15:25:49",13.4,2.811673
43.51816,1.505009,"2013/12/08 15:25:50",13.4,2.815387
43.518128,1.504998,"2013/12/08 15:25:51",13.4,2.8191
43.518095,1.504987,"2013/12/08 15:25:52",13.4,2.822814
43.518063,1.504976,"2013/12/08 15:25:53",13.4,2.826527
43.518031,1.504965,"2013/12/08 15:25:54",13.4,2.830241
43.517998,1.504954,"2013/12/08 15:25:55",13.4,2.833955
43.517966,1.504943,"2013/12/08 15:25:56",13.4,2.837668
43.51793,1.504935,"2013/12/08 15:25:57",14.7,2.841745
43.517894,1.504927,"2013/12/08 15:25:58",14.7,2.845821
43.517858,1.504919,"2013/12/08 15:25:59",14.7,2.849897
43.517821,1.504911,"2013/12/08 15:26:00",14.7,2.853973
43.517785,1.504903,"2013/12/08 15:26:01",14.7,2.85805
43.517749,1.504895,"2013/12/08 15:26:02",14.7,2.862126
43.517713,1.504887,"2013/12/08 15:26:03",14.7,2.866202
43.517677,1.504879,"2013/12/08 15:26:04",14.7,2.870279
43.517641,1.504871,"2013/12/08 15:26:05",14.7,2.874355
43.517604,1.504863,"2013/12/08 15:26:06",14.7,2.878431
43.51757,1.504862,"2013/12/08 15:26:07",13.7,2.882235
43.517536,1.50486,"2013/12/08 15:26:08",13.7,2.886039
43.517502,1.504859,"2013/12/08 15:26:09",13.7,2.889843
43.517468,1.504858,"2013/12/08 15:26:10",13.7,2.893648
43.517434,1.504857,"2013/12/08 15:26:11",13.7,2.897452
43.517409,1.504885,"2013/12/08 15:26:12",12.9,2.90104
43.517384,1.504914,"2013/12/08 15:26:13",12.9,2.904629
43.51736,1.504942,"2013/12/08 15:26:14",12.9,2.908218
43.517335,1.504971,"2013/12/08 15:26:15",12.9,2.911807
43.51731,1.505,"2013/12/08 15:26:16",12.9,2.915396
43.517286,1.505028,"2013/12/08 15:26:17",12.9,2.918984
43.517261,1.505057,"2013/12/08 15:26:18",12.9,2.922573
43.517236,1.505085,"2013/12/08 15:26:19",12.9,2.926162
43.517212,1.505114,"2013/12/08 15:26:20",12.9,2.929751
43.517187,1.505143,"2013/12/08 15:26:21",12.9,2.933339
43.517162,1.505171,"2013/12/08 15:26:22",12.9,2.936928
43.517137,1.5052,"2013/12/08 15:26:23",12.9,2.940517
43.517113,1.505229,"2013/12/08 15:26:24",12.9,2.944106
43.517081,1.505261,"2013/12/08 15:26:25",15.7,2.948473
43.51705,1.505293,"2013/12/08 15:26:26",15.7,2.952841
43.517018,1.505325,"2013/12/08 15:26:27",15.7,2.957208
43.516987,1.505358,"2013/12/08 15:26:28",15.7,2.961576
43.516955,1.50539,"2013/12/08 15:26:29",15.7,2.965943
43.516924,1.505422,"2013/12/08 15:26:30",15.7,2.97031
43.516898,1.505414,"2013/12/08 15:26:31",10.7,2.973277
43.516872,1.505406,"2013/12/08 15:26:32",10.7,2.976244
43.516846,1.505398,"2013/12/08 15:26:33",10.7,2.97921
43.51682,1.50539,"2013/12/08 15:26:34",10.7,2.982177
43.516794,1.505382,"2013/12/08 15:26:35",10.7,2.985143
43.516768,1.505373,"2013/12/08 15:26:36",10.7,2.98811
43.516742,1.505365,"2013/12/08 15:26:37",10.7,2.991076
43.516716,1.505357,"2013/12/08 15:26:38",10.7,2.994043
43.51669,1.505349,"2013/12/08 15:26:39",10.7,2.997009
43.516664,1.505341,"2013/12/08 15:26:40",10.7,2.999976
43.516631,1.505346,"2013/12/08 15:26:41",13.2,3.003632
43.516599,1.505351,"2013/12/08 15:26:42",13.2,3.007289
43.516566,1.505356,"2013/12/08 15:26:43",13.2,3.010945
43.516533,1.50536,"2013/12/08 15:26:44",13.2,3.014602
43.516501,1.505365,"2013/12/08 15:26:45",13.2,3.018259
43.516468,1.50537,"2013/12/08 15:26:46",13.2,3.021915
43.516435,1.505375,"2013/12/08 15:26:47",13.2,3.025572
43.516397,1.505392,"2013/12/08 15:26:48",16.1,3.03003
43.516359,1.50541,"2013/12/08 15:26:49",16.1,3.034489
43.516321,1.505427,"2013/12/08 15:26:50",16.1,3.038947
43.516283,1.505444,"2013/12/08 15:26:51",16.1,3.043405
43.516245,1.505461,"2013/12/08 15:26:52",16.1,3.047864
43.516207,1.505479,"2013/12/08 15:26:53",16.1,3.052322
43.516169,1.505496,"2013/12/08 15:26:54",16.1,3.05678
43.516131,1.505513,"2013/12/08 15:26:55",16.1,3.061239
43.516093,1.50553,"2013/12/08 15:26:56",16.1,3.065697
43.516055,1.505547,"2013/12/08 15:26:57",16.1,3.070156
43.516017,1.505565,"2013/12/08 15:26:58",16.1,3.074614
43.515979,1.505582,"2013/12/08 15:26:59",16.1,3.079072
43.515941,1.505599,"2013/12/08 15:27:00",16.1,3.083531
43.515903,1.505616,"2013/12/08 15:27:01",16.1,3.087989
43.515888,1.505636,"2013/12/08 15:27:02",8.2,3.090277
43.515873,1.505656,"2013/12/08 15:27:03",8.2,3.092565
43.515858,1.505675,"2013/12/08 15:27:04",8.2,3.094853
43.515844,1.505695,"2013/12/08 15:27:05",8.2,3.097141
43.515829,1.505706,"2013/12/08 15:27:06",6.6,3.098966
43.515815,1.505718,"2013/12/08 15:27:07",6.6,3.100792
43.515801,1.505729,"2013/12/08 15:27:08",6.6,3.102618
43.515787,1.50574,"2013/12/08 15:27:09",6.6,3.104444
43.515773,1.505752,"2013/12/08 15:27:10",6.6,3.10627
43.515758,1.505763,"2013/12/08 15:27:11",6.6,3.108096
43.515744,1.505774,"2013/12/08 15:27:12",6.6,3.109922
43.515717,1.505794,"2013/12/08 15:27:13",12.1,3.113292
43.515691,1.505814,"2013/12/08 15:27:14",12.1,3.116663
43.515664,1.505834,"2013/12/08 15:27:15",12.1,3.120033
43.515638,1.505854,"2013/12/08 15:27:16",12.1,3.123404
43.515611,1.505874,"2013/12/08 15:27:17",12.1,3.126775
43.515584,1.505894,"2013/12/08 15:27:18",12.1,3.130145
43.515558,1.505913,"2013/12/08 15:27:19",12.1,3.133516
43.515531,1.505933,"2013/12/08 15:27:20",12.1,3.136886
43.515505,1.505953,"2013/12/08 15:27:21",12.1,3.140257
43.515478,1.505973,"2013/12/08 15:27:22",12.1,3.143628
43.515451,1.505993,"2013/12/08 15:27:23",12.1,3.146998
43.515416,1.505988,"2013/12/08 15:27:24",14.4,3.151002
43.51538,1.505984,"2013/12/08 15:27:25",14.4,3.155006
43.515344,1.505979,"2013/12/08 15:27:26",14.4,3.159009
43.515308,1.505974,"2013/12/08 15:27:27",14.4,3.163013
43.515272,1.505969,"2013/12/08 15:27:28",14.4,3.167017
43.515248,1.505931,"2013/12/08 15:27:29",14.9,3.171144
43.515224,1.505892,"2013/12/08 15:27:30",14.9,3.175271
43.515199,1.505854,"2013/12/08 15:27:31",14.9,3.179398
43.515175,1.505815,"2013/12/08 15:27:32",14.9,3.183525
43.515151,1.505777,"2013/12/08 15:27:33",14.9,3.187652
43.515126,1.505738,"2013/12/08 15:27:34",14.9,3.191779
43.515102,1.505699,"2013/12/08 15:27:35",14.9,3.195906
43.515077,1.505661,"2013/12/08 15:27:36",14.9,3.200033
43.515074,1.505622,"2013/12/08 15:27:37",11.4,3.203197
43.51507,1.505583,"2013/12/08 15:27:38",11.4,3.20636
43.515067,1.505544,"2013/12/08 15:27:39",11.4,3.209523
43.515063,1.505505,"2013/12/08 15:27:40",11.4,3.212687
43.51506,1.505467,"2013/12/08 15:27:41",11.4,3.21585
43.515056,1.505428,"2013/12/08 15:27:42",11.4,3.219014
43.515052,1.505389,"2013/12/08 15:27:43",11.4,3.222177
43.515049,1.50535,"2013/12/08 15:27:44",11.4,3.225341
43.515045,1.505311,"2013/12/08 15:27:45",11.4,3.228504
43.515042,1.505272,"2013/12/08 15:27:46",11.4,3.231668
43.515038,1.505233,"2013/12/08 15:27:47",11.4,3.234831
43.515037,1.50518,"2013/12/08 15:27:48",15.6,3.239156
43.515035,1.505126,"2013/12/08 15:27:49",15.6,3.24348
43.515034,1.505073,"2013/12/08 15:27:50",15.6,3.247804
43.515032,1.505019,"2013/12/08 15:27:51",15.6,3.252129
43.515031,1.504966,"2013/12/08 15:27:52",15.6,3.256453
43.515029,1.504912,"2013/12/08 15:27:53",15.6,3.260777
43.515028,1.504859,"2013/12/08 15:27:54",15.6,3.265101
43.515026,1.504805,"2013/12/08 15:27:55",15.6,3.269426
43.515025,1.504752,"2013/12/08 15:27:56",15.6,3.27375
43.515023,1.504698,"2013/12/08 15:27:57",15.6,3.278074
43.515022,1.504644,"2013/12/08 15:27:58",15.6,3.282399
43.515015,1.504595,"2013/12/08 15:27:59",14.6,3.286441
43.515008,1.504546,"2013/12/08 15:28:00",14.6,3.290484
43.515002,1.504497,"2013/12/08 15:28:01",14.6,3.294527
43.514995,1.504448,"2013/12/08 15:28:02",14.6,3.298569
43.514989,1.504398,"2013/12/08 15:28:03",14.6,3.302612
43.514982,1.504349,"2013/12/08 15:28:04",14.6,3.306655
43.514975,1.5043,"2013/12/08 15:28:05",14.6,3.310697
43.514969,1.504251,"2013/12/08 15:28:06",14.6,3.31474
43.514962,1.504201,"2013/12/08 15:28:07",14.6,3.318783
43.514955,1.504152,"2013/12/08 15:28:08",14.6,3.322825
43.514949,1.504103,"2013/12/08 15:28:09",14.6,3.326868
43.51492,1.504079,"2013/12/08 15:28:10",13.3,3.330571
43.514892,1.504055,"2013/12/08 15:28:11",13.3,3.334275
43.514864,1.504031,"2013/12/08 15:28:12",13.3,3.337978
43.514835,1.504007,"2013/12/08 15:28:13",13.3,3.341682
43.514807,1.503983,"2013/12/08 15:28:14",13.3,3.345386
43.514778,1.503959,"2013/12/08 15:28:15",13.3,3.349089
43.514744,1.503976,"2013/12/08 15:28:16",14.8,3.353204
43.514709,1.503993,"2013/12/08 15:28:17",14.8,3.357319
43.514674,1.50401,"2013/12/08 15:28:18",14.8,3.361433
43.514639,1.504027,"2013/12/08 15:28:19",14.8,3.365548
43.514604,1.504044,"2013/12/08 15:28:20",14.8,3.369663
43.514569,1.50406,"2013/12/08 15:28:21",14.8,3.373778
43.514534,1.504077,"2013/12/08 15:28:22",14.8,3.377893
43.514499,1.504094,"2013/12/08 15:28:23",14.8,3.382007
43.514465,1.504111,"2013/12/08 15:28:24",14.8,3.386122
43.51443,1.504128,"2013/12/08 15:28:25",14.8,3.390237
43.514395,1.504145,"2013/12/08 15:28:26",14.8,3.394352
43.51436,1.504162,"2013/12/08 15:28:27",14.8,3.398466
43.514324,1.504182,"2013/12/08 15:28:28",15.7,3.402818
43.514316,1.504238,"2013/12/08 15:28:29",16.7,3.407446
43.514309,1.504294,"2013/12/08 15:28:30",16.7,3.412074
43.514301,1.504351,"2013/12/08 15:28:31",16.7,3.416702
43.514294,1.504407,"2013/12/08 15:28:32",16.7,3.42133
43.514305,1.504461,"2013/12/08 15:28:33",16.3,3.425857
43.514316,1.504515,"2013/12/08 15:28:34",16.3,3.430384
43.514327,1.504569,"2013/12/08 15:28:35",16.3,3.434911
43.514339,1.504623,"2013/12/08 15:28:36",16.3,3.439438
43.51435,1.504677,"2013/12/08 15:28:37",16.3,3.443965
43.514361,1.504731,"2013/12/08 15:28:38",16.3,3.448492
43.514372,1.504785,"2013/12/08 15:28:39",16.3,3.453019
43.514383,1.504838,"2013/12/08 15:28:40",16.3,3.457546
43.514398,1.504902,"2013/12/08 15:28:41",19.4,3.462928
43.514412,1.504966,"2013/12/08 15:28:42",19.4,3.46831
43.514427,1.505029,"2013/12/08 15:28:43",19.4,3.473693
43.514441,1.505093,"2013/12/08 15:28:44",19.4,3.479075
43.514456,1.505156,"2013/12/08 15:28:45",19.4,3.484457
43.514471,1.50522,"2013/12/08 15:28:46",19.4,3.489839
43.514485,1.505284,"2013/12/08 15:28:47",19.4,3.495222
43.5145,1.505347,"2013/12/08 15:28:48",19.4,3.500604
43.514514,1.505411,"2013/12/08 15:28:49",19.4,3.505986
43.514529,1.505474,"2013/12/08 15:28:50",19.4,3.511368
43.514543,1.505538,"2013/12/08 15:28:51",19.4,3.51675
43.514558,1.505602,"2013/12/08 15:28:52",19.4,3.522133
43.514555,1.505666,"2013/12/08 15:28:53",18.8,3.527361
43.514552,1.505731,"2013/12/08 15:28:54",18.8,3.532588
43.514549,1.505795,"2013/12/08 15:28:55",18.8,3.537816
43.514545,1.50586,"2013/12/08 15:28:56",18.8,3.543044
43.514542,1.505925,"2013/12/08 15:28:57",18.8,3.548272
43.514529,1.505982,"2013/12/08 15:28:58",17.5,3.553142
43.514516,1.50604,"2013/12/08 15:28:59",17.5,3.558011
43.514503,1.506097,"2013/12/08 15:29:00",17.5,3.56288
43.514489,1.506155,"2013/12/08 15:29:01",17.5,3.56775
43.514476,1.506212,"2013/12/08 15:29:02",17.5,3.572619
43.514463,1.506269,"2013/12/08 15:29:03",17.5,3.577488
43.514477,1.506319,"2013/12/08 15:29:04",15.4,3.581761
43.514492,1.506368,"2013/12/08 15:29:05",15.4,3.586034
43.514506,1.506417,"2013/12/08 15:29:06",15.4,3.590307
43.514521,1.506466,"2013/12/08 15:29:07",15.4,3.59458
43.514535,1.506515,"2013/12/08 15:29:08",15.4,3.598853
43.514566,1.506563,"2013/12/08 15:29:09",18.6,3.604017
43.514596,1.506612,"2013/12/08 15:29:10",18.6,3.609181
43.514606,1.506678,"2013/12/08 15:29:11",19.9,3.614696
43.514617,1.506745,"2013/12/08 15:29:12",19.9,3.620212
43.514627,1.506812,"2013/12/08 15:29:13",19.9,3.625727
43.514638,1.506879,"2013/12/08 15:29:14",19.9,3.631242
43.514645,1.506949,"2013/12/08 15:29:15",20.5,3.63695
43.514653,1.507019,"2013/12/08 15:29:16",20.5,3.642658
43.514661,1.507088,"2013/12/08 15:29:17",20.5,3.648366
43.514669,1.507158,"2013/12/08 15:29:18",20.5,3.654074
43.514677,1.507228,"2013/12/08 15:29:19",20.5,3.659782
43.514685,1.507298,"2013/12/08 15:29:20",20.5,3.66549
43.514692,1.507368,"2013/12/08 15:29:21",20.5,3.671198
43.5147,1.507438,"2013/12/08 15:29:22",20.5,3.676906
43.514718,1.507504,"2013/12/08 15:29:23",20.5,3.682596
43.514736,1.50757,"2013/12/08 15:29:24",20.5,3.688285
43.514754,1.507636,"2013/12/08 15:29:25",20.5,3.693975
43.514772,1.507702,"2013/12/08 15:29:26",20.5,3.699665
43.514788,1.50777,"2013/12/08 15:29:27",20.7,3.705416
43.514803,1.507838,"2013/12/08 15:29:28",20.7,3.711167
43.514818,1.507906,"2013/12/08 15:29:29",20.7,3.716918
43.514833,1.507974,"2013/12/08 15:29:30",20.7,3.722669
43.514848,1.508042,"2013/12/08 15:29:31",20.7,3.728421
43.514867,1.508108,"2013/12/08 15:29:32",20.4,3.734094
43.514885,1.508173,"2013/12/08 15:29:33",20.4,3.739767
43.514904,1.508239,"2013/12/08 15:29:34",20.4,3.74544
43.514922,1.508304,"2013/12/08 15:29:35",20.4,3.751113
43.51494,1.50837,"2013/12/08 15:29:36",20.4,3.756787
43.514959,1.508435,"2013/12/08 15:29:37",20.4,3.76246
43.514977,1.508501,"2013/12/08 15:29:38",20.4,3.768133
43.514995,1.508566,"2013/12/08 15:29:39",20.4,3.773806
43.515014,1.508632,"2013/12/08 15:29:40",20.4,3.779479
43.515032,1.508697,"2013/12/08 15:29:41",20.4,3.785152
43.515051,1.508763,"2013/12/08 15:29:42",20.4,3.790826
43.515069,1.508829,"2013/12/08 15:29:43",20.4,3.796499
43.515087,1.508894,"2013/12/08 15:29:44",20.4,3.802172
43.515106,1.50896,"2013/12/08 15:29:45",20.4,3.807845
43.51513,1.509021,"2013/12/08 15:29:46",20.3,3.813478
43.515154,1.509083,"2013/12/08 15:29:47",20.3,3.819111
43.515178,1.509144,"2013/12/08 15:29:48",20.3,3.824743
43.515202,1.509205,"2013/12/08 15:29:49",20.3,3.830376
43.515226,1.509267,"2013/12/08 15:29:50",20.3,3.836009
43.51525,1.509328,"2013/12/08 15:29:51",20.3,3.841642
43.515274,1.50939,"2013/12/08 15:29:52",20.3,3.847275
43.515298,1.509451,"2013/12/08 15:29:53",20.3,3.852907
43.515322,1.509513,"2013/12/08 15:29:54",20.3,3.85854
43.515346,1.509574,"2013/12/08 15:29:55",20.3,3.864173
43.51537,1.509635,"2013/12/08 15:29:56",20.3,3.869806
43.515394,1.509697,"2013/12/08 15:29:57",20.3,3.875439
43.515415,1.509753,"2013/12/08 15:29:58",18.5,3.880579
43.515437,1.509809,"2013/12/08 15:29:59",18.5,3.885719
43.515459,1.509865,"2013/12/08 15:30:00",18.5,3.890858
43.515481,1.509921,"2013/12/08 15:30:01",18.5,3.895998
43.515503,1.509977,"2013/12/08 15:30:02",18.5,3.901138
43.515525,1.510033,"2013/12/08 15:30:03",18.5,3.906278
43.515547,1.510089,"2013/12/08 15:30:04",18.5,3.911418
43.515569,1.510145,"2013/12/08 15:30:05",18.5,3.916558
43.515591,1.510201,"2013/12/08 15:30:06",18.5,3.921698
43.515613,1.510258,"2013/12/08 15:30:07",18.5,3.926838
43.515636,1.510313,"2013/12/08 15:30:08",18.6,3.932011
43.515659,1.510369,"2013/12/08 15:30:09",18.6,3.937184
43.515648,1.510427,"2013/12/08 15:30:10",17.4,3.942031
43.515638,1.510485,"2013/12/08 15:30:11",17.4,3.946878
43.515627,1.510543,"2013/12/08 15:30:12",17.4,3.951725
43.515617,1.510602,"2013/12/08 15:30:13",17.4,3.956572
43.515606,1.51066,"2013/12/08 15:30:14",17.4,3.961419
43.515596,1.510718,"2013/12/08 15:30:15",17.4,3.966266
43.515585,1.510777,"2013/12/08 15:30:16",17.4,3.971114
43.515574,1.510835,"2013/12/08 15:30:17",17.4,3.975961
43.515576,1.510849,"2013/12/08 15:30:18",4.1,3.97711
43.515578,1.510863,"2013/12/08 15:30:19",4.1,3.97826
43.51558,1.510877,"2013/12/08 15:30:20",4.1,3.97941
43.515604,1.510881,"2013/12/08 15:30:21",9.4,3.982032
43.515627,1.510884,"2013/12/08 15:30:22",9.4,3.984655
43.51565,1.510888,"2013/12/08 15:30:23",9.4,3.987277
43.515674,1.510892,"2013/12/08 15:30:24",9.4,3.9899
43.515697,1.510896,"2013/12/08 15:30:25",9.4,3.992522
43.515721,1.510899,"2013/12/08 15:30:26",9.4,3.995145
43.515744,1.510903,"2013/12/08 15:30:27",9.4,3.997767
43.515767,1.510907,"2013/12/08 15:30:28",9.4,4.00039
43.515791,1.510911,"2013/12/08 15:30:29",9.4,4.003012
43.515814,1.510914,"2013/12/08 15:30:30",9.4,4.005634
43.515838,1.510918,"2013/12/08 15:30:31",9.4,4.008257
43.515861,1.510922,"2013/12/08 15:30:32",9.4,4.010879
43.515884,1.510926,"2013/12/08 15:30:33",9.4,4.013502
43.515921,1.510939,"2013/12/08 15:30:34",15.2,4.017711
43.515958,1.510951,"2013/12/08 15:30:35",15.2,4.02192
43.515994,1.510964,"2013/12/08 15:30:36",15.2,4.026129
43.516031,1.510977,"2013/12/08 15:30:37",15.2,4.030339
43.516068,1.51099,"2013/12/08 15:30:38",15.2,4.034548
43.516104,1.511003,"2013/12/08 15:30:39",15.2,4.038757
43.516141,1.511016,"2013/12/08 15:30:40",15.2,4.042966
43.516154,1.511056,"2013/12/08 15:30:41",12.8,4.046513
43.516168,1.511096,"2013/12/08 15:30:42",12.8,4.050061
43.516182,1.511135,"2013/12/08 15:30:43",12.8,4.053608
43.516195,1.511175,"2013/12/08 15:30:44",12.8,4.057155
43.516209,1.511215,"2013/12/08 15:30:45",12.8,4.060702
43.516223,1.511254,"2013/12/08 15:30:46",12.8,4.064249
43.516236,1.511294,"2013/12/08 15:30:47",12.8,4.067796
43.516229,1.511341,"2013/12/08 15:30:48",13.9,4.071669
43.516222,1.511388,"2013/12/08 15:30:49",13.9,4.075541
43.516214,1.511438,"2013/12/08 15:30:50",14.9,4.079681
43.516206,1.511488,"2013/12/08 15:30:51",14.9,4.083822
43.516197,1.511538,"2013/12/08 15:30:52",14.9,4.087962
43.516189,1.511588,"2013/12/08 15:30:53",14.9,4.092102
43.51618,1.511638,"2013/12/08 15:30:54",14.9,4.096243
43.516172,1.511688,"2013/12/08 15:30:55",14.9,4.100383
43.516163,1.511738,"2013/12/08 15:30:56",14.9,4.104523
43.516155,1.511788,"2013/12/08 15:30:57",14.9,4.108664
43.516146,1.511838,"2013/12/08 15:30:58",14.9,4.112804
43.516138,1.511887,"2013/12/08 15:30:59",14.9,4.116945
43.516129,1.511937,"2013/12/08 15:31:00",14.9,4.121085
43.516121,1.511987,"2013/12/08 15:31:01",14.9,4.125225
43.516112,1.512037,"2013/12/08 15:31:02",14.9,4.129366
43.516104,1.512087,"2013/12/08 15:31:03",14.9,4.133506
43.516095,1.512137,"2013/12/08 15:31:04",14.9,4.137646
43.516087,1.512187,"2013/12/08 15:31:05",14.9,4.141787
43.516079,1.512237,"2013/12/08 15:31:06",15,4.145941
43.516071,1.512288,"2013/12/08 15:31:07",15,4.150094
43.516063,1.512338,"2013/12/08 15:31:08",15,4.154248
43.516055,1.512388,"2013/12/08 15:31:09",15,4.158402
43.516048,1.512439,"2013/12/08 15:31:10",15,4.162555
43.51604,1.512489,"2013/12/08 15:31:11",15,4.166709
43.516032,1.512539,"2013/12/08 15:31:12",15,4.170863
43.516024,1.51259,"2013/12/08 15:31:13",15,4.175016
43.516016,1.51264,"2013/12/08 15:31:14",15,4.17917
43.516008,1.51269,"2013/12/08 15:31:15",15,4.183324
43.516001,1.51274,"2013/12/08 15:31:16",15,4.187477
43.515993,1.512791,"2013/12/08 15:31:17",15,4.191631
43.515985,1.512841,"2013/12/08 15:31:18",15,4.195785
43.515976,1.512899,"2013/12/08 15:31:19",17.4,4.200613
43.515966,1.512958,"2013/12/08 15:31:20",17.4,4.205441
43.515957,1.513016,"2013/12/08 15:31:21",17.4,4.210269
43.515947,1.513075,"2013/12/08 15:31:22",17.4,4.215097
43.515938,1.513133,"2013/12/08 15:31:23",17.4,4.219926
43.515928,1.513191,"2013/12/08 15:31:24",17.4,4.224754
43.515919,1.51325,"2013/12/08 15:31:25",17.4,4.229582
43.515909,1.513308,"2013/12/08 15:31:26",17.4,4.23441
43.5159,1.513366,"2013/12/08 15:31:27",17.4,4.239238
43.515882,1.513427,"2013/12/08 15:31:28",19.1,4.244538
43.515864,1.513488,"2013/12/08 15:31:29",19.1,4.249837
43.515847,1.513549,"2013/12/08 15:31:30",19.1,4.255136
43.515829,1.51361,"2013/12/08 15:31:31",19.1,4.260436
43.515811,1.513671,"2013/12/08 15:31:32",19.1,4.265735
43.515793,1.513732,"2013/12/08 15:31:33",19.1,4.271034
43.515776,1.513793,"2013/12/08 15:31:34",19.1,4.276334
43.515758,1.513854,"2013/12/08 15:31:35",19.1,4.281633
43.515767,1.513907,"2013/12/08 15:31:36",15.9,4.286041
43.515776,1.51396,"2013/12/08 15:31:37",15.9,4.290449
43.515785,1.514013,"2013/12/08 15:31:38",15.9,4.294857
43.515794,1.514066,"2013/12/08 15:31:39",15.9,4.299264
43.515803,1.51412,"2013/12/08 15:31:40",15.9,4.303672
43.515829,1.514169,"2013/12/08 15:31:41",17.8,4.308611
43.515856,1.514218,"2013/12/08 15:31:42",17.8,4.31355
43.515882,1.514268,"2013/12/08 15:31:43",17.8,4.318489
43.515908,1.514317,"2013/12/08 15:31:44",17.8,4.323428
43.515934,1.514367,"2013/12/08 15:31:45",17.8,4.328367
43.51596,1.514416,"2013/12/08 15:31:46",17.8,4.333306
43.515987,1.514465,"2013/12/08 15:31:47",17.8,4.338245
43.516013,1.514515,"2013/12/08 15:31:48",17.8,4.343184
43.516039,1.514566,"2013/12/08 15:31:49",18.3,4.348272
43.516065,1.514618,"2013/12/08 15:31:50",18.3,4.353359
43.516091,1.51467,"2013/12/08 15:31:51",18.3,4.358446
43.516115,1.514717,"2013/12/08 15:31:52",16.7,4.363089
43.516139,1.514764,"2013/12/08 15:31:53",16.7,4.367731
43.516162,1.514812,"2013/12/08 15:31:54",16.7,4.372374
43.516186,1.514859,"2013/12/08 15:31:55",16.7,4.377016
43.51621,1.514906,"2013/12/08 15:31:56",16.7,4.381659
43.516233,1.514954,"2013/12/08 15:31:57",16.7,4.386301
43.516257,1.515001,"2013/12/08 15:31:58",16.7,4.390943
43.516281,1.515049,"2013/12/08 15:31:59",16.7,4.395586
43.516304,1.515096,"2013/12/08 15:32:00",16.7,4.400228
43.516328,1.515143,"2013/12/08 15:32:01",16.7,4.404871
43.516352,1.515191,"2013/12/08 15:32:02",16.7,4.409513
43.516375,1.515238,"2013/12/08 15:32:03",16.7,4.414156
43.516399,1.515285,"2013/12/08 15:32:04",16.7,4.418798
43.516423,1.515333,"2013/12/08 15:32:05",16.7,4.423441
43.516446,1.51538,"2013/12/08 15:32:06",16.7,4.428083
43.51647,1.515427,"2013/12/08 15:32:07",16.7,4.432725
43.516494,1.515475,"2013/12/08 15:32:08",16.7,4.437368
43.516518,1.515524,"2013/12/08 15:32:09",17.6,4.442254
43.516543,1.515574,"2013/12/08 15:32:10",17.6,4.44714
43.51657,1.515628,"2013/12/08 15:32:11",19,4.45241
43.516597,1.515682,"2013/12/08 15:32:12",19,4.45768
43.516624,1.515736,"2013/12/08 15:32:13",19,4.46295
43.51665,1.51579,"2013/12/08 15:32:14",19,4.46822
43.516677,1.515844,"2013/12/08 15:32:15",19,4.47349
43.516704,1.515898,"2013/12/08 15:32:16",19,4.47876
43.516731,1.515951,"2013/12/08 15:32:17",19,4.48403
43.516757,1.516005,"2013/12/08 15:32:18",19,4.4893
43.516784,1.516059,"2013/12/08 15:32:19",19,4.49457
43.516811,1.516113,"2013/12/08 15:32:20",19,4.499839
43.516837,1.516167,"2013/12/08 15:32:21",19,4.505109
43.51685,1.516224,"2013/12/08 15:32:22",17.2,4.509887
43.516862,1.51628,"2013/12/08 15:32:23",17.2,4.514664
43.516874,1.516337,"2013/12/08 15:32:24",17.2,4.519441
43.516886,1.516394,"2013/12/08 15:32:25",17.2,4.524218
43.516899,1.516455,"2013/12/08 15:32:26",18.4,4.529319
43.516912,1.516515,"2013/12/08 15:32:27",18.4,4.534421
43.516925,1.516576,"2013/12/08 15:32:28",18.4,4.539522
43.516937,1.516637,"2013/12/08 15:32:29",18.4,4.544624
43.51695,1.516697,"2013/12/08 15:32:30",18.4,4.549725
43.516963,1.516758,"2013/12/08 15:32:31",18.4,4.554827
43.516976,1.516819,"2013/12/08 15:32:32",18.4,4.559928
43.516988,1.516879,"2013/12/08 15:32:33",18.4,4.56503
43.517001,1.51694,"2013/12/08 15:32:34",18.4,4.570131
43.517014,1.517001,"2013/12/08 15:32:35",18.4,4.575232
43.517027,1.517062,"2013/12/08 15:32:36",18.4,4.580334
43.517065,1.517096,"2013/12/08 15:32:37",18.4,4.585434
43.517104,1.51713,"2013/12/08 15:32:38",18.4,4.590534
43.517142,1.517164,"2013/12/08 15:32:39",18.4,4.595633
43.517181,1.517198,"2013/12/08 15:32:40",18.4,4.600733
43.517219,1.517233,"2013/12/08 15:32:41",18.4,4.605833
43.517265,1.517233,"2013/12/08 15:32:42",18.2,4.61089
43.51731,1.517233,"2013/12/08 15:32:43",18.2,4.615946
43.517356,1.517234,"2013/12/08 15:32:44",18.2,4.621003
43.517401,1.517234,"2013/12/08 15:32:45",18.2,4.62606
43.517446,1.517235,"2013/12/08 15:32:46",18.2,4.631117
43.517492,1.517235,"2013/12/08 15:32:47",18.2,4.636174
43.517537,1.517235,"2013/12/08 15:32:48",18.2,4.64123
43.517583,1.517236,"2013/12/08 15:32:49",18.2,4.646287
43.517607,1.517208,"2013/12/08 15:32:50",12.6,4.649792
43.517632,1.517181,"2013/12/08 15:32:51",12.6,4.653297
43.517656,1.517154,"2013/12/08 15:32:52",12.6,4.656801
43.517681,1.517127,"2013/12/08 15:32:53",12.6,4.660306
43.517705,1.517099,"2013/12/08 15:32:54",12.6,4.663811
43.51773,1.517072,"2013/12/08 15:32:55",12.6,4.667315
43.517719,1.517024,"2013/12/08 15:32:56",14.5,4.671341
43.517709,1.516976,"2013/12/08 15:32:57",14.5,4.675367
43.517699,1.516929,"2013/12/08 15:32:58",14.5,4.679392
43.517688,1.516881,"2013/12/08 15:32:59",14.5,4.683418
43.517678,1.516833,"2013/12/08 15:33:00",14.5,4.687443
43.517668,1.516785,"2013/12/08 15:33:01",14.5,4.691469
43.517657,1.516738,"2013/12/08 15:33:02",14.5,4.695494
43.517647,1.51669,"2013/12/08 15:33:03",14.5,4.69952
43.517636,1.516642,"2013/12/08 15:33:04",14.5,4.703546
43.517626,1.516594,"2013/12/08 15:33:05",14.5,4.707571
43.517616,1.516546,"2013/12/08 15:33:06",14.5,4.711597
43.517605,1.516499,"2013/12/08 15:33:07",14.5,4.715622
43.517595,1.516451,"2013/12/08 15:33:08",14.5,4.719648
43.517593,1.516423,"2013/12/08 15:33:09",8.1,4.72191
43.51759,1.516395,"2013/12/08 15:33:10",8.1,4.724172
43.517588,1.516367,"2013/12/08 15:33:11",8.1,4.726434
43.517586,1.51634,"2013/12/08 15:33:12",8.1,4.728697
43.517583,1.516312,"2013/12/08 15:33:13",8.1,4.730959
43.517581,1.516284,"2013/12/08 15:33:14",8.1,4.733221
43.517579,1.516256,"2013/12/08 15:33:15",8.1,4.735483
43.517576,1.516228,"2013/12/08 15:33:16",8.1,4.737745
43.517598,1.516197,"2013/12/08 15:33:17",12.4,4.741191
43.517619,1.516166,"2013/12/08 15:33:18",12.4,4.744636
43.51764,1.516135,"2013/12/08 15:33:19",12.4,4.748081
43.517661,1.516104,"2013/12/08 15:33:20",12.4,4.751527
43.517682,1.516073,"2013/12/08 15:33:21",12.4,4.754972
43.517704,1.516042,"2013/12/08 15:33:22",12.4,4.758417
43.517725,1.516011,"2013/12/08 15:33:23",12.4,4.761862
43.517746,1.51598,"2013/12/08 15:33:24",12.4,4.765308
43.517767,1.515949,"2013/12/08 15:33:25",12.4,4.768753
43.517789,1.515918,"2013/12/08 15:33:26",12.4,4.772198
43.51781,1.515887,"2013/12/08 15:33:27",12.4,4.775644
43.517831,1.515855,"2013/12/08 15:33:28",12.4,4.779089
43.517852,1.515824,"2013/12/08 15:33:29",12.4,4.782534
43.517873,1.515793,"2013/12/08 15:33:30",12.4,4.785979
43.517895,1.515762,"2013/12/08 15:33:31",12.4,4.789425
43.517917,1.515725,"2013/12/08 15:33:32",13.9,4.793299
43.517939,1.515689,"2013/12/08 15:33:33",13.9,4.797173
43.517961,1.515652,"2013/12/08 15:33:34",13.9,4.801047
43.517984,1.515615,"2013/12/08 15:33:35",13.9,4.804921
43.518006,1.515578,"2013/12/08 15:33:36",13.9,4.808795
43.518028,1.515541,"2013/12/08 15:33:37",13.9,4.812669
43.518051,1.515504,"2013/12/08 15:33:38",13.9,4.816543
43.518073,1.515467,"2013/12/08 15:33:39",13.9,4.820417
43.518095,1.51543,"2013/12/08 15:33:40",13.9,4.824291
43.518117,1.515393,"2013/12/08 15:33:41",13.9,4.828165
43.51814,1.515356,"2013/12/08 15:33:42",13.9,4.832039
43.518162,1.51532,"2013/12/08 15:33:43",13.9,4.835913
43.518184,1.515283,"2013/12/08 15:33:44",13.9,4.839787
43.518206,1.515246,"2013/12/08 15:33:45",13.9,4.843661
43.518192,1.515204,"2013/12/08 15:33:46",13.5,4.847411
43.518178,1.515161,"2013/12/08 15:33:47",13.5,4.851161
43.518164,1.515119,"2013/12/08 15:33:48",13.5,4.85491
43.51815,1.515077,"2013/12/08 15:33:49",13.5,4.85866
43.518136,1.515035,"2013/12/08 15:33:50",13.5,4.86241
43.518122,1.514992,"2013/12/08 15:33:51",13.5,4.866159
43.518108,1.51495,"2013/12/08 15:33:52",13.5,4.869909
43.518094,1.514908,"2013/12/08 15:33:53",13.5,4.873659
43.51808,1.514866,"2013/12/08 15:33:54",13.5,4.877408
43.518066,1.514823,"2013/12/08 15:33:55",13.5,4.881158
43.518052,1.514781,"2013/12/08 15:33:56",13.5,4.884907
43.518038,1.514739,"2013/12/08 15:33:57",13.5,4.888657
43.518024,1.514697,"2013/12/08 15:33:58",13.5,4.892407
43.518013,1.514655,"2013/12/08 15:33:59",12.8,4.895974
43.518002,1.514614,"2013/12/08 15:34:00",12.8,4.899541
43.517991,1.514573,"2013/12/08 15:34:01",12.8,4.903108
43.517979,1.514531,"2013/12/08 15:34:02",12.8,4.906675
43.517968,1.51449,"2013/12/08 15:34:03",12.8,4.910242
43.517957,1.514448,"2013/12/08 15:34:04",12.8,4.913809
43.517946,1.514407,"2013/12/08 15:34:05",12.8,4.917376
43.517935,1.514366,"2013/12/08 15:34:06",12.8,4.920943
43.517923,1.514324,"2013/12/08 15:34:07",12.8,4.92451
43.517912,1.514283,"2013/12/08 15:34:08",12.8,4.928077
43.517901,1.514241,"2013/12/08 15:34:09",12.8,4.931644
43.51789,1.5142,"2013/12/08 15:34:10",12.8,4.935211
43.51788,1.514164,"2013/12/08 15:34:11",11.3,4.938353
43.517869,1.514127,"2013/12/08 15:34:12",11.3,4.941495
43.517859,1.514091,"2013/12/08 15:34:13",11.3,4.944637
43.517849,1.514055,"2013/12/08 15:34:14",11.3,4.947779
43.517839,1.514018,"2013/12/08 15:34:15",11.3,4.950921
43.517829,1.513982,"2013/12/08 15:34:16",11.3,4.954064
43.517818,1.513946,"2013/12/08 15:34:17",11.3,4.957206
43.517808,1.513909,"2013/12/08 15:34:18",11.3,4.960348
43.517798,1.513873,"2013/12/08 15:34:19",11.3,4.96349
43.517788,1.513837,"2013/12/08 15:34:20",11.3,4.966632
43.517778,1.513801,"2013/12/08 15:34:21",11.3,4.969775
43.517765,1.513758,"2013/12/08 15:34:22",13.4,4.973493
43.517753,1.513715,"2013/12/08 15:34:23",13.4,4.977211
43.51774,1.513673,"2013/12/08 15:34:24",13.4,4.980929
43.517727,1.51363,"2013/12/08 15:34:25",13.4,4.984647
43.517715,1.513587,"2013/12/08 15:34:26",13.4,4.988365
43.517702,1.513545,"2013/12/08 15:34:27",13.4,4.992084
43.517689,1.513502,"2013/12/08 15:34:28",13.4,4.995802
43.517677,1.513459,"2013/12/08 15:34:29",13.4,4.99952
43.517664,1.513417,"2013/12/08 15:34:30",13.4,5.003238
43.517651,1.513374,"2013/12/08 15:34:31",13.4,5.006956
43.517639,1.513332,"2013/12/08 15:34:32",13.4,5.010674
43.517626,1.513289,"2013/12/08 15:34:33",13.4,5.014393
43.517616,1.513242,"2013/12/08 15:34:34",14.3,5.018354
43.517605,1.513195,"2013/12/08 15:34:35",14.3,5.022315
43.517594,1.513148,"2013/12/08 15:34:36",14.3,5.026277
43.517584,1.513102,"2013/12/08 15:34:37",14.3,5.030238
43.517573,1.513055,"2013/12/08 15:34:38",14.3,5.0342
43.517563,1.513008,"2013/12/08 15:34:39",14.3,5.038161
43.517552,1.512961,"2013/12/08 15:34:40",14.3,5.042123
43.517541,1.512914,"2013/12/08 15:34:41",14.3,5.046084
43.517531,1.512867,"2013/12/08 15:34:42",14.3,5.050046
43.51752,1.51282,"2013/12/08 15:34:43",14.3,5.054007
43.51751,1.512774,"2013/12/08 15:34:44",14.3,5.057969
43.517499,1.512727,"2013/12/08 15:34:45",14.3,5.06193
43.517529,1.512713,"2013/12/08 15:34:46",12.6,5.065425
43.517559,1.5127,"2013/12/08 15:34:47",12.6,5.068919
43.517588,1.512686,"2013/12/08 15:34:48",12.6,5.072413
43.517618,1.512673,"2013/12/08 15:34:49",12.6,5.075908
43.517648,1.512659,"2013/12/08 15:34:50",12.6,5.079402
43.517678,1.512645,"2013/12/08 15:34:51",12.6,5.082896
43.517708,1.512632,"2013/12/08 15:34:52",12.6,5.086391
43.517738,1.512618,"2013/12/08 15:34:53",12.6,5.089885
43.517765,1.512621,"2013/12/08 15:34:54",10.9,5.092911
43.5178,1.512606,"2013/12/08 15:34:55",14.8,5.097014
43.517835,1.51259,"2013/12/08 15:34:56",14.8,5.101116
43.51787,1.512575,"2013/12/08 15:34:57",14.8,5.105218
43.517905,1.51256,"2013/12/08 15:34:58",14.8,5.10932
43.51794,1.512544,"2013/12/08 15:34:59",14.8,5.113423
43.517975,1.512529,"2013/12/08 15:35:00",14.8,5.117525
43.51801,1.512513,"2013/12/08 15:35:01",14.8,5.121627
43.518045,1.512498,"2013/12/08 15:35:02",14.8,5.125729
43.518081,1.512482,"2013/12/08 15:35:03",14.8,5.129831
43.518116,1.512467,"2013/12/08 15:35:04",14.8,5.133934
43.518151,1.512451,"2013/12/08 15:35:05",14.8,5.138036
43.518186,1.512436,"2013/12/08 15:35:06",14.8,5.142138
43.518227,1.512421,"2013/12/08 15:35:07",17.2,5.146919
43.518269,1.512406,"2013/12/08 15:35:08",17.2,5.151699
43.518311,1.512391,"2013/12/08 15:35:09",17.2,5.15648
43.518352,1.512377,"2013/12/08 15:35:10",17.2,5.16126
43.518394,1.512362,"2013/12/08 15:35:11",17.2,5.166041
43.518435,1.512347,"2013/12/08 15:35:12",17.2,5.170822
43.518477,1.512332,"2013/12/08 15:35:13",17.2,5.175602
43.518518,1.512317,"2013/12/08 15:35:14",17.2,5.180383
43.51856,1.512302,"2013/12/08 15:35:15",17.2,5.185163
43.518602,1.512287,"2013/12/08 15:35:16",17.2,5.189944
43.518643,1.512272,"2013/12/08 15:35:17",17.2,5.194725
43.518685,1.512258,"2013/12/08 15:35:18",17.2,5.199505
43.518726,1.512243,"2013/12/08 15:35:19",17.2,5.204286
43.518766,1.51223,"2013/12/08 15:35:20",16.5,5.208855
43.518806,1.512217,"2013/12/08 15:35:21",16.5,5.213425
43.518846,1.512205,"2013/12/08 15:35:22",16.5,5.217995
43.518886,1.512192,"2013/12/08 15:35:23",16.5,5.222564
43.518926,1.512179,"2013/12/08 15:35:24",16.5,5.227134
43.518966,1.512166,"2013/12/08 15:35:25",16.5,5.231704
43.519006,1.512154,"2013/12/08 15:35:26",16.5,5.236273
43.519046,1.512141,"2013/12/08 15:35:27",16.5,5.240843
43.519086,1.512128,"2013/12/08 15:35:28",16.5,5.245413
43.519126,1.512115,"2013/12/08 15:35:29",16.5,5.249982
43.519162,1.512105,"2013/12/08 15:35:30",14.6,5.254026
43.519197,1.512094,"2013/12/08 15:35:31",14.6,5.25807
43.519233,1.512084,"2013/12/08 15:35:32",14.6,5.262114
43.519268,1.512073,"2013/12/08 15:35:33",14.6,5.266158
43.519324,1.512039,"2013/12/08 15:35:34",24.5,5.272976
43.519381,1.512005,"2013/12/08 15:35:35",24.5,5.279794
43.519437,1.511972,"2013/12/08 15:35:36",24.5,5.286613
43.519422,1.511924,"2013/12/08 15:35:37",15,5.290785
43.519407,1.511877,"2013/12/08 15:35:38",15,5.294958
43.519392,1.511829,"2013/12/08 15:35:39",15,5.29913
43.519377,1.511782,"2013/12/08 15:35:40",15,5.303302
43.519363,1.511734,"2013/12/08 15:35:41",15,5.307475
43.519348,1.511687,"2013/12/08 15:35:42",15,5.311647
43.519333,1.511639,"2013/12/08 15:35:43",15,5.315819
43.519318,1.511592,"2013/12/08 15:35:44",15,5.319992
43.519303,1.511544,"2013/12/08 15:35:45",15,5.324164
43.519288,1.511497,"2013/12/08 15:35:46",15,5.328337
43.519283,1.511449,"2013/12/08 15:35:47",14.2,5.332274
43.519277,1.511401,"2013/12/08 15:35:48",14.2,5.336212
43.519272,1.511352,"2013/12/08 15:35:49",14.2,5.340149
43.519266,1.511304,"2013/12/08 15:35:50",14.2,5.344087
43.519261,1.511256,"2013/12/08 15:35:51",14.2,5.348025
43.519255,1.511208,"2013/12/08 15:35:52",14.2,5.351962
43.51925,1.51116,"2013/12/08 15:35:53",14.2,5.3559
43.519244,1.511111,"2013/12/08 15:35:54",14.2,5.359838
43.519239,1.511063,"2013/12/08 15:35:55",14.2,5.363775
43.519233,1.511015,"2013/12/08 15:35:56",14.2,5.367713
43.519228,1.510967,"2013/12/08 15:35:57",14.2,5.37165
43.519222,1.510919,"2013/12/08 15:35:58",14.2,5.375588
43.519217,1.510871,"2013/12/08 15:35:59",14.2,5.379526
43.519212,1.51081,"2013/12/08 15:36:00",17.7,5.38445
43.519206,1.510749,"2013/12/08 15:36:01",17.7,5.389375
43.519201,1.510689,"2013/12/08 15:36:02",17.7,5.3943
43.519196,1.510628,"2013/12/08 15:36:03",17.7,5.399225
43.519191,1.510568,"2013/12/08 15:36:04",17.7,5.40415
43.519186,1.510507,"2013/12/08 15:36:05",17.7,5.409075
43.519181,1.510446,"2013/12/08 15:36:06",17.7,5.414
43.519175,1.510386,"2013/12/08 15:36:07",17.7,5.418924
43.51917,1.510325,"2013/12/08 15:36:08",17.7,5.423849
43.519165,1.510265,"2013/12/08 15:36:09",17.7,5.428774
43.519154,1.510201,"2013/12/08 15:36:10",19.1,5.434084
43.519142,1.510137,"2013/12/08 15:36:11",19.1,5.439393
43.519131,1.510073,"2013/12/08 15:36:12",19.1,5.444702
43.519119,1.510009,"2013/12/08 15:36:13",19.1,5.450012
43.519108,1.509945,"2013/12/08 15:36:14",19.1,5.455321
43.519097,1.509881,"2013/12/08 15:36:15",19.1,5.46063
43.519085,1.509817,"2013/12/08 15:36:16",19.1,5.46594
43.519074,1.509754,"2013/12/08 15:36:17",19.1,5.471249
43.519063,1.50969,"2013/12/08 15:36:18",19.1,5.476559
43.519051,1.509626,"2013/12/08 15:36:19",19.1,5.481868
43.51904,1.509562,"2013/12/08 15:36:20",19.1,5.487177
43.519044,1.50951,"2013/12/08 15:36:21",15.2,5.491399
43.519049,1.509458,"2013/12/08 15:36:22",15.2,5.495621
43.519053,1.509406,"2013/12/08 15:36:23",15.2,5.499843
43.519058,1.509354,"2013/12/08 15:36:24",15.2,5.504065
43.519062,1.509302,"2013/12/08 15:36:25",15.2,5.508287
43.519067,1.50925,"2013/12/08 15:36:26",15.2,5.512508
43.519071,1.509199,"2013/12/08 15:36:27",15.2,5.51673
43.519103,1.509178,"2013/12/08 15:36:28",14.1,5.520657
43.519136,1.509158,"2013/12/08 15:36:29",14.1,5.524584
43.519168,1.509138,"2013/12/08 15:36:30",14.1,5.52851
43.519206,1.509105,"2013/12/08 15:36:31",18,5.533507
43.519244,1.509072,"2013/12/08 15:36:32",18,5.538503
43.519281,1.509039,"2013/12/08 15:36:33",18,5.5435
43.519319,1.509006,"2013/12/08 15:36:34",18,5.548496
43.519357,1.508973,"2013/12/08 15:36:35",18,5.553493
43.519395,1.508939,"2013/12/08 15:36:36",18,5.558489
43.519433,1.508906,"2013/12/08 15:36:37",18,5.563486
43.519471,1.508873,"2013/12/08 15:36:38",18,5.568482
43.519509,1.50884,"2013/12/08 15:36:39",18,5.573478
43.519547,1.508807,"2013/12/08 15:36:40",18,5.578475
43.519585,1.508774,"2013/12/08 15:36:41",18,5.583471
43.519623,1.508741,"2013/12/08 15:36:42",18,5.588468
43.519661,1.508708,"2013/12/08 15:36:43",18,5.593464
43.519684,1.508685,"2013/12/08 15:36:44",11.5,5.596656
43.519708,1.508663,"2013/12/08 15:36:45",11.5,5.599847
43.519758,1.508644,"2013/12/08 15:36:46",21,5.605671
43.519809,1.508625,"2013/12/08 15:36:47",21,5.611495
43.519859,1.508605,"2013/12/08 15:36:48",21,5.617318
43.51991,1.508586,"2013/12/08 15:36:49",21,5.623142
43.51996,1.508567,"2013/12/08 15:36:50",21,5.628966
43.519987,1.50853,"2013/12/08 15:36:51",15.3,5.633224
43.520014,1.508492,"2013/12/08 15:36:52",15.3,5.637483
43.520041,1.508455,"2013/12/08 15:36:53",15.3,5.641742
43.520068,1.508417,"2013/12/08 15:36:54",15.3,5.646001
43.520095,1.50838,"2013/12/08 15:36:55",15.3,5.65026
43.520122,1.508342,"2013/12/08 15:36:56",15.3,5.654518
43.520149,1.508305,"2013/12/08 15:36:57",15.3,5.658777
43.520176,1.508268,"2013/12/08 15:36:58",15.3,5.663036
43.520203,1.50823,"2013/12/08 15:36:59",15.3,5.667295
43.52023,1.508193,"2013/12/08 15:37:00",15.3,5.671553
43.520259,1.508154,"2013/12/08 15:37:01",16.4,5.6761
43.520289,1.508116,"2013/12/08 15:37:02",16.4,5.680647
43.520319,1.508077,"2013/12/08 15:37:03",16.4,5.685193
43.520349,1.508039,"2013/12/08 15:37:04",16.4,5.68974
43.520379,1.508,"2013/12/08 15:37:05",16.4,5.694287
43.520409,1.507962,"2013/12/08 15:37:06",16.4,5.698833
43.520439,1.507924,"2013/12/08 15:37:07",16.4,5.70338
43.520468,1.507885,"2013/12/08 15:37:08",16.4,5.707927
43.520498,1.507847,"2013/12/08 15:37:09",16.4,5.712473
43.520528,1.507808,"2013/12/08 15:37:10",16.4,5.71702
43.520565,1.507779,"2013/12/08 15:37:11",17.1,5.721767
43.520602,1.507749,"2013/12/08 15:37:12",17.1,5.726515
43.520639,1.50772,"2013/12/08 15:37:13",17.1,5.731262
43.520676,1.507691,"2013/12/08 15:37:14",17.1,5.73601
43.520766,1.507681,"2013/12/08 15:37:15",36.1,5.746025
43.520855,1.507671,"2013/12/08 15:37:16",36.1,5.75604
43.520892,1.50763,"2013/12/08 15:37:17",19.1,5.761346
43.52093,1.507589,"2013/12/08 15:37:18",19.1,5.766652
43.520967,1.507548,"2013/12/08 15:37:19",19.1,5.771958
43.521004,1.507507,"2013/12/08 15:37:20",19.1,5.777264
43.521041,1.507466,"2013/12/08 15:37:21",19.1,5.78257
43.521078,1.507425,"2013/12/08 15:37:22",19.1,5.787876
43.521116,1.507384,"2013/12/08 15:37:23",19.1,5.793182
43.521153,1.507342,"2013/12/08 15:37:24",19.1,5.798488
43.52119,1.507301,"2013/12/08 15:37:25",19.1,5.803794
43.521227,1.50726,"2013/12/08 15:37:26",19.1,5.8091
43.521264,1.507219,"2013/12/08 15:37:27",19.1,5.814406
43.521296,1.507183,"2013/12/08 15:37:28",16.4,5.818949
43.521327,1.507147,"2013/12/08 15:37:29",16.4,5.823493
43.521358,1.507111,"2013/12/08 15:37:30",16.4,5.828037
43.52139,1.507075,"2013/12/08 15:37:31",16.4,5.832581
43.521421,1.507038,"2013/12/08 15:37:32",16.4,5.837125
43.521451,1.507055,"2013/12/08 15:37:33",13,5.84074
43.521481,1.507072,"2013/12/08 15:37:34",13,5.844355
43.521511,1.507089,"2013/12/08 15:37:35",13,5.84797
43.521541,1.507106,"2013/12/08 15:37:36",13,5.851585
43.521571,1.507123,"2013/12/08 15:37:37",13,5.8552
43.521601,1.50714,"2013/12/08 15:37:38",13,5.858815
43.521631,1.507157,"2013/12/08 15:37:39",13,5.86243
43.521661,1.507174,"2013/12/08 15:37:40",13,5.866045
43.52168,1.507194,"2013/12/08 15:37:41",9.5,5.86869
43.521699,1.507214,"2013/12/08 15:37:42",9.5,5.871335
43.521718,1.507235,"2013/12/08 15:37:43",9.5,5.87398
43.521736,1.507255,"2013/12/08 15:37:44",9.5,5.876624
43.521755,1.507275,"2013/12/08 15:37:45",9.5,5.879269
43.521774,1.507295,"2013/12/08 15:37:46",9.5,5.881914
43.521792,1.507315,"2013/12/08 15:37:47",9.5,5.884558
43.521811,1.507335,"2013/12/08 15:37:48",9.5,5.887203
43.521827,1.507367,"2013/12/08 15:37:49",11,5.89027
43.521842,1.507398,"2013/12/08 15:37:50",11,5.893338
43.521858,1.507429,"2013/12/08 15:37:51",11,5.896405
43.521874,1.507461,"2013/12/08 15:37:52",11,5.899472
43.521881,1.507488,"2013/12/08 15:37:53",8.4,5.901797
43.521888,1.507515,"2013/12/08 15:37:54",8.4,5.904123
43.521895,1.507542,"2013/12/08 15:37:55",8.4,5.906448
43.521902,1.507569,"2013/12/08 15:37:56",8.4,5.908774
43.521909,1.507596,"2013/12/08 15:37:57",8.4,5.911099
43.521915,1.507624,"2013/12/08 15:37:58",8.4,5.913424
43.521922,1.507651,"2013/12/08 15:37:59",8.4,5.91575
43.521929,1.507678,"2013/12/08 15:38:00",8.4,5.918075
43.521936,1.507705,"2013/12/08 15:38:01",8.4,5.9204
43.521943,1.507732,"2013/12/08 15:38:02",8.4,5.922726
43.52195,1.507759,"2013/12/08 15:38:03",8.4,5.925051
43.521957,1.507787,"2013/12/08 15:38:04",8.4,5.927377
43.521964,1.507814,"2013/12/08 15:38:05",8.4,5.929702
43.521983,1.507847,"2013/12/08 15:38:06",12.3,5.933119
43.522002,1.50788,"2013/12/08 15:38:07",12.3,5.936537
43.522021,1.507914,"2013/12/08 15:38:08",12.3,5.939954
43.52204,1.507947,"2013/12/08 15:38:09",12.3,5.943372
43.522059,1.50798,"2013/12/08 15:38:10",12.3,5.946789
43.522078,1.508013,"2013/12/08 15:38:11",12.3,5.950206
43.522097,1.508047,"2013/12/08 15:38:12",12.3,5.953624
43.522125,1.508073,"2013/12/08 15:38:13",13.5,5.957375
43.522153,1.508099,"2013/12/08 15:38:14",13.5,5.961127
43.522181,1.508125,"2013/12/08 15:38:15",13.5,5.964878
43.522209,1.508151,"2013/12/08 15:38:16",13.5,5.96863
43.522236,1.508177,"2013/12/08 15:38:17",13.5,5.972381
43.522264,1.508203,"2013/12/08 15:38:18",13.5,5.976132
43.522292,1.508229,"2013/12/08 15:38:19",13.5,5.979884
43.52232,1.508255,"2013/12/08 15:38:20",13.5,5.983635
43.522348,1.508281,"2013/12/08 15:38:21",13.5,5.987387
43.522376,1.508307,"2013/12/08 15:38:22",13.5,5.991138
43.522404,1.508333,"2013/12/08 15:38:23",13.5,5.99489
43.522432,1.508359,"2013/12/08 15:38:24",13.5,5.998641
43.522439,1.50837,"2013/12/08 15:38:25",4.1,5.999794
43.522446,1.50838,"2013/12/08 15:38:26",4.1,6.000946
43.522452,1.508391,"2013/12/08 15:38:27",4.1,6.002099
43.522473,1.508374,"2013/12/08 15:38:28",9.6,6.00477
43.522494,1.508358,"2013/12/08 15:38:29",9.6,6.007441
43.522514,1.508341,"2013/12/08 15:38:30",9.6,6.010112
43.522542,1.508317,"2013/12/08 15:38:31",12.9,6.013698
43.522569,1.508294,"2013/12/08 15:38:32",12.9,6.017284
43.522597,1.508271,"2013/12/08 15:38:33",12.9,6.020871
43.522624,1.508247,"2013/12/08 15:38:34",12.9,6.024457
43.522651,1.508224,"2013/12/08 15:38:35",12.9,6.028043
43.522679,1.508201,"2013/12/08 15:38:36",12.9,6.031629
43.522706,1.508177,"2013/12/08 15:38:37",12.9,6.035216
43.52273,1.508151,"2013/12/08 15:38:38",12.2,6.038602
43.522754,1.508125,"2013/12/08 15:38:39",12.2,6.041988
43.522778,1.508099,"2013/12/08 15:38:40",12.2,6.045374
43.522802,1.508073,"2013/12/08 15:38:41",12.2,6.04876
43.522825,1.508047,"2013/12/08 15:38:42",12.2,6.052147
43.522849,1.508021,"2013/12/08 15:38:43",12.2,6.055533
43.522885,1.507994,"2013/12/08 15:38:44",16.4,6.060087
43.522921,1.507967,"2013/12/08 15:38:45",16.4,6.064641
43.522957,1.50794,"2013/12/08 15:38:46",16.4,6.069195
43.522993,1.507913,"2013/12/08 15:38:47",16.4,6.073749
43.523029,1.507886,"2013/12/08 15:38:48",16.4,6.078303
43.523065,1.507859,"2013/12/08 15:38:49",16.4,6.082857
43.523089,1.507837,"2013/12/08 15:38:50",11.5,6.086055
43.523112,1.507814,"2013/12/08 15:38:51",11.5,6.089252
43.523136,1.507792,"2013/12/08 15:38:52",11.5,6.09245
43.52316,1.50777,"2013/12/08 15:38:53",11.5,6.095648
43.523183,1.507747,"2013/12/08 15:38:54",11.5,6.098846
43.523207,1.507725,"2013/12/08 15:38:55",11.5,6.102044
43.523231,1.507702,"2013/12/08 15:38:56",11.5,6.105242
43.523254,1.50768,"2013/12/08 15:38:57",11.5,6.10844
43.523278,1.507657,"2013/12/08 15:38:58",11.5,6.111637
43.523282,1.507615,"2013/12/08 15:38:59",12.4,6.115078
43.523287,1.507573,"2013/12/08 15:39:00",12.4,6.118518
43.523273,1.507511,"2013/12/08 15:39:01",18.9,6.123758
43.52326,1.507448,"2013/12/08 15:39:02",18.9,6.128997
43.523246,1.507386,"2013/12/08 15:39:03",18.9,6.134236
43.523233,1.507324,"2013/12/08 15:39:04",18.9,6.139476
43.523219,1.507262,"2013/12/08 15:39:05",18.9,6.144715
43.523206,1.5072,"2013/12/08 15:39:06",18.9,6.149954
43.523193,1.507138,"2013/12/08 15:39:07",18.9,6.155194
43.52318,1.507076,"2013/12/08 15:39:08",18.6,6.16037
43.523168,1.507014,"2013/12/08 15:39:09",18.6,6.165546
43.523155,1.506952,"2013/12/08 15:39:10",18.6,6.170723
43.523143,1.50689,"2013/12/08 15:39:11",18.6,6.175899
43.52313,1.506829,"2013/12/08 15:39:12",18.6,6.181075
43.523118,1.506767,"2013/12/08 15:39:13",18.6,6.186252
43.523105,1.506705,"2013/12/08 15:39:14",18.6,6.191428
43.523093,1.506643,"2013/12/08 15:39:15",18.6,6.196604
43.52308,1.506582,"2013/12/08 15:39:16",18.6,6.20178
43.523068,1.50652,"2013/12/08 15:39:17",18.6,6.206957
43.523055,1.506458,"2013/12/08 15:39:18",18.6,6.212133
43.523043,1.506396,"2013/12/08 15:39:19",18.6,6.217309
43.52303,1.506334,"2013/12/08 15:39:20",18.6,6.222486
43.523004,1.506285,"2013/12/08 15:39:21",17.7,6.227405
43.522978,1.506236,"2013/12/08 15:39:22",17.7,6.232325
43.522952,1.506187,"2013/12/08 15:39:23",17.7,6.237244
43.522926,1.506137,"2013/12/08 15:39:24",17.7,6.242163
43.5229,1.506088,"2013/12/08 15:39:25",17.7,6.247083
43.522874,1.506039,"2013/12/08 15:39:26",17.7,6.252002
43.522848,1.505989,"2013/12/08 15:39:27",17.7,6.256922
43.522822,1.50594,"2013/12/08 15:39:28",17.7,6.261841
43.522796,1.505891,"2013/12/08 15:39:29",17.7,6.266761
43.52277,1.505841,"2013/12/08 15:39:30",17.7,6.27168
43.522744,1.505792,"2013/12/08 15:39:31",17.7,6.276599
43.522712,1.505753,"2013/12/08 15:39:32",17.4,6.281426
43.522679,1.505714,"2013/12/08 15:39:33",17.4,6.286252
43.522646,1.505675,"2013/12/08 15:39:34",17.4,6.291078
43.522613,1.505636,"2013/12/08 15:39:35",17.4,6.295904
43.52258,1.505597,"2013/12/08 15:39:36",17.4,6.30073
43.522547,1.505558,"2013/12/08 15:39:37",17.4,6.305556
43.522515,1.505519,"2013/12/08 15:39:38",17.4,6.310383
43.522482,1.50548,"2013/12/08 15:39:39",17.4,6.315209
43.522449,1.505441,"2013/12/08 15:39:40",17.4,6.320035
43.522416,1.505402,"2013/12/08 15:39:41",17.4,6.324861
43.522383,1.505363,"2013/12/08 15:39:42",17.4,6.329687
43.522351,1.505323,"2013/12/08 15:39:43",17.4,6.334513
43.522318,1.505284,"2013/12/08 15:39:44",17.4,6.33934
43.522333,1.50526,"2013/12/08 15:39:45",9.4,6.341963
43.522348,1.505235,"2013/12/08 15:39:46",9.4,6.344587
43.522364,1.50521,"2013/12/08 15:39:47",9.4,6.347211
43.522379,1.505186,"2013/12/08 15:39:48",9.4,6.349834
43.522395,1.505161,"2013/12/08 15:39:49",9.4,6.352458
43.52241,1.505137,"2013/12/08 15:39:50",9.4,6.355081
43.522425,1.505112,"2013/12/08 15:39:51",9.4,6.357705
43.522441,1.505087,"2013/12/08 15:39:52",9.4,6.360329
43.522474,1.505096,"2013/12/08 15:39:53",13.5,6.364087
43.522507,1.505106,"2013/12/08 15:39:54",13.5,6.367846
43.52254,1.505115,"2013/12/08 15:39:55",13.5,6.371605
43.522573,1.505124,"2013/12/08 15:39:56",13.5,6.375363
43.522606,1.505133,"2013/12/08 15:39:57",13.5,6.379122
43.522639,1.505143,"2013/12/08 15:39:58",13.5,6.38288
43.522672,1.505152,"2013/12/08 15:39:59",13.5,6.386639
43.522705,1.505161,"2013/12/08 15:40:00",13.5,6.390398
43.522738,1.505171,"2013/12/08 15:40:01",13.5,6.394156
43.522771,1.50518,"2013/12/08 15:40:02",13.5,6.397915
43.522797,1.505196,"2013/12/08 15:40:03",11.1,6.401009
43.522822,1.505212,"2013/12/08 15:40:04",11.1,6.404103
43.522847,1.505229,"2013/12/08 15:40:05",11.1,6.407197
43.522872,1.505245,"2013/12/08 15:40:06",11.1,6.41029
43.522897,1.505261,"2013/12/08 15:40:07",11.1,6.413384
43.522922,1.505278,"2013/12/08 15:40:08",11.1,6.416478
43.522948,1.505294,"2013/12/08 15:40:09",11.1,6.419572
43.522973,1.50531,"2013/12/08 15:40:10",11.1,6.422666
43.522999,1.50532,"2013/12/08 15:40:11",10.9,6.425695
43.523025,1.505329,"2013/12/08 15:40:12",10.9,6.428725
43.523052,1.505339,"2013/12/08 15:40:13",10.9,6.431754
43.523078,1.505349,"2013/12/08 15:40:14",10.9,6.434784
43.523104,1.505358,"2013/12/08 15:40:15",10.9,6.437813
43.523131,1.505368,"2013/12/08 15:40:16",10.9,6.440843
43.523157,1.505377,"2013/12/08 15:40:17",10.9,6.443872
43.523183,1.505387,"2013/12/08 15:40:18",10.9,6.446902
43.52321,1.505397,"2013/12/08 15:40:19",10.9,6.449931
43.523233,1.505394,"2013/12/08 15:40:20",9.5,6.452572
43.523257,1.505392,"2013/12/08 15:40:21",9.5,6.455213
43.52328,1.505389,"2013/12/08 15:40:22",9.5,6.457854
43.523304,1.505387,"2013/12/08 15:40:23",9.5,6.460494
43.523328,1.505385,"2013/12/08 15:40:24",9.5,6.463135
43.52335,1.505375,"2013/12/08 15:40:25",9.5,6.465774
43.523373,1.505364,"2013/12/08 15:40:26",9.5,6.468412
43.523395,1.505354,"2013/12/08 15:40:27",9.5,6.47105
43.523418,1.505344,"2013/12/08 15:40:28",9.5,6.473689
43.52344,1.505334,"2013/12/08 15:40:29",9.5,6.476327
43.523463,1.505324,"2013/12/08 15:40:30",9.5,6.478965
43.523485,1.505313,"2013/12/08 15:40:31",9.5,6.481604
43.523508,1.505303,"2013/12/08 15:40:32",9.5,6.484242
43.52353,1.505293,"2013/12/08 15:40:33",9.5,6.48688
